2026-08-16 16:10:04.934 +03:00 [INF] Starting CourseHub application...
2026-08-16 16:10:06.260 +03:00 [INF] User profile is available. Using 'C:\Users\ayman\AppData\Local\ASP.NET\DataProtection-Keys' as key repository and Windows DPAPI to encrypt keys at rest.
2026-08-16 16:10:07.226 +03:00 [WRN] No store type was specified for the decimal property 'Price' on entity type 'Course'. This will cause values to be silently truncated if they do not fit in the default precision and scale. Explicitly specify the SQL server column type that can accommodate all the values in 'OnModelCreating' using 'HasColumnType', specify precision and scale using 'HasPrecision', or configure a value converter using 'HasConversion'.
2026-08-16 16:10:08.197 +03:00 [INF] Executed DbCommand (109ms) [Parameters=[@normalizedName='?' (Size = 256)], CommandType='"Text"', CommandTimeout='30']
SELECT TOP(1) [a].[Id], [a].[ConcurrencyStamp], [a].[Name], [a].[NormalizedName]
FROM [AspNetRoles] AS [a]
WHERE [a].[NormalizedName] = @normalizedName
2026-08-16 16:10:08.275 +03:00 [INF] Executed DbCommand (4ms) [Parameters=[@normalizedName='?' (Size = 256)], CommandType='"Text"', CommandTimeout='30']
SELECT TOP(1) [a].[Id], [a].[ConcurrencyStamp], [a].[Name], [a].[NormalizedName]
FROM [AspNetRoles] AS [a]
WHERE [a].[NormalizedName] = @normalizedName
2026-08-16 16:10:08.278 +03:00 [INF] Executed DbCommand (0ms) [Parameters=[@normalizedName='?' (Size = 256)], CommandType='"Text"', CommandTimeout='30']
SELECT TOP(1) [a].[Id], [a].[ConcurrencyStamp], [a].[Name], [a].[NormalizedName]
FROM [AspNetRoles] AS [a]
WHERE [a].[NormalizedName] = @normalizedName
2026-08-16 16:10:08.293 +03:00 [INF] Executed DbCommand (3ms) [Parameters=[@normalizedEmail='?' (Size = 256)], CommandType='"Text"', CommandTimeout='30']
SELECT TOP(2) [a].[Id], [a].[AccessFailedCount], [a].[ConcurrencyStamp], [a].[Email], [a].[EmailConfirmed], [a].[FullName], [a].[LockoutEnabled], [a].[LockoutEnd], [a].[NormalizedEmail], [a].[NormalizedUserName], [a].[PasswordHash], [a].[PhoneNumber], [a].[PhoneNumberConfirmed], [a].[SecurityStamp], [a].[TwoFactorEnabled], [a].[UserName]
FROM [AspNetUsers] AS [a]
WHERE [a].[NormalizedEmail] = @normalizedEmail
2026-08-16 16:10:08.331 +03:00 [INF] CourseHub application started successfully.
2026-08-16 16:10:08.631 +03:00 [INF] Now listening on: https://localhost:7242
2026-08-16 16:10:08.631 +03:00 [INF] Now listening on: http://localhost:5164
2026-08-16 16:10:08.673 +03:00 [INF] Application started. Press Ctrl+C to shut down.
2026-08-16 16:10:08.674 +03:00 [INF] Hosting environment: Development
2026-08-16 16:10:08.675 +03:00 [INF] Content root path: D:\Real Projects\Mvc Projects\CourseHub\CourseHub
2026-08-16 16:10:09.561 +03:00 [INF] Request starting HTTP/2 GET https://localhost:7242/ - null null
2026-08-16 16:10:09.774 +03:00 [INF] Executed DbCommand (3ms) [Parameters=[@p='?' (Size = 450)], CommandType='"Text"', CommandTimeout='30']
SELECT TOP(1) [a].[Id], [a].[AccessFailedCount], [a].[ConcurrencyStamp], [a].[Email], [a].[EmailConfirmed], [a].[FullName], [a].[LockoutEnabled], [a].[LockoutEnd], [a].[NormalizedEmail], [a].[NormalizedUserName], [a].[PasswordHash], [a].[PhoneNumber], [a].[PhoneNumberConfirmed], [a].[SecurityStamp], [a].[TwoFactorEnabled], [a].[UserName]
FROM [AspNetUsers] AS [a]
WHERE [a].[Id] = @p
2026-08-16 16:10:09.814 +03:00 [INF] Executed DbCommand (3ms) [Parameters=[@user_Id='?' (Size = 450)], CommandType='"Text"', CommandTimeout='30']
SELECT [a].[Id], [a].[ClaimType], [a].[ClaimValue], [a].[UserId]
FROM [AspNetUserClaims] AS [a]
WHERE [a].[UserId] = @user_Id
2026-08-16 16:10:09.844 +03:00 [INF] Executed DbCommand (4ms) [Parameters=[@userId='?' (Size = 450)], CommandType='"Text"', CommandTimeout='30']
SELECT [a0].[Name]
FROM [AspNetUserRoles] AS [a]
INNER JOIN [AspNetRoles] AS [a0] ON [a].[RoleId] = [a0].[Id]
WHERE [a].[UserId] = @userId
2026-08-16 16:10:09.850 +03:00 [INF] Executed DbCommand (3ms) [Parameters=[@normalizedName='?' (Size = 256)], CommandType='"Text"', CommandTimeout='30']
SELECT TOP(1) [a].[Id], [a].[ConcurrencyStamp], [a].[Name], [a].[NormalizedName]
FROM [AspNetRoles] AS [a]
WHERE [a].[NormalizedName] = @normalizedName
2026-08-16 16:10:09.861 +03:00 [INF] Executed DbCommand (3ms) [Parameters=[@role_Id='?' (Size = 450)], CommandType='"Text"', CommandTimeout='30']
SELECT [a].[ClaimType], [a].[ClaimValue]
FROM [AspNetRoleClaims] AS [a]
WHERE [a].[RoleId] = @role_Id
2026-08-16 16:10:09.873 +03:00 [INF] Executing endpoint 'CourseHub.Controllers.HomeController.Index (CourseHub)'
2026-08-16 16:10:09.900 +03:00 [INF] Route matched with {action = "Index", controller = "Home"}. Executing controller action with signature System.Threading.Tasks.Task`1[Microsoft.AspNetCore.Mvc.IActionResult] Index() on controller CourseHub.Controllers.HomeController (CourseHub).
2026-08-16 16:10:09.949 +03:00 [INF] Executed DbCommand (5ms) [Parameters=[], CommandType='"Text"', CommandTimeout='30']
SELECT COUNT(*)
FROM [Courses] AS [c]
2026-08-16 16:10:09.962 +03:00 [INF] Executed DbCommand (3ms) [Parameters=[], CommandType='"Text"', CommandTimeout='30']
SELECT COUNT(*)
FROM [Categories] AS [c]
2026-08-16 16:10:10.013 +03:00 [INF] Executing ViewResult, running view Index.
2026-08-16 16:10:10.171 +03:00 [INF] Executed ViewResult - view Index executed in 160.2111ms.
2026-08-16 16:10:10.176 +03:00 [INF] Executed action CourseHub.Controllers.HomeController.Index (CourseHub) in 273.5316ms
2026-08-16 16:10:10.178 +03:00 [INF] Executed endpoint 'CourseHub.Controllers.HomeController.Index (CourseHub)'
2026-08-16 16:10:10.183 +03:00 [WRN] Unable to configure Browser Link script injection on the response. 
2026-08-16 16:10:10.187 +03:00 [WRN] Unable to configure browser refresh script injection on the response. Consider manually adding '<script src="/_framework/aspnetcore-browser-refresh.js"></script>' to the body of the page.
2026-08-16 16:10:10.196 +03:00 [INF] Request finished HTTP/2 GET https://localhost:7242/ - 200 null text/html; charset=utf-8 642.7465ms
2026-08-16 16:10:10.212 +03:00 [INF] Request starting HTTP/2 GET https://localhost:7242/css/site.css?v=nc0jC_Kw6kwK4gRNJjZwzooWL3HIk6FvwP1OAaRyyMU - null null
2026-08-16 16:10:10.232 +03:00 [INF] Sending file. Request path: '/css/site.css'. Physical path: 'D:\Real Projects\Mvc Projects\CourseHub\CourseHub\wwwroot\css\site.css'
2026-08-16 16:10:10.234 +03:00 [INF] Request finished HTTP/2 GET https://localhost:7242/css/site.css?v=nc0jC_Kw6kwK4gRNJjZwzooWL3HIk6FvwP1OAaRyyMU - 200 2301 text/css 21.9317ms
2026-08-16 16:11:44.954 +03:00 [INF] Starting CourseHub application...
2026-08-16 16:11:45.660 +03:00 [INF] User profile is available. Using 'C:\Users\ayman\AppData\Local\ASP.NET\DataProtection-Keys' as key repository and Windows DPAPI to encrypt keys at rest.
2026-08-16 16:11:46.198 +03:00 [WRN] No store type was specified for the decimal property 'Price' on entity type 'Course'. This will cause values to be silently truncated if they do not fit in the default precision and scale. Explicitly specify the SQL server column type that can accommodate all the values in 'OnModelCreating' using 'HasColumnType', specify precision and scale using 'HasPrecision', or configure a value converter using 'HasConversion'.
2026-08-16 16:11:46.914 +03:00 [INF] Executed DbCommand (54ms) [Parameters=[@normalizedName='?' (Size = 256)], CommandType='"Text"', CommandTimeout='30']
SELECT TOP(1) [a].[Id], [a].[ConcurrencyStamp], [a].[Name], [a].[NormalizedName]
FROM [AspNetRoles] AS [a]
WHERE [a].[NormalizedName] = @normalizedName
2026-08-16 16:11:47.001 +03:00 [INF] Executed DbCommand (2ms) [Parameters=[@normalizedName='?' (Size = 256)], CommandType='"Text"', CommandTimeout='30']
SELECT TOP(1) [a].[Id], [a].[ConcurrencyStamp], [a].[Name], [a].[NormalizedName]
FROM [AspNetRoles] AS [a]
WHERE [a].[NormalizedName] = @normalizedName
2026-08-16 16:11:47.003 +03:00 [INF] Executed DbCommand (0ms) [Parameters=[@normalizedName='?' (Size = 256)], CommandType='"Text"', CommandTimeout='30']
SELECT TOP(1) [a].[Id], [a].[ConcurrencyStamp], [a].[Name], [a].[NormalizedName]
FROM [AspNetRoles] AS [a]
WHERE [a].[NormalizedName] = @normalizedName
2026-08-16 16:11:47.027 +03:00 [INF] Executed DbCommand (8ms) [Parameters=[@normalizedEmail='?' (Size = 256)], CommandType='"Text"', CommandTimeout='30']
SELECT TOP(2) [a].[Id], [a].[AccessFailedCount], [a].[ConcurrencyStamp], [a].[Email], [a].[EmailConfirmed], [a].[FullName], [a].[LockoutEnabled], [a].[LockoutEnd], [a].[NormalizedEmail], [a].[NormalizedUserName], [a].[PasswordHash], [a].[PhoneNumber], [a].[PhoneNumberConfirmed], [a].[SecurityStamp], [a].[TwoFactorEnabled], [a].[UserName]
FROM [AspNetUsers] AS [a]
WHERE [a].[NormalizedEmail] = @normalizedEmail
2026-08-16 16:11:47.081 +03:00 [INF] CourseHub application started successfully.
2026-08-16 16:11:47.357 +03:00 [INF] Now listening on: https://localhost:7242
2026-08-16 16:11:47.358 +03:00 [INF] Now listening on: http://localhost:5164
2026-08-16 16:11:47.405 +03:00 [INF] Application started. Press Ctrl+C to shut down.
2026-08-16 16:11:47.406 +03:00 [INF] Hosting environment: Development
2026-08-16 16:11:47.406 +03:00 [INF] Content root path: D:\Real Projects\Mvc Projects\CourseHub\CourseHub
2026-08-16 16:11:48.520 +03:00 [INF] Request starting HTTP/2 GET https://localhost:7242/ - null null
2026-08-16 16:11:48.653 +03:00 [INF] Executing endpoint 'CourseHub.Controllers.HomeController.Index (CourseHub)'
2026-08-16 16:11:48.673 +03:00 [INF] Route matched with {action = "Index", controller = "Home"}. Executing controller action with signature System.Threading.Tasks.Task`1[Microsoft.AspNetCore.Mvc.IActionResult] Index() on controller CourseHub.Controllers.HomeController (CourseHub).
2026-08-16 16:11:48.766 +03:00 [INF] Executed DbCommand (3ms) [Parameters=[], CommandType='"Text"', CommandTimeout='30']
SELECT COUNT(*)
FROM [Courses] AS [c]
2026-08-16 16:11:48.774 +03:00 [INF] Executed DbCommand (2ms) [Parameters=[], CommandType='"Text"', CommandTimeout='30']
SELECT COUNT(*)
FROM [Categories] AS [c]
2026-08-16 16:11:48.826 +03:00 [INF] Executing ViewResult, running view Index.
2026-08-16 16:11:48.959 +03:00 [INF] Executed ViewResult - view Index executed in 135.8917ms.
2026-08-16 16:11:48.963 +03:00 [INF] Executed action CourseHub.Controllers.HomeController.Index (CourseHub) in 287.9268ms
2026-08-16 16:11:48.965 +03:00 [INF] Executed endpoint 'CourseHub.Controllers.HomeController.Index (CourseHub)'
2026-08-16 16:11:48.976 +03:00 [INF] Request finished HTTP/2 GET https://localhost:7242/ - 200 null text/html; charset=utf-8 464.8367ms
2026-08-16 16:11:48.992 +03:00 [INF] Request starting HTTP/2 GET https://localhost:7242/_framework/aspnetcore-browser-refresh.js - null null
2026-08-16 16:11:48.992 +03:00 [INF] Request starting HTTP/2 GET https://localhost:7242/css/site.css?v=SeShPz6hyH055D6u31Y5ssi2kpBgAeA5eSjPC2KE0nQ - null null
2026-08-16 16:11:48.992 +03:00 [INF] Request starting HTTP/2 GET https://localhost:7242/_vs/browserLink - null null
2026-08-16 16:11:48.999 +03:00 [INF] Request finished HTTP/2 GET https://localhost:7242/_framework/aspnetcore-browser-refresh.js - 200 14923 application/javascript; charset=utf-8 7.1021ms
2026-08-16 16:11:49.006 +03:00 [INF] Sending file. Request path: '/css/site.css'. Physical path: 'D:\Real Projects\Mvc Projects\CourseHub\CourseHub\wwwroot\css\site.css'
2026-08-16 16:11:49.007 +03:00 [INF] Request finished HTTP/2 GET https://localhost:7242/css/site.css?v=SeShPz6hyH055D6u31Y5ssi2kpBgAeA5eSjPC2KE0nQ - 200 2541 text/css 15.712ms
2026-08-16 16:11:49.030 +03:00 [INF] Request finished HTTP/2 GET https://localhost:7242/_vs/browserLink - 200 null text/javascript; charset=UTF-8 38.2354ms
2026-08-16 16:14:03.200 +03:00 [INF] Starting CourseHub application...
2026-08-16 16:14:03.704 +03:00 [INF] User profile is available. Using 'C:\Users\ayman\AppData\Local\ASP.NET\DataProtection-Keys' as key repository and Windows DPAPI to encrypt keys at rest.
2026-08-16 16:14:04.176 +03:00 [WRN] No store type was specified for the decimal property 'Price' on entity type 'Course'. This will cause values to be silently truncated if they do not fit in the default precision and scale. Explicitly specify the SQL server column type that can accommodate all the values in 'OnModelCreating' using 'HasColumnType', specify precision and scale using 'HasPrecision', or configure a value converter using 'HasConversion'.
2026-08-16 16:14:04.745 +03:00 [INF] Executed DbCommand (43ms) [Parameters=[@normalizedName='?' (Size = 256)], CommandType='"Text"', CommandTimeout='30']
SELECT TOP(1) [a].[Id], [a].[ConcurrencyStamp], [a].[Name], [a].[NormalizedName]
FROM [AspNetRoles] AS [a]
WHERE [a].[NormalizedName] = @normalizedName
2026-08-16 16:14:04.822 +03:00 [INF] Executed DbCommand (2ms) [Parameters=[@normalizedName='?' (Size = 256)], CommandType='"Text"', CommandTimeout='30']
SELECT TOP(1) [a].[Id], [a].[ConcurrencyStamp], [a].[Name], [a].[NormalizedName]
FROM [AspNetRoles] AS [a]
WHERE [a].[NormalizedName] = @normalizedName
2026-08-16 16:14:04.824 +03:00 [INF] Executed DbCommand (0ms) [Parameters=[@normalizedName='?' (Size = 256)], CommandType='"Text"', CommandTimeout='30']
SELECT TOP(1) [a].[Id], [a].[ConcurrencyStamp], [a].[Name], [a].[NormalizedName]
FROM [AspNetRoles] AS [a]
WHERE [a].[NormalizedName] = @normalizedName
2026-08-16 16:14:04.837 +03:00 [INF] Executed DbCommand (4ms) [Parameters=[@normalizedEmail='?' (Size = 256)], CommandType='"Text"', CommandTimeout='30']
SELECT TOP(2) [a].[Id], [a].[AccessFailedCount], [a].[ConcurrencyStamp], [a].[Email], [a].[EmailConfirmed], [a].[FullName], [a].[LockoutEnabled], [a].[LockoutEnd], [a].[NormalizedEmail], [a].[NormalizedUserName], [a].[PasswordHash], [a].[PhoneNumber], [a].[PhoneNumberConfirmed], [a].[SecurityStamp], [a].[TwoFactorEnabled], [a].[UserName]
FROM [AspNetUsers] AS [a]
WHERE [a].[NormalizedEmail] = @normalizedEmail
2026-08-16 16:14:04.868 +03:00 [INF] CourseHub application started successfully.
2026-08-16 16:14:05.035 +03:00 [INF] Now listening on: https://localhost:7242
2026-08-16 16:14:05.036 +03:00 [INF] Now listening on: http://localhost:5164
2026-08-16 16:14:05.078 +03:00 [INF] Application started. Press Ctrl+C to shut down.
2026-08-16 16:14:05.078 +03:00 [INF] Hosting environment: Development
2026-08-16 16:14:05.079 +03:00 [INF] Content root path: D:\Real Projects\Mvc Projects\CourseHub\CourseHub
2026-08-16 16:14:05.388 +03:00 [INF] Request starting HTTP/2 GET https://localhost:7242/ - null null
2026-08-16 16:14:05.557 +03:00 [INF] Executing endpoint 'CourseHub.Controllers.HomeController.Index (CourseHub)'
2026-08-16 16:14:05.573 +03:00 [INF] Route matched with {action = "Index", controller = "Home"}. Executing controller action with signature System.Threading.Tasks.Task`1[Microsoft.AspNetCore.Mvc.IActionResult] Index() on controller CourseHub.Controllers.HomeController (CourseHub).
2026-08-16 16:14:05.670 +03:00 [INF] Executed DbCommand (4ms) [Parameters=[], CommandType='"Text"', CommandTimeout='30']
SELECT COUNT(*)
FROM [Courses] AS [c]
2026-08-16 16:14:05.678 +03:00 [INF] Executed DbCommand (2ms) [Parameters=[], CommandType='"Text"', CommandTimeout='30']
SELECT COUNT(*)
FROM [Categories] AS [c]
2026-08-16 16:14:05.724 +03:00 [INF] Executing ViewResult, running view Index.
2026-08-16 16:14:05.846 +03:00 [INF] Executed ViewResult - view Index executed in 124.9064ms.
2026-08-16 16:14:05.850 +03:00 [INF] Executed action CourseHub.Controllers.HomeController.Index (CourseHub) in 275.7915ms
2026-08-16 16:14:05.852 +03:00 [INF] Executed endpoint 'CourseHub.Controllers.HomeController.Index (CourseHub)'
2026-08-16 16:14:05.863 +03:00 [INF] Request finished HTTP/2 GET https://localhost:7242/ - 200 null text/html; charset=utf-8 484.2644ms
2026-08-16 16:14:05.877 +03:00 [INF] Request starting HTTP/2 GET https://localhost:7242/_framework/aspnetcore-browser-refresh.js - null null
2026-08-16 16:14:05.877 +03:00 [INF] Request starting HTTP/2 GET https://localhost:7242/css/site.css?v=o7h2qK1XXLZpSeK0I4kOh41-26tvRkYihedmTN8SWDY - null null
2026-08-16 16:14:05.879 +03:00 [INF] Request starting HTTP/2 GET https://localhost:7242/_vs/browserLink - null null
2026-08-16 16:14:05.885 +03:00 [INF] Request finished HTTP/2 GET https://localhost:7242/_framework/aspnetcore-browser-refresh.js - 200 14923 application/javascript; charset=utf-8 9.3619ms
2026-08-16 16:14:05.897 +03:00 [INF] Sending file. Request path: '/css/site.css'. Physical path: 'D:\Real Projects\Mvc Projects\CourseHub\CourseHub\wwwroot\css\site.css'
2026-08-16 16:14:05.898 +03:00 [INF] Request finished HTTP/2 GET https://localhost:7242/css/site.css?v=o7h2qK1XXLZpSeK0I4kOh41-26tvRkYihedmTN8SWDY - 200 14120 text/css 21.8631ms
2026-08-16 16:14:05.918 +03:00 [INF] Request finished HTTP/2 GET https://localhost:7242/_vs/browserLink - 200 null text/javascript; charset=UTF-8 38.9965ms
2026-08-16 16:17:03.413 +03:00 [INF] Starting CourseHub application...
2026-08-16 16:17:03.904 +03:00 [INF] User profile is available. Using 'C:\Users\ayman\AppData\Local\ASP.NET\DataProtection-Keys' as key repository and Windows DPAPI to encrypt keys at rest.
2026-08-16 16:17:04.404 +03:00 [WRN] No store type was specified for the decimal property 'Price' on entity type 'Course'. This will cause values to be silently truncated if they do not fit in the default precision and scale. Explicitly specify the SQL server column type that can accommodate all the values in 'OnModelCreating' using 'HasColumnType', specify precision and scale using 'HasPrecision', or configure a value converter using 'HasConversion'.
2026-08-16 16:17:05.055 +03:00 [INF] Executed DbCommand (45ms) [Parameters=[@normalizedName='?' (Size = 256)], CommandType='"Text"', CommandTimeout='30']
SELECT TOP(1) [a].[Id], [a].[ConcurrencyStamp], [a].[Name], [a].[NormalizedName]
FROM [AspNetRoles] AS [a]
WHERE [a].[NormalizedName] = @normalizedName
2026-08-16 16:17:05.123 +03:00 [INF] Executed DbCommand (1ms) [Parameters=[@normalizedName='?' (Size = 256)], CommandType='"Text"', CommandTimeout='30']
SELECT TOP(1) [a].[Id], [a].[ConcurrencyStamp], [a].[Name], [a].[NormalizedName]
FROM [AspNetRoles] AS [a]
WHERE [a].[NormalizedName] = @normalizedName
2026-08-16 16:17:05.125 +03:00 [INF] Executed DbCommand (0ms) [Parameters=[@normalizedName='?' (Size = 256)], CommandType='"Text"', CommandTimeout='30']
SELECT TOP(1) [a].[Id], [a].[ConcurrencyStamp], [a].[Name], [a].[NormalizedName]
FROM [AspNetRoles] AS [a]
WHERE [a].[NormalizedName] = @normalizedName
2026-08-16 16:17:05.138 +03:00 [INF] Executed DbCommand (3ms) [Parameters=[@normalizedEmail='?' (Size = 256)], CommandType='"Text"', CommandTimeout='30']
SELECT TOP(2) [a].[Id], [a].[AccessFailedCount], [a].[ConcurrencyStamp], [a].[Email], [a].[EmailConfirmed], [a].[FullName], [a].[LockoutEnabled], [a].[LockoutEnd], [a].[NormalizedEmail], [a].[NormalizedUserName], [a].[PasswordHash], [a].[PhoneNumber], [a].[PhoneNumberConfirmed], [a].[SecurityStamp], [a].[TwoFactorEnabled], [a].[UserName]
FROM [AspNetUsers] AS [a]
WHERE [a].[NormalizedEmail] = @normalizedEmail
2026-08-16 16:17:05.169 +03:00 [INF] CourseHub application started successfully.
2026-08-16 16:17:05.319 +03:00 [INF] Now listening on: https://localhost:7242
2026-08-16 16:17:05.320 +03:00 [INF] Now listening on: http://localhost:5164
2026-08-16 16:17:05.354 +03:00 [INF] Application started. Press Ctrl+C to shut down.
2026-08-16 16:17:05.355 +03:00 [INF] Hosting environment: Development
2026-08-16 16:17:05.355 +03:00 [INF] Content root path: D:\Real Projects\Mvc Projects\CourseHub\CourseHub
2026-08-16 16:17:06.778 +03:00 [INF] Request starting HTTP/2 GET https://localhost:7242/ - null null
2026-08-16 16:17:06.880 +03:00 [INF] Executing endpoint 'CourseHub.Controllers.HomeController.Index (CourseHub)'
2026-08-16 16:17:06.893 +03:00 [INF] Route matched with {action = "Index", controller = "Home"}. Executing controller action with signature System.Threading.Tasks.Task`1[Microsoft.AspNetCore.Mvc.IActionResult] Index() on controller CourseHub.Controllers.HomeController (CourseHub).
2026-08-16 16:17:06.976 +03:00 [INF] Executed DbCommand (3ms) [Parameters=[], CommandType='"Text"', CommandTimeout='30']
SELECT COUNT(*)
FROM [Courses] AS [c]
2026-08-16 16:17:06.984 +03:00 [INF] Executed DbCommand (1ms) [Parameters=[], CommandType='"Text"', CommandTimeout='30']
SELECT COUNT(*)
FROM [Categories] AS [c]
2026-08-16 16:17:07.020 +03:00 [INF] Executing ViewResult, running view Index.
2026-08-16 16:17:07.121 +03:00 [INF] Executed ViewResult - view Index executed in 102.0492ms.
2026-08-16 16:17:07.125 +03:00 [INF] Executed action CourseHub.Controllers.HomeController.Index (CourseHub) in 230.8765ms
2026-08-16 16:17:07.127 +03:00 [INF] Executed endpoint 'CourseHub.Controllers.HomeController.Index (CourseHub)'
2026-08-16 16:17:07.137 +03:00 [INF] Request finished HTTP/2 GET https://localhost:7242/ - 200 null text/html; charset=utf-8 364.0023ms
2026-08-16 16:17:07.150 +03:00 [INF] Request starting HTTP/2 GET https://localhost:7242/_vs/browserLink - null null
2026-08-16 16:17:07.150 +03:00 [INF] Request starting HTTP/2 GET https://localhost:7242/css/site.css?v=Ub93QP4mdSK7jrgdpxJVTLwknQimmejMdY8ckYxeXKQ - null null
2026-08-16 16:17:07.150 +03:00 [INF] Request starting HTTP/2 GET https://localhost:7242/_framework/aspnetcore-browser-refresh.js - null null
2026-08-16 16:17:07.160 +03:00 [INF] Request finished HTTP/2 GET https://localhost:7242/_framework/aspnetcore-browser-refresh.js - 200 14923 application/javascript; charset=utf-8 10.5204ms
2026-08-16 16:17:07.168 +03:00 [INF] Sending file. Request path: '/css/site.css'. Physical path: 'D:\Real Projects\Mvc Projects\CourseHub\CourseHub\wwwroot\css\site.css'
2026-08-16 16:17:07.169 +03:00 [INF] Request finished HTTP/2 GET https://localhost:7242/css/site.css?v=Ub93QP4mdSK7jrgdpxJVTLwknQimmejMdY8ckYxeXKQ - 200 14095 text/css 18.6793ms
2026-08-16 16:17:07.181 +03:00 [INF] Request finished HTTP/2 GET https://localhost:7242/_vs/browserLink - 200 null text/javascript; charset=UTF-8 31.2527ms
2026-08-16 16:17:32.959 +03:00 [INF] Starting CourseHub application...
2026-08-16 16:17:33.405 +03:00 [INF] User profile is available. Using 'C:\Users\ayman\AppData\Local\ASP.NET\DataProtection-Keys' as key repository and Windows DPAPI to encrypt keys at rest.
2026-08-16 16:17:33.879 +03:00 [WRN] No store type was specified for the decimal property 'Price' on entity type 'Course'. This will cause values to be silently truncated if they do not fit in the default precision and scale. Explicitly specify the SQL server column type that can accommodate all the values in 'OnModelCreating' using 'HasColumnType', specify precision and scale using 'HasPrecision', or configure a value converter using 'HasConversion'.
2026-08-16 16:17:34.510 +03:00 [INF] Executed DbCommand (52ms) [Parameters=[@normalizedName='?' (Size = 256)], CommandType='"Text"', CommandTimeout='30']
SELECT TOP(1) [a].[Id], [a].[ConcurrencyStamp], [a].[Name], [a].[NormalizedName]
FROM [AspNetRoles] AS [a]
WHERE [a].[NormalizedName] = @normalizedName
2026-08-16 16:17:34.594 +03:00 [INF] Executed DbCommand (1ms) [Parameters=[@normalizedName='?' (Size = 256)], CommandType='"Text"', CommandTimeout='30']
SELECT TOP(1) [a].[Id], [a].[ConcurrencyStamp], [a].[Name], [a].[NormalizedName]
FROM [AspNetRoles] AS [a]
WHERE [a].[NormalizedName] = @normalizedName
2026-08-16 16:17:34.596 +03:00 [INF] Executed DbCommand (0ms) [Parameters=[@normalizedName='?' (Size = 256)], CommandType='"Text"', CommandTimeout='30']
SELECT TOP(1) [a].[Id], [a].[ConcurrencyStamp], [a].[Name], [a].[NormalizedName]
FROM [AspNetRoles] AS [a]
WHERE [a].[NormalizedName] = @normalizedName
2026-08-16 16:17:34.609 +03:00 [INF] Executed DbCommand (3ms) [Parameters=[@normalizedEmail='?' (Size = 256)], CommandType='"Text"', CommandTimeout='30']
SELECT TOP(2) [a].[Id], [a].[AccessFailedCount], [a].[ConcurrencyStamp], [a].[Email], [a].[EmailConfirmed], [a].[FullName], [a].[LockoutEnabled], [a].[LockoutEnd], [a].[NormalizedEmail], [a].[NormalizedUserName], [a].[PasswordHash], [a].[PhoneNumber], [a].[PhoneNumberConfirmed], [a].[SecurityStamp], [a].[TwoFactorEnabled], [a].[UserName]
FROM [AspNetUsers] AS [a]
WHERE [a].[NormalizedEmail] = @normalizedEmail
2026-08-16 16:17:34.641 +03:00 [INF] CourseHub application started successfully.
2026-08-16 16:17:34.800 +03:00 [INF] Now listening on: https://localhost:7242
2026-08-16 16:17:34.801 +03:00 [INF] Now listening on: http://localhost:5164
2026-08-16 16:17:34.832 +03:00 [INF] Application started. Press Ctrl+C to shut down.
2026-08-16 16:17:34.833 +03:00 [INF] Hosting environment: Development
2026-08-16 16:17:34.834 +03:00 [INF] Content root path: D:\Real Projects\Mvc Projects\CourseHub\CourseHub
2026-08-16 16:17:36.531 +03:00 [INF] Request starting HTTP/2 GET https://localhost:7242/ - null null
2026-08-16 16:17:36.639 +03:00 [INF] Executing endpoint 'CourseHub.Controllers.HomeController.Index (CourseHub)'
2026-08-16 16:17:36.653 +03:00 [INF] Route matched with {action = "Index", controller = "Home"}. Executing controller action with signature System.Threading.Tasks.Task`1[Microsoft.AspNetCore.Mvc.IActionResult] Index() on controller CourseHub.Controllers.HomeController (CourseHub).
2026-08-16 16:17:36.742 +03:00 [INF] Executed DbCommand (3ms) [Parameters=[], CommandType='"Text"', CommandTimeout='30']
SELECT COUNT(*)
FROM [Courses] AS [c]
2026-08-16 16:17:36.749 +03:00 [INF] Executed DbCommand (1ms) [Parameters=[], CommandType='"Text"', CommandTimeout='30']
SELECT COUNT(*)
FROM [Categories] AS [c]
2026-08-16 16:17:36.794 +03:00 [INF] Executing ViewResult, running view Index.
2026-08-16 16:17:36.903 +03:00 [INF] Executed ViewResult - view Index executed in 110.519ms.
2026-08-16 16:17:36.907 +03:00 [INF] Executed action CourseHub.Controllers.HomeController.Index (CourseHub) in 251.87ms
2026-08-16 16:17:36.909 +03:00 [INF] Executed endpoint 'CourseHub.Controllers.HomeController.Index (CourseHub)'
2026-08-16 16:17:36.920 +03:00 [INF] Request finished HTTP/2 GET https://localhost:7242/ - 200 null text/html; charset=utf-8 394.1918ms
2026-08-16 16:17:36.934 +03:00 [INF] Request starting HTTP/2 GET https://localhost:7242/css/site.css?v=o7h2qK1XXLZpSeK0I4kOh41-26tvRkYihedmTN8SWDY - null null
2026-08-16 16:17:36.934 +03:00 [INF] Request starting HTTP/2 GET https://localhost:7242/_framework/aspnetcore-browser-refresh.js - null null
2026-08-16 16:17:36.937 +03:00 [INF] Request starting HTTP/2 GET https://localhost:7242/_vs/browserLink - null null
2026-08-16 16:17:36.943 +03:00 [INF] Request finished HTTP/2 GET https://localhost:7242/_framework/aspnetcore-browser-refresh.js - 200 14923 application/javascript; charset=utf-8 8.2057ms
2026-08-16 16:17:36.981 +03:00 [INF] Sending file. Request path: '/css/site.css'. Physical path: 'D:\Real Projects\Mvc Projects\CourseHub\CourseHub\wwwroot\css\site.css'
2026-08-16 16:17:36.982 +03:00 [INF] Request finished HTTP/2 GET https://localhost:7242/css/site.css?v=o7h2qK1XXLZpSeK0I4kOh41-26tvRkYihedmTN8SWDY - 200 14120 text/css 47.7288ms
2026-08-16 16:17:36.996 +03:00 [INF] Request finished HTTP/2 GET https://localhost:7242/_vs/browserLink - 200 null text/javascript; charset=UTF-8 59.6526ms
2026-08-16 16:20:25.073 +03:00 [INF] Starting CourseHub application...
2026-08-16 16:20:25.525 +03:00 [INF] User profile is available. Using 'C:\Users\ayman\AppData\Local\ASP.NET\DataProtection-Keys' as key repository and Windows DPAPI to encrypt keys at rest.
2026-08-16 16:20:26.016 +03:00 [WRN] No store type was specified for the decimal property 'Price' on entity type 'Course'. This will cause values to be silently truncated if they do not fit in the default precision and scale. Explicitly specify the SQL server column type that can accommodate all the values in 'OnModelCreating' using 'HasColumnType', specify precision and scale using 'HasPrecision', or configure a value converter using 'HasConversion'.
2026-08-16 16:20:26.578 +03:00 [INF] Executed DbCommand (41ms) [Parameters=[@normalizedName='?' (Size = 256)], CommandType='"Text"', CommandTimeout='30']
SELECT TOP(1) [a].[Id], [a].[ConcurrencyStamp], [a].[Name], [a].[NormalizedName]
FROM [AspNetRoles] AS [a]
WHERE [a].[NormalizedName] = @normalizedName
2026-08-16 16:20:26.646 +03:00 [INF] Executed DbCommand (1ms) [Parameters=[@normalizedName='?' (Size = 256)], CommandType='"Text"', CommandTimeout='30']
SELECT TOP(1) [a].[Id], [a].[ConcurrencyStamp], [a].[Name], [a].[NormalizedName]
FROM [AspNetRoles] AS [a]
WHERE [a].[NormalizedName] = @normalizedName
2026-08-16 16:20:26.649 +03:00 [INF] Executed DbCommand (0ms) [Parameters=[@normalizedName='?' (Size = 256)], CommandType='"Text"', CommandTimeout='30']
SELECT TOP(1) [a].[Id], [a].[ConcurrencyStamp], [a].[Name], [a].[NormalizedName]
FROM [AspNetRoles] AS [a]
WHERE [a].[NormalizedName] = @normalizedName
2026-08-16 16:20:26.662 +03:00 [INF] Executed DbCommand (3ms) [Parameters=[@normalizedEmail='?' (Size = 256)], CommandType='"Text"', CommandTimeout='30']
SELECT TOP(2) [a].[Id], [a].[AccessFailedCount], [a].[ConcurrencyStamp], [a].[Email], [a].[EmailConfirmed], [a].[FullName], [a].[LockoutEnabled], [a].[LockoutEnd], [a].[NormalizedEmail], [a].[NormalizedUserName], [a].[PasswordHash], [a].[PhoneNumber], [a].[PhoneNumberConfirmed], [a].[SecurityStamp], [a].[TwoFactorEnabled], [a].[UserName]
FROM [AspNetUsers] AS [a]
WHERE [a].[NormalizedEmail] = @normalizedEmail
2026-08-16 16:20:26.693 +03:00 [INF] CourseHub application started successfully.
2026-08-16 16:20:26.856 +03:00 [INF] Now listening on: https://localhost:7242
2026-08-16 16:20:26.857 +03:00 [INF] Now listening on: http://localhost:5164
2026-08-16 16:20:26.888 +03:00 [INF] Application started. Press Ctrl+C to shut down.
2026-08-16 16:20:26.889 +03:00 [INF] Hosting environment: Development
2026-08-16 16:20:26.889 +03:00 [INF] Content root path: D:\Real Projects\Mvc Projects\CourseHub\CourseHub
2026-08-16 16:20:27.394 +03:00 [INF] Request starting HTTP/2 GET https://localhost:7242/ - null null
2026-08-16 16:20:27.637 +03:00 [INF] Executing endpoint 'CourseHub.Controllers.HomeController.Index (CourseHub)'
2026-08-16 16:20:27.653 +03:00 [INF] Route matched with {action = "Index", controller = "Home"}. Executing controller action with signature System.Threading.Tasks.Task`1[Microsoft.AspNetCore.Mvc.IActionResult] Index() on controller CourseHub.Controllers.HomeController (CourseHub).
2026-08-16 16:20:27.739 +03:00 [INF] Executed DbCommand (2ms) [Parameters=[], CommandType='"Text"', CommandTimeout='30']
SELECT COUNT(*)
FROM [Courses] AS [c]
2026-08-16 16:20:27.747 +03:00 [INF] Executed DbCommand (1ms) [Parameters=[], CommandType='"Text"', CommandTimeout='30']
SELECT COUNT(*)
FROM [Categories] AS [c]
2026-08-16 16:20:27.784 +03:00 [INF] Executing ViewResult, running view Index.
2026-08-16 16:20:27.892 +03:00 [INF] Executed ViewResult - view Index executed in 107.7314ms.
2026-08-16 16:20:27.896 +03:00 [INF] Executed action CourseHub.Controllers.HomeController.Index (CourseHub) in 241.1865ms
2026-08-16 16:20:27.898 +03:00 [INF] Executed endpoint 'CourseHub.Controllers.HomeController.Index (CourseHub)'
2026-08-16 16:20:27.909 +03:00 [INF] Request finished HTTP/2 GET https://localhost:7242/ - 200 null text/html; charset=utf-8 522.8343ms
2026-08-16 16:20:27.921 +03:00 [INF] Request starting HTTP/2 GET https://localhost:7242/css/site.css?v=A4lWTxSVfvJdIQ4pSyaoXY1nRSM_ZbfVvB-bIvuTo3U - null null
2026-08-16 16:20:27.921 +03:00 [INF] Request starting HTTP/2 GET https://localhost:7242/_framework/aspnetcore-browser-refresh.js - null null
2026-08-16 16:20:27.922 +03:00 [INF] Request starting HTTP/2 GET https://localhost:7242/_vs/browserLink - null null
2026-08-16 16:20:27.929 +03:00 [INF] Request finished HTTP/2 GET https://localhost:7242/_framework/aspnetcore-browser-refresh.js - 200 14923 application/javascript; charset=utf-8 8.2713ms
2026-08-16 16:20:27.939 +03:00 [INF] Sending file. Request path: '/css/site.css'. Physical path: 'D:\Real Projects\Mvc Projects\CourseHub\CourseHub\wwwroot\css\site.css'
2026-08-16 16:20:27.940 +03:00 [INF] Request finished HTTP/2 GET https://localhost:7242/css/site.css?v=A4lWTxSVfvJdIQ4pSyaoXY1nRSM_ZbfVvB-bIvuTo3U - 200 14174 text/css 19.251ms
2026-08-16 16:20:27.956 +03:00 [INF] Request finished HTTP/2 GET https://localhost:7242/_vs/browserLink - 200 null text/javascript; charset=UTF-8 33.7554ms
2026-08-16 16:20:33.241 +03:00 [INF] Request starting HTTP/2 GET https://localhost:7242/Admin/Dashboard - null null
2026-08-16 16:20:33.265 +03:00 [INF] Executing endpoint 'CourseHub.Controllers.AdminController.Dashboard (CourseHub)'
2026-08-16 16:20:33.273 +03:00 [INF] Route matched with {action = "Dashboard", controller = "Admin"}. Executing controller action with signature System.Threading.Tasks.Task`1[Microsoft.AspNetCore.Mvc.IActionResult] Dashboard() on controller CourseHub.Controllers.AdminController (CourseHub).
2026-08-16 16:20:33.302 +03:00 [INF] Executed DbCommand (2ms) [Parameters=[@normalizedRoleName='?' (Size = 256)], CommandType='"Text"', CommandTimeout='30']
SELECT TOP(2) [a].[Id], [a].[ConcurrencyStamp], [a].[Name], [a].[NormalizedName]
FROM [AspNetRoles] AS [a]
WHERE [a].[NormalizedName] = @normalizedRoleName
2026-08-16 16:20:33.347 +03:00 [INF] Executed DbCommand (3ms) [Parameters=[@role_Id='?' (Size = 450)], CommandType='"Text"', CommandTimeout='30']
SELECT [a0].[Id], [a0].[AccessFailedCount], [a0].[ConcurrencyStamp], [a0].[Email], [a0].[EmailConfirmed], [a0].[FullName], [a0].[LockoutEnabled], [a0].[LockoutEnd], [a0].[NormalizedEmail], [a0].[NormalizedUserName], [a0].[PasswordHash], [a0].[PhoneNumber], [a0].[PhoneNumberConfirmed], [a0].[SecurityStamp], [a0].[TwoFactorEnabled], [a0].[UserName]
FROM [AspNetUserRoles] AS [a]
INNER JOIN [AspNetUsers] AS [a0] ON [a].[UserId] = [a0].[Id]
WHERE [a].[RoleId] = @role_Id
2026-08-16 16:20:33.351 +03:00 [INF] Executed DbCommand (0ms) [Parameters=[@normalizedRoleName='?' (Size = 256)], CommandType='"Text"', CommandTimeout='30']
SELECT TOP(2) [a].[Id], [a].[ConcurrencyStamp], [a].[Name], [a].[NormalizedName]
FROM [AspNetRoles] AS [a]
WHERE [a].[NormalizedName] = @normalizedRoleName
2026-08-16 16:20:33.354 +03:00 [INF] Executed DbCommand (1ms) [Parameters=[@role_Id='?' (Size = 450)], CommandType='"Text"', CommandTimeout='30']
SELECT [a0].[Id], [a0].[AccessFailedCount], [a0].[ConcurrencyStamp], [a0].[Email], [a0].[EmailConfirmed], [a0].[FullName], [a0].[LockoutEnabled], [a0].[LockoutEnd], [a0].[NormalizedEmail], [a0].[NormalizedUserName], [a0].[PasswordHash], [a0].[PhoneNumber], [a0].[PhoneNumberConfirmed], [a0].[SecurityStamp], [a0].[TwoFactorEnabled], [a0].[UserName]
FROM [AspNetUserRoles] AS [a]
INNER JOIN [AspNetUsers] AS [a0] ON [a].[UserId] = [a0].[Id]
WHERE [a].[RoleId] = @role_Id
2026-08-16 16:20:33.360 +03:00 [INF] Executed DbCommand (2ms) [Parameters=[], CommandType='"Text"', CommandTimeout='30']
SELECT COUNT(*)
FROM [AspNetUsers] AS [a]
2026-08-16 16:20:33.362 +03:00 [INF] Executed DbCommand (0ms) [Parameters=[], CommandType='"Text"', CommandTimeout='30']
SELECT COUNT(*)
FROM [Courses] AS [c]
2026-08-16 16:20:33.368 +03:00 [INF] Executed DbCommand (2ms) [Parameters=[], CommandType='"Text"', CommandTimeout='30']
SELECT COUNT(*)
FROM [Enrollments] AS [e]
2026-08-16 16:20:33.372 +03:00 [INF] Executing ViewResult, running view Dashboard.
2026-08-16 16:20:33.385 +03:00 [INF] Executed ViewResult - view Dashboard executed in 13.9689ms.
2026-08-16 16:20:33.386 +03:00 [INF] Executed action CourseHub.Controllers.AdminController.Dashboard (CourseHub) in 111.6728ms
2026-08-16 16:20:33.387 +03:00 [INF] Executed endpoint 'CourseHub.Controllers.AdminController.Dashboard (CourseHub)'
2026-08-16 16:20:33.388 +03:00 [INF] Request finished HTTP/2 GET https://localhost:7242/Admin/Dashboard - 200 null text/html; charset=utf-8 146.7957ms
2026-08-16 16:20:33.423 +03:00 [INF] Request starting HTTP/2 GET https://localhost:7242/_vs/browserLink - null null
2026-08-16 16:20:33.423 +03:00 [INF] Request starting HTTP/2 GET https://localhost:7242/css/site.css?v=A4lWTxSVfvJdIQ4pSyaoXY1nRSM_ZbfVvB-bIvuTo3U - null null
2026-08-16 16:20:33.423 +03:00 [INF] Request starting HTTP/2 GET https://localhost:7242/_framework/aspnetcore-browser-refresh.js - null null
2026-08-16 16:20:33.429 +03:00 [INF] The file /css/site.css was not modified
2026-08-16 16:20:33.429 +03:00 [INF] Request finished HTTP/2 GET https://localhost:7242/_framework/aspnetcore-browser-refresh.js - 200 14923 application/javascript; charset=utf-8 5.8796ms
2026-08-16 16:20:33.430 +03:00 [INF] Request finished HTTP/2 GET https://localhost:7242/css/site.css?v=A4lWTxSVfvJdIQ4pSyaoXY1nRSM_ZbfVvB-bIvuTo3U - 304 null text/css 7.3272ms
2026-08-16 16:20:33.439 +03:00 [INF] Request finished HTTP/2 GET https://localhost:7242/_vs/browserLink - 200 null text/javascript; charset=UTF-8 16.0485ms
2026-08-16 16:23:12.634 +03:00 [INF] Starting CourseHub application...
2026-08-16 16:23:13.065 +03:00 [INF] User profile is available. Using 'C:\Users\ayman\AppData\Local\ASP.NET\DataProtection-Keys' as key repository and Windows DPAPI to encrypt keys at rest.
2026-08-16 16:23:13.543 +03:00 [WRN] No store type was specified for the decimal property 'Price' on entity type 'Course'. This will cause values to be silently truncated if they do not fit in the default precision and scale. Explicitly specify the SQL server column type that can accommodate all the values in 'OnModelCreating' using 'HasColumnType', specify precision and scale using 'HasPrecision', or configure a value converter using 'HasConversion'.
2026-08-16 16:23:14.106 +03:00 [INF] Executed DbCommand (42ms) [Parameters=[@normalizedName='?' (Size = 256)], CommandType='"Text"', CommandTimeout='30']
SELECT TOP(1) [a].[Id], [a].[ConcurrencyStamp], [a].[Name], [a].[NormalizedName]
FROM [AspNetRoles] AS [a]
WHERE [a].[NormalizedName] = @normalizedName
2026-08-16 16:23:14.175 +03:00 [INF] Executed DbCommand (1ms) [Parameters=[@normalizedName='?' (Size = 256)], CommandType='"Text"', CommandTimeout='30']
SELECT TOP(1) [a].[Id], [a].[ConcurrencyStamp], [a].[Name], [a].[NormalizedName]
FROM [AspNetRoles] AS [a]
WHERE [a].[NormalizedName] = @normalizedName
2026-08-16 16:23:14.177 +03:00 [INF] Executed DbCommand (0ms) [Parameters=[@normalizedName='?' (Size = 256)], CommandType='"Text"', CommandTimeout='30']
SELECT TOP(1) [a].[Id], [a].[ConcurrencyStamp], [a].[Name], [a].[NormalizedName]
FROM [AspNetRoles] AS [a]
WHERE [a].[NormalizedName] = @normalizedName
2026-08-16 16:23:14.189 +03:00 [INF] Executed DbCommand (3ms) [Parameters=[@normalizedEmail='?' (Size = 256)], CommandType='"Text"', CommandTimeout='30']
SELECT TOP(2) [a].[Id], [a].[AccessFailedCount], [a].[ConcurrencyStamp], [a].[Email], [a].[EmailConfirmed], [a].[FullName], [a].[LockoutEnabled], [a].[LockoutEnd], [a].[NormalizedEmail], [a].[NormalizedUserName], [a].[PasswordHash], [a].[PhoneNumber], [a].[PhoneNumberConfirmed], [a].[SecurityStamp], [a].[TwoFactorEnabled], [a].[UserName]
FROM [AspNetUsers] AS [a]
WHERE [a].[NormalizedEmail] = @normalizedEmail
2026-08-16 16:23:14.219 +03:00 [INF] CourseHub application started successfully.
2026-08-16 16:23:14.406 +03:00 [INF] Now listening on: https://localhost:7242
2026-08-16 16:23:14.407 +03:00 [INF] Now listening on: http://localhost:5164
2026-08-16 16:23:14.453 +03:00 [INF] Application started. Press Ctrl+C to shut down.
2026-08-16 16:23:14.454 +03:00 [INF] Hosting environment: Development
2026-08-16 16:23:14.454 +03:00 [INF] Content root path: D:\Real Projects\Mvc Projects\CourseHub\CourseHub
2026-08-16 16:23:15.590 +03:00 [INF] Request starting HTTP/2 GET https://localhost:7242/ - null null
2026-08-16 16:23:15.690 +03:00 [INF] Executing endpoint 'CourseHub.Controllers.HomeController.Index (CourseHub)'
2026-08-16 16:23:15.703 +03:00 [INF] Route matched with {action = "Index", controller = "Home"}. Executing controller action with signature System.Threading.Tasks.Task`1[Microsoft.AspNetCore.Mvc.IActionResult] Index() on controller CourseHub.Controllers.HomeController (CourseHub).
2026-08-16 16:23:15.788 +03:00 [INF] Executed DbCommand (2ms) [Parameters=[], CommandType='"Text"', CommandTimeout='30']
SELECT COUNT(*)
FROM [Courses] AS [c]
2026-08-16 16:23:15.796 +03:00 [INF] Executed DbCommand (1ms) [Parameters=[], CommandType='"Text"', CommandTimeout='30']
SELECT COUNT(*)
FROM [Categories] AS [c]
2026-08-16 16:23:15.832 +03:00 [INF] Executing ViewResult, running view Index.
2026-08-16 16:23:15.923 +03:00 [INF] Executed ViewResult - view Index executed in 91.6441ms.
2026-08-16 16:23:15.927 +03:00 [INF] Executed action CourseHub.Controllers.HomeController.Index (CourseHub) in 221.8532ms
2026-08-16 16:23:15.929 +03:00 [INF] Executed endpoint 'CourseHub.Controllers.HomeController.Index (CourseHub)'
2026-08-16 16:23:15.939 +03:00 [INF] Request finished HTTP/2 GET https://localhost:7242/ - 200 null text/html; charset=utf-8 353.7318ms
2026-08-16 16:23:15.953 +03:00 [INF] Request starting HTTP/2 GET https://localhost:7242/css/site.css?v=A4lWTxSVfvJdIQ4pSyaoXY1nRSM_ZbfVvB-bIvuTo3U - null null
2026-08-16 16:23:15.953 +03:00 [INF] Request starting HTTP/2 GET https://localhost:7242/_framework/aspnetcore-browser-refresh.js - null null
2026-08-16 16:23:15.953 +03:00 [INF] Request starting HTTP/2 GET https://localhost:7242/_vs/browserLink - null null
2026-08-16 16:23:15.960 +03:00 [INF] The file /css/site.css was not modified
2026-08-16 16:23:15.960 +03:00 [INF] Request finished HTTP/2 GET https://localhost:7242/_framework/aspnetcore-browser-refresh.js - 200 14923 application/javascript; charset=utf-8 7.5365ms
2026-08-16 16:23:15.962 +03:00 [INF] Request finished HTTP/2 GET https://localhost:7242/css/site.css?v=A4lWTxSVfvJdIQ4pSyaoXY1nRSM_ZbfVvB-bIvuTo3U - 304 null text/css 9.2489ms
2026-08-16 16:23:15.986 +03:00 [INF] Request finished HTTP/2 GET https://localhost:7242/_vs/browserLink - 200 null text/javascript; charset=UTF-8 32.2016ms
2026-08-16 16:24:50.967 +03:00 [INF] Starting CourseHub application...
2026-08-16 16:24:51.411 +03:00 [INF] User profile is available. Using 'C:\Users\ayman\AppData\Local\ASP.NET\DataProtection-Keys' as key repository and Windows DPAPI to encrypt keys at rest.
2026-08-16 16:24:51.890 +03:00 [WRN] No store type was specified for the decimal property 'Price' on entity type 'Course'. This will cause values to be silently truncated if they do not fit in the default precision and scale. Explicitly specify the SQL server column type that can accommodate all the values in 'OnModelCreating' using 'HasColumnType', specify precision and scale using 'HasPrecision', or configure a value converter using 'HasConversion'.
2026-08-16 16:24:52.493 +03:00 [INF] Executed DbCommand (42ms) [Parameters=[@normalizedName='?' (Size = 256)], CommandType='"Text"', CommandTimeout='30']
SELECT TOP(1) [a].[Id], [a].[ConcurrencyStamp], [a].[Name], [a].[NormalizedName]
FROM [AspNetRoles] AS [a]
WHERE [a].[NormalizedName] = @normalizedName
2026-08-16 16:24:52.564 +03:00 [INF] Executed DbCommand (2ms) [Parameters=[@normalizedName='?' (Size = 256)], CommandType='"Text"', CommandTimeout='30']
SELECT TOP(1) [a].[Id], [a].[ConcurrencyStamp], [a].[Name], [a].[NormalizedName]
FROM [AspNetRoles] AS [a]
WHERE [a].[NormalizedName] = @normalizedName
2026-08-16 16:24:52.567 +03:00 [INF] Executed DbCommand (0ms) [Parameters=[@normalizedName='?' (Size = 256)], CommandType='"Text"', CommandTimeout='30']
SELECT TOP(1) [a].[Id], [a].[ConcurrencyStamp], [a].[Name], [a].[NormalizedName]
FROM [AspNetRoles] AS [a]
WHERE [a].[NormalizedName] = @normalizedName
2026-08-16 16:24:52.580 +03:00 [INF] Executed DbCommand (3ms) [Parameters=[@normalizedEmail='?' (Size = 256)], CommandType='"Text"', CommandTimeout='30']
SELECT TOP(2) [a].[Id], [a].[AccessFailedCount], [a].[ConcurrencyStamp], [a].[Email], [a].[EmailConfirmed], [a].[FullName], [a].[LockoutEnabled], [a].[LockoutEnd], [a].[NormalizedEmail], [a].[NormalizedUserName], [a].[PasswordHash], [a].[PhoneNumber], [a].[PhoneNumberConfirmed], [a].[SecurityStamp], [a].[TwoFactorEnabled], [a].[UserName]
FROM [AspNetUsers] AS [a]
WHERE [a].[NormalizedEmail] = @normalizedEmail
2026-08-16 16:24:52.613 +03:00 [INF] CourseHub application started successfully.
2026-08-16 16:24:52.928 +03:00 [INF] Now listening on: https://localhost:7242
2026-08-16 16:24:52.929 +03:00 [INF] Now listening on: http://localhost:5164
2026-08-16 16:24:52.959 +03:00 [INF] Application started. Press Ctrl+C to shut down.
2026-08-16 16:24:52.960 +03:00 [INF] Hosting environment: Development
2026-08-16 16:24:52.961 +03:00 [INF] Content root path: D:\Real Projects\Mvc Projects\CourseHub\CourseHub
2026-08-16 16:24:53.579 +03:00 [INF] Request starting HTTP/2 GET https://localhost:7242/ - null null
2026-08-16 16:24:53.679 +03:00 [INF] Executing endpoint 'CourseHub.Controllers.HomeController.Index (CourseHub)'
2026-08-16 16:24:53.692 +03:00 [INF] Route matched with {action = "Index", controller = "Home"}. Executing controller action with signature System.Threading.Tasks.Task`1[Microsoft.AspNetCore.Mvc.IActionResult] Index() on controller CourseHub.Controllers.HomeController (CourseHub).
2026-08-16 16:24:53.811 +03:00 [INF] Executed DbCommand (2ms) [Parameters=[], CommandType='"Text"', CommandTimeout='30']
SELECT COUNT(*)
FROM [Courses] AS [c]
2026-08-16 16:24:53.818 +03:00 [INF] Executed DbCommand (1ms) [Parameters=[], CommandType='"Text"', CommandTimeout='30']
SELECT COUNT(*)
FROM [Categories] AS [c]
2026-08-16 16:24:53.854 +03:00 [INF] Executing ViewResult, running view Index.
2026-08-16 16:24:53.976 +03:00 [INF] Executed ViewResult - view Index executed in 122.8045ms.
2026-08-16 16:24:53.980 +03:00 [INF] Executed action CourseHub.Controllers.HomeController.Index (CourseHub) in 285.5011ms
2026-08-16 16:24:53.982 +03:00 [INF] Executed endpoint 'CourseHub.Controllers.HomeController.Index (CourseHub)'
2026-08-16 16:24:53.992 +03:00 [INF] Request finished HTTP/2 GET https://localhost:7242/ - 200 null text/html; charset=utf-8 418.7412ms
2026-08-16 16:24:53.996 +03:00 [INF] Request starting HTTP/2 GET https://localhost:7242/_framework/aspnetcore-browser-refresh.js - null null
2026-08-16 16:24:53.996 +03:00 [INF] Request starting HTTP/2 GET https://localhost:7242/css/site.css?v=fqDXvUlaK9lmDWOqI_bt3q3P3P7SSoandx-1WjvTgMA - null null
2026-08-16 16:24:54.002 +03:00 [INF] Request finished HTTP/2 GET https://localhost:7242/_framework/aspnetcore-browser-refresh.js - 200 14923 application/javascript; charset=utf-8 5.7245ms
2026-08-16 16:24:54.007 +03:00 [INF] Request starting HTTP/2 GET https://localhost:7242/_vs/browserLink - null null
2026-08-16 16:24:54.012 +03:00 [INF] Sending file. Request path: '/css/site.css'. Physical path: 'D:\Real Projects\Mvc Projects\CourseHub\CourseHub\wwwroot\css\site.css'
2026-08-16 16:24:54.014 +03:00 [INF] Request finished HTTP/2 GET https://localhost:7242/css/site.css?v=fqDXvUlaK9lmDWOqI_bt3q3P3P7SSoandx-1WjvTgMA - 200 14229 text/css 17.4652ms
2026-08-16 16:24:54.036 +03:00 [INF] Request finished HTTP/2 GET https://localhost:7242/_vs/browserLink - 200 null text/javascript; charset=UTF-8 29.0283ms
2026-08-16 16:47:33.285 +03:00 [INF] Starting CourseHub application...
2026-08-16 16:47:34.119 +03:00 [INF] User profile is available. Using 'C:\Users\ayman\AppData\Local\ASP.NET\DataProtection-Keys' as key repository and Windows DPAPI to encrypt keys at rest.
2026-08-16 16:47:34.847 +03:00 [WRN] No store type was specified for the decimal property 'Price' on entity type 'Course'. This will cause values to be silently truncated if they do not fit in the default precision and scale. Explicitly specify the SQL server column type that can accommodate all the values in 'OnModelCreating' using 'HasColumnType', specify precision and scale using 'HasPrecision', or configure a value converter using 'HasConversion'.
2026-08-16 16:47:35.619 +03:00 [INF] Executed DbCommand (82ms) [Parameters=[@normalizedName='?' (Size = 256)], CommandType='"Text"', CommandTimeout='30']
SELECT TOP(1) [a].[Id], [a].[ConcurrencyStamp], [a].[Name], [a].[NormalizedName]
FROM [AspNetRoles] AS [a]
WHERE [a].[NormalizedName] = @normalizedName
2026-08-16 16:47:35.695 +03:00 [INF] Executed DbCommand (1ms) [Parameters=[@normalizedName='?' (Size = 256)], CommandType='"Text"', CommandTimeout='30']
SELECT TOP(1) [a].[Id], [a].[ConcurrencyStamp], [a].[Name], [a].[NormalizedName]
FROM [AspNetRoles] AS [a]
WHERE [a].[NormalizedName] = @normalizedName
2026-08-16 16:47:35.698 +03:00 [INF] Executed DbCommand (0ms) [Parameters=[@normalizedName='?' (Size = 256)], CommandType='"Text"', CommandTimeout='30']
SELECT TOP(1) [a].[Id], [a].[ConcurrencyStamp], [a].[Name], [a].[NormalizedName]
FROM [AspNetRoles] AS [a]
WHERE [a].[NormalizedName] = @normalizedName
2026-08-16 16:47:35.712 +03:00 [INF] Executed DbCommand (3ms) [Parameters=[@normalizedEmail='?' (Size = 256)], CommandType='"Text"', CommandTimeout='30']
SELECT TOP(2) [a].[Id], [a].[AccessFailedCount], [a].[ConcurrencyStamp], [a].[Email], [a].[EmailConfirmed], [a].[FullName], [a].[LockoutEnabled], [a].[LockoutEnd], [a].[NormalizedEmail], [a].[NormalizedUserName], [a].[PasswordHash], [a].[PhoneNumber], [a].[PhoneNumberConfirmed], [a].[SecurityStamp], [a].[TwoFactorEnabled], [a].[UserName]
FROM [AspNetUsers] AS [a]
WHERE [a].[NormalizedEmail] = @normalizedEmail
2026-08-16 16:47:35.744 +03:00 [INF] CourseHub application started successfully.
2026-08-16 16:47:35.941 +03:00 [INF] Now listening on: https://localhost:7242
2026-08-16 16:47:35.942 +03:00 [INF] Now listening on: http://localhost:5164
2026-08-16 16:47:35.977 +03:00 [INF] Application started. Press Ctrl+C to shut down.
2026-08-16 16:47:35.978 +03:00 [INF] Hosting environment: Development
2026-08-16 16:47:35.979 +03:00 [INF] Content root path: D:\Real Projects\Mvc Projects\CourseHub\CourseHub
2026-08-16 16:47:36.913 +03:00 [INF] Request starting HTTP/2 GET https://localhost:7242/ - null null
2026-08-16 16:47:37.099 +03:00 [INF] Executed DbCommand (2ms) [Parameters=[@p='?' (Size = 450)], CommandType='"Text"', CommandTimeout='30']
SELECT TOP(1) [a].[Id], [a].[AccessFailedCount], [a].[ConcurrencyStamp], [a].[Email], [a].[EmailConfirmed], [a].[FullName], [a].[LockoutEnabled], [a].[LockoutEnd], [a].[NormalizedEmail], [a].[NormalizedUserName], [a].[PasswordHash], [a].[PhoneNumber], [a].[PhoneNumberConfirmed], [a].[SecurityStamp], [a].[TwoFactorEnabled], [a].[UserName]
FROM [AspNetUsers] AS [a]
WHERE [a].[Id] = @p
2026-08-16 16:47:37.137 +03:00 [INF] Executed DbCommand (2ms) [Parameters=[@user_Id='?' (Size = 450)], CommandType='"Text"', CommandTimeout='30']
SELECT [a].[Id], [a].[ClaimType], [a].[ClaimValue], [a].[UserId]
FROM [AspNetUserClaims] AS [a]
WHERE [a].[UserId] = @user_Id
2026-08-16 16:47:37.162 +03:00 [INF] Executed DbCommand (3ms) [Parameters=[@userId='?' (Size = 450)], CommandType='"Text"', CommandTimeout='30']
SELECT [a0].[Name]
FROM [AspNetUserRoles] AS [a]
INNER JOIN [AspNetRoles] AS [a0] ON [a].[RoleId] = [a0].[Id]
WHERE [a].[UserId] = @userId
2026-08-16 16:47:37.166 +03:00 [INF] Executed DbCommand (0ms) [Parameters=[@normalizedName='?' (Size = 256)], CommandType='"Text"', CommandTimeout='30']
SELECT TOP(1) [a].[Id], [a].[ConcurrencyStamp], [a].[Name], [a].[NormalizedName]
FROM [AspNetRoles] AS [a]
WHERE [a].[NormalizedName] = @normalizedName
2026-08-16 16:47:37.174 +03:00 [INF] Executed DbCommand (2ms) [Parameters=[@role_Id='?' (Size = 450)], CommandType='"Text"', CommandTimeout='30']
SELECT [a].[ClaimType], [a].[ClaimValue]
FROM [AspNetRoleClaims] AS [a]
WHERE [a].[RoleId] = @role_Id
2026-08-16 16:47:37.183 +03:00 [INF] Executing endpoint 'CourseHub.Controllers.HomeController.Index (CourseHub)'
2026-08-16 16:47:37.196 +03:00 [INF] Route matched with {action = "Index", controller = "Home"}. Executing controller action with signature System.Threading.Tasks.Task`1[Microsoft.AspNetCore.Mvc.IActionResult] Index() on controller CourseHub.Controllers.HomeController (CourseHub).
2026-08-16 16:47:37.221 +03:00 [INF] Executed DbCommand (2ms) [Parameters=[], CommandType='"Text"', CommandTimeout='30']
SELECT COUNT(*)
FROM [Courses] AS [c]
2026-08-16 16:47:37.228 +03:00 [INF] Executed DbCommand (1ms) [Parameters=[], CommandType='"Text"', CommandTimeout='30']
SELECT COUNT(*)
FROM [Categories] AS [c]
2026-08-16 16:47:37.265 +03:00 [INF] Executing ViewResult, running view Index.
2026-08-16 16:47:37.409 +03:00 [INF] Executed ViewResult - view Index executed in 144.688ms.
2026-08-16 16:47:37.413 +03:00 [INF] Executed action CourseHub.Controllers.HomeController.Index (CourseHub) in 215.542ms
2026-08-16 16:47:37.415 +03:00 [INF] Executed endpoint 'CourseHub.Controllers.HomeController.Index (CourseHub)'
2026-08-16 16:47:37.424 +03:00 [INF] Request finished HTTP/2 GET https://localhost:7242/ - 200 null text/html; charset=utf-8 517.8505ms
2026-08-16 16:47:37.436 +03:00 [INF] Request starting HTTP/2 GET https://localhost:7242/_framework/aspnetcore-browser-refresh.js - null null
2026-08-16 16:47:37.436 +03:00 [INF] Request starting HTTP/2 GET https://localhost:7242/css/site.css?v=fqDXvUlaK9lmDWOqI_bt3q3P3P7SSoandx-1WjvTgMA - null null
2026-08-16 16:47:37.442 +03:00 [INF] Request finished HTTP/2 GET https://localhost:7242/_framework/aspnetcore-browser-refresh.js - 200 14923 application/javascript; charset=utf-8 6.1601ms
2026-08-16 16:47:37.443 +03:00 [INF] The file /css/site.css was not modified
2026-08-16 16:47:37.445 +03:00 [INF] Request starting HTTP/2 GET https://localhost:7242/_vs/browserLink - null null
2026-08-16 16:47:37.445 +03:00 [INF] Request finished HTTP/2 GET https://localhost:7242/css/site.css?v=fqDXvUlaK9lmDWOqI_bt3q3P3P7SSoandx-1WjvTgMA - 304 null text/css 9.7584ms
2026-08-16 16:47:37.473 +03:00 [INF] Request finished HTTP/2 GET https://localhost:7242/_vs/browserLink - 200 null text/javascript; charset=UTF-8 27.962ms
2026-08-16 16:47:44.550 +03:00 [INF] Request starting HTTP/2 GET https://localhost:7242/Admin/Dashboard - null null
2026-08-16 16:47:44.572 +03:00 [INF] Executing endpoint 'CourseHub.Controllers.AdminController.Dashboard (CourseHub)'
2026-08-16 16:47:44.580 +03:00 [INF] Route matched with {action = "Dashboard", controller = "Admin"}. Executing controller action with signature System.Threading.Tasks.Task`1[Microsoft.AspNetCore.Mvc.IActionResult] Dashboard() on controller CourseHub.Controllers.AdminController (CourseHub).
2026-08-16 16:47:44.609 +03:00 [INF] Executed DbCommand (2ms) [Parameters=[@normalizedRoleName='?' (Size = 256)], CommandType='"Text"', CommandTimeout='30']
SELECT TOP(2) [a].[Id], [a].[ConcurrencyStamp], [a].[Name], [a].[NormalizedName]
FROM [AspNetRoles] AS [a]
WHERE [a].[NormalizedName] = @normalizedRoleName
2026-08-16 16:47:44.624 +03:00 [INF] Executed DbCommand (3ms) [Parameters=[@role_Id='?' (Size = 450)], CommandType='"Text"', CommandTimeout='30']
SELECT [a0].[Id], [a0].[AccessFailedCount], [a0].[ConcurrencyStamp], [a0].[Email], [a0].[EmailConfirmed], [a0].[FullName], [a0].[LockoutEnabled], [a0].[LockoutEnd], [a0].[NormalizedEmail], [a0].[NormalizedUserName], [a0].[PasswordHash], [a0].[PhoneNumber], [a0].[PhoneNumberConfirmed], [a0].[SecurityStamp], [a0].[TwoFactorEnabled], [a0].[UserName]
FROM [AspNetUserRoles] AS [a]
INNER JOIN [AspNetUsers] AS [a0] ON [a].[UserId] = [a0].[Id]
WHERE [a].[RoleId] = @role_Id
2026-08-16 16:47:44.627 +03:00 [INF] Executed DbCommand (0ms) [Parameters=[@normalizedRoleName='?' (Size = 256)], CommandType='"Text"', CommandTimeout='30']
SELECT TOP(2) [a].[Id], [a].[ConcurrencyStamp], [a].[Name], [a].[NormalizedName]
FROM [AspNetRoles] AS [a]
WHERE [a].[NormalizedName] = @normalizedRoleName
2026-08-16 16:47:44.630 +03:00 [INF] Executed DbCommand (0ms) [Parameters=[@role_Id='?' (Size = 450)], CommandType='"Text"', CommandTimeout='30']
SELECT [a0].[Id], [a0].[AccessFailedCount], [a0].[ConcurrencyStamp], [a0].[Email], [a0].[EmailConfirmed], [a0].[FullName], [a0].[LockoutEnabled], [a0].[LockoutEnd], [a0].[NormalizedEmail], [a0].[NormalizedUserName], [a0].[PasswordHash], [a0].[PhoneNumber], [a0].[PhoneNumberConfirmed], [a0].[SecurityStamp], [a0].[TwoFactorEnabled], [a0].[UserName]
FROM [AspNetUserRoles] AS [a]
INNER JOIN [AspNetUsers] AS [a0] ON [a].[UserId] = [a0].[Id]
WHERE [a].[RoleId] = @role_Id
2026-08-16 16:47:44.636 +03:00 [INF] Executed DbCommand (2ms) [Parameters=[], CommandType='"Text"', CommandTimeout='30']
SELECT COUNT(*)
FROM [AspNetUsers] AS [a]
2026-08-16 16:47:44.638 +03:00 [INF] Executed DbCommand (1ms) [Parameters=[], CommandType='"Text"', CommandTimeout='30']
SELECT COUNT(*)
FROM [Courses] AS [c]
2026-08-16 16:47:44.645 +03:00 [INF] Executed DbCommand (3ms) [Parameters=[], CommandType='"Text"', CommandTimeout='30']
SELECT COUNT(*)
FROM [Enrollments] AS [e]
2026-08-16 16:47:44.649 +03:00 [INF] Executing ViewResult, running view Dashboard.
2026-08-16 16:47:44.667 +03:00 [INF] Executed ViewResult - view Dashboard executed in 19.5801ms.
2026-08-16 16:47:44.668 +03:00 [INF] Executed action CourseHub.Controllers.AdminController.Dashboard (CourseHub) in 86.895ms
2026-08-16 16:47:44.669 +03:00 [INF] Executed endpoint 'CourseHub.Controllers.AdminController.Dashboard (CourseHub)'
2026-08-16 16:47:44.671 +03:00 [INF] Request finished HTTP/2 GET https://localhost:7242/Admin/Dashboard - 200 null text/html; charset=utf-8 120.7176ms
2026-08-16 16:47:44.721 +03:00 [INF] Request starting HTTP/2 GET https://localhost:7242/_framework/aspnetcore-browser-refresh.js - null null
2026-08-16 16:47:44.721 +03:00 [INF] Request starting HTTP/2 GET https://localhost:7242/_vs/browserLink - null null
2026-08-16 16:47:44.724 +03:00 [INF] Request finished HTTP/2 GET https://localhost:7242/_framework/aspnetcore-browser-refresh.js - 200 14923 application/javascript; charset=utf-8 2.9819ms
2026-08-16 16:47:44.742 +03:00 [INF] Request finished HTTP/2 GET https://localhost:7242/_vs/browserLink - 200 null text/javascript; charset=UTF-8 21.135ms
2026-08-16 16:50:21.277 +03:00 [INF] Starting CourseHub application...
2026-08-16 16:50:21.770 +03:00 [INF] User profile is available. Using 'C:\Users\ayman\AppData\Local\ASP.NET\DataProtection-Keys' as key repository and Windows DPAPI to encrypt keys at rest.
2026-08-16 16:50:22.329 +03:00 [WRN] No store type was specified for the decimal property 'Price' on entity type 'Course'. This will cause values to be silently truncated if they do not fit in the default precision and scale. Explicitly specify the SQL server column type that can accommodate all the values in 'OnModelCreating' using 'HasColumnType', specify precision and scale using 'HasPrecision', or configure a value converter using 'HasConversion'.
2026-08-16 16:50:22.912 +03:00 [INF] Executed DbCommand (43ms) [Parameters=[@normalizedName='?' (Size = 256)], CommandType='"Text"', CommandTimeout='30']
SELECT TOP(1) [a].[Id], [a].[ConcurrencyStamp], [a].[Name], [a].[NormalizedName]
FROM [AspNetRoles] AS [a]
WHERE [a].[NormalizedName] = @normalizedName
2026-08-16 16:50:23.001 +03:00 [INF] Executed DbCommand (1ms) [Parameters=[@normalizedName='?' (Size = 256)], CommandType='"Text"', CommandTimeout='30']
SELECT TOP(1) [a].[Id], [a].[ConcurrencyStamp], [a].[Name], [a].[NormalizedName]
FROM [AspNetRoles] AS [a]
WHERE [a].[NormalizedName] = @normalizedName
2026-08-16 16:50:23.004 +03:00 [INF] Executed DbCommand (0ms) [Parameters=[@normalizedName='?' (Size = 256)], CommandType='"Text"', CommandTimeout='30']
SELECT TOP(1) [a].[Id], [a].[ConcurrencyStamp], [a].[Name], [a].[NormalizedName]
FROM [AspNetRoles] AS [a]
WHERE [a].[NormalizedName] = @normalizedName
2026-08-16 16:50:23.017 +03:00 [INF] Executed DbCommand (3ms) [Parameters=[@normalizedEmail='?' (Size = 256)], CommandType='"Text"', CommandTimeout='30']
SELECT TOP(2) [a].[Id], [a].[AccessFailedCount], [a].[ConcurrencyStamp], [a].[Email], [a].[EmailConfirmed], [a].[FullName], [a].[LockoutEnabled], [a].[LockoutEnd], [a].[NormalizedEmail], [a].[NormalizedUserName], [a].[PasswordHash], [a].[PhoneNumber], [a].[PhoneNumberConfirmed], [a].[SecurityStamp], [a].[TwoFactorEnabled], [a].[UserName]
FROM [AspNetUsers] AS [a]
WHERE [a].[NormalizedEmail] = @normalizedEmail
2026-08-16 16:50:23.049 +03:00 [INF] CourseHub application started successfully.
2026-08-16 16:50:23.217 +03:00 [INF] Now listening on: https://localhost:7242
2026-08-16 16:50:23.218 +03:00 [INF] Now listening on: http://localhost:5164
2026-08-16 16:50:23.250 +03:00 [INF] Application started. Press Ctrl+C to shut down.
2026-08-16 16:50:23.251 +03:00 [INF] Hosting environment: Development
2026-08-16 16:50:23.251 +03:00 [INF] Content root path: D:\Real Projects\Mvc Projects\CourseHub\CourseHub
2026-08-16 16:50:23.671 +03:00 [INF] Request starting HTTP/2 GET https://localhost:7242/ - null null
2026-08-16 16:50:23.772 +03:00 [INF] Executing endpoint 'CourseHub.Controllers.HomeController.Index (CourseHub)'
2026-08-16 16:50:23.785 +03:00 [INF] Route matched with {action = "Index", controller = "Home"}. Executing controller action with signature System.Threading.Tasks.Task`1[Microsoft.AspNetCore.Mvc.IActionResult] Index() on controller CourseHub.Controllers.HomeController (CourseHub).
2026-08-16 16:50:23.873 +03:00 [INF] Executed DbCommand (9ms) [Parameters=[], CommandType='"Text"', CommandTimeout='30']
SELECT COUNT(*)
FROM [Courses] AS [c]
2026-08-16 16:50:23.882 +03:00 [INF] Executed DbCommand (1ms) [Parameters=[], CommandType='"Text"', CommandTimeout='30']
SELECT COUNT(*)
FROM [Categories] AS [c]
2026-08-16 16:50:23.918 +03:00 [INF] Executing ViewResult, running view Index.
2026-08-16 16:50:24.016 +03:00 [INF] Executed ViewResult - view Index executed in 98.8615ms.
2026-08-16 16:50:24.019 +03:00 [INF] Executed action CourseHub.Controllers.HomeController.Index (CourseHub) in 233.1397ms
2026-08-16 16:50:24.021 +03:00 [INF] Executed endpoint 'CourseHub.Controllers.HomeController.Index (CourseHub)'
2026-08-16 16:50:24.031 +03:00 [INF] Request finished HTTP/2 GET https://localhost:7242/ - 200 null text/html; charset=utf-8 364.5105ms
2026-08-16 16:50:24.042 +03:00 [INF] Request starting HTTP/2 GET https://localhost:7242/css/site.css?v=-DyuGxQLVULtQbuYM8a-ylhvEbmQoV846pYcBUHRens - null null
2026-08-16 16:50:24.042 +03:00 [INF] Request starting HTTP/2 GET https://localhost:7242/_framework/aspnetcore-browser-refresh.js - null null
2026-08-16 16:50:24.077 +03:00 [INF] Request starting HTTP/2 GET https://localhost:7242/_vs/browserLink - null null
2026-08-16 16:50:24.079 +03:00 [INF] Request finished HTTP/2 GET https://localhost:7242/_framework/aspnetcore-browser-refresh.js - 200 14923 application/javascript; charset=utf-8 37.882ms
2026-08-16 16:50:24.087 +03:00 [INF] Sending file. Request path: '/css/site.css'. Physical path: 'D:\Real Projects\Mvc Projects\CourseHub\CourseHub\wwwroot\css\site.css'
2026-08-16 16:50:24.088 +03:00 [INF] Request finished HTTP/2 GET https://localhost:7242/css/site.css?v=-DyuGxQLVULtQbuYM8a-ylhvEbmQoV846pYcBUHRens - 200 14684 text/css 46.4383ms
2026-08-16 16:50:24.105 +03:00 [INF] Request finished HTTP/2 GET https://localhost:7242/_vs/browserLink - 200 null text/javascript; charset=UTF-8 57.0214ms
2026-08-16 16:53:45.723 +03:00 [INF] Starting CourseHub application...
2026-08-16 16:53:46.213 +03:00 [INF] User profile is available. Using 'C:\Users\ayman\AppData\Local\ASP.NET\DataProtection-Keys' as key repository and Windows DPAPI to encrypt keys at rest.
2026-08-16 16:53:46.740 +03:00 [WRN] No store type was specified for the decimal property 'Price' on entity type 'Course'. This will cause values to be silently truncated if they do not fit in the default precision and scale. Explicitly specify the SQL server column type that can accommodate all the values in 'OnModelCreating' using 'HasColumnType', specify precision and scale using 'HasPrecision', or configure a value converter using 'HasConversion'.
2026-08-16 16:53:47.413 +03:00 [INF] Executed DbCommand (43ms) [Parameters=[@normalizedName='?' (Size = 256)], CommandType='"Text"', CommandTimeout='30']
SELECT TOP(1) [a].[Id], [a].[ConcurrencyStamp], [a].[Name], [a].[NormalizedName]
FROM [AspNetRoles] AS [a]
WHERE [a].[NormalizedName] = @normalizedName
2026-08-16 16:53:47.486 +03:00 [INF] Executed DbCommand (1ms) [Parameters=[@normalizedName='?' (Size = 256)], CommandType='"Text"', CommandTimeout='30']
SELECT TOP(1) [a].[Id], [a].[ConcurrencyStamp], [a].[Name], [a].[NormalizedName]
FROM [AspNetRoles] AS [a]
WHERE [a].[NormalizedName] = @normalizedName
2026-08-16 16:53:47.490 +03:00 [INF] Executed DbCommand (0ms) [Parameters=[@normalizedName='?' (Size = 256)], CommandType='"Text"', CommandTimeout='30']
SELECT TOP(1) [a].[Id], [a].[ConcurrencyStamp], [a].[Name], [a].[NormalizedName]
FROM [AspNetRoles] AS [a]
WHERE [a].[NormalizedName] = @normalizedName
2026-08-16 16:53:47.502 +03:00 [INF] Executed DbCommand (3ms) [Parameters=[@normalizedEmail='?' (Size = 256)], CommandType='"Text"', CommandTimeout='30']
SELECT TOP(2) [a].[Id], [a].[AccessFailedCount], [a].[ConcurrencyStamp], [a].[Email], [a].[EmailConfirmed], [a].[FullName], [a].[LockoutEnabled], [a].[LockoutEnd], [a].[NormalizedEmail], [a].[NormalizedUserName], [a].[PasswordHash], [a].[PhoneNumber], [a].[PhoneNumberConfirmed], [a].[SecurityStamp], [a].[TwoFactorEnabled], [a].[UserName]
FROM [AspNetUsers] AS [a]
WHERE [a].[NormalizedEmail] = @normalizedEmail
2026-08-16 16:53:47.536 +03:00 [INF] CourseHub application started successfully.
2026-08-16 16:53:47.696 +03:00 [INF] Now listening on: https://localhost:7242
2026-08-16 16:53:47.697 +03:00 [INF] Now listening on: http://localhost:5164
2026-08-16 16:53:47.727 +03:00 [INF] Application started. Press Ctrl+C to shut down.
2026-08-16 16:53:47.728 +03:00 [INF] Hosting environment: Development
2026-08-16 16:53:47.729 +03:00 [INF] Content root path: D:\Real Projects\Mvc Projects\CourseHub\CourseHub
2026-08-16 16:53:49.524 +03:00 [INF] Request starting HTTP/2 GET https://localhost:7242/ - null null
2026-08-16 16:53:49.667 +03:00 [INF] Executing endpoint 'CourseHub.Controllers.HomeController.Index (CourseHub)'
2026-08-16 16:53:49.681 +03:00 [INF] Route matched with {action = "Index", controller = "Home"}. Executing controller action with signature System.Threading.Tasks.Task`1[Microsoft.AspNetCore.Mvc.IActionResult] Index() on controller CourseHub.Controllers.HomeController (CourseHub).
2026-08-16 16:53:49.764 +03:00 [INF] Executed DbCommand (2ms) [Parameters=[], CommandType='"Text"', CommandTimeout='30']
SELECT COUNT(*)
FROM [Courses] AS [c]
2026-08-16 16:53:49.771 +03:00 [INF] Executed DbCommand (1ms) [Parameters=[], CommandType='"Text"', CommandTimeout='30']
SELECT COUNT(*)
FROM [Categories] AS [c]
2026-08-16 16:53:49.809 +03:00 [INF] Executing ViewResult, running view Index.
2026-08-16 16:53:49.905 +03:00 [INF] Executed ViewResult - view Index executed in 96.7714ms.
2026-08-16 16:53:49.909 +03:00 [INF] Executed action CourseHub.Controllers.HomeController.Index (CourseHub) in 226.5481ms
2026-08-16 16:53:49.911 +03:00 [INF] Executed endpoint 'CourseHub.Controllers.HomeController.Index (CourseHub)'
2026-08-16 16:53:49.922 +03:00 [INF] Request finished HTTP/2 GET https://localhost:7242/ - 200 null text/html; charset=utf-8 403.0983ms
2026-08-16 16:53:49.938 +03:00 [INF] Request starting HTTP/2 GET https://localhost:7242/_vs/browserLink - null null
2026-08-16 16:53:49.938 +03:00 [INF] Request starting HTTP/2 GET https://localhost:7242/_framework/aspnetcore-browser-refresh.js - null null
2026-08-16 16:53:49.938 +03:00 [INF] Request starting HTTP/2 GET https://localhost:7242/css/site.css?v=sljbrDbbnjBjZiVEVoAhuIs99yj1s2_v5OjAQs1JK5k - null null
2026-08-16 16:53:49.947 +03:00 [INF] Request finished HTTP/2 GET https://localhost:7242/_framework/aspnetcore-browser-refresh.js - 200 14923 application/javascript; charset=utf-8 9.4195ms
2026-08-16 16:53:49.959 +03:00 [INF] Sending file. Request path: '/css/site.css'. Physical path: 'D:\Real Projects\Mvc Projects\CourseHub\CourseHub\wwwroot\css\site.css'
2026-08-16 16:53:49.960 +03:00 [INF] Request finished HTTP/2 GET https://localhost:7242/css/site.css?v=sljbrDbbnjBjZiVEVoAhuIs99yj1s2_v5OjAQs1JK5k - 200 14672 text/css 22.104ms
2026-08-16 16:53:49.970 +03:00 [INF] Request finished HTTP/2 GET https://localhost:7242/_vs/browserLink - 200 null text/javascript; charset=UTF-8 32.5533ms
2026-08-16 16:57:04.104 +03:00 [INF] Starting CourseHub application...
2026-08-16 16:57:04.527 +03:00 [INF] User profile is available. Using 'C:\Users\ayman\AppData\Local\ASP.NET\DataProtection-Keys' as key repository and Windows DPAPI to encrypt keys at rest.
2026-08-16 16:57:05.013 +03:00 [WRN] No store type was specified for the decimal property 'Price' on entity type 'Course'. This will cause values to be silently truncated if they do not fit in the default precision and scale. Explicitly specify the SQL server column type that can accommodate all the values in 'OnModelCreating' using 'HasColumnType', specify precision and scale using 'HasPrecision', or configure a value converter using 'HasConversion'.
2026-08-16 16:57:05.654 +03:00 [INF] Executed DbCommand (42ms) [Parameters=[@normalizedName='?' (Size = 256)], CommandType='"Text"', CommandTimeout='30']
SELECT TOP(1) [a].[Id], [a].[ConcurrencyStamp], [a].[Name], [a].[NormalizedName]
FROM [AspNetRoles] AS [a]
WHERE [a].[NormalizedName] = @normalizedName
2026-08-16 16:57:05.723 +03:00 [INF] Executed DbCommand (1ms) [Parameters=[@normalizedName='?' (Size = 256)], CommandType='"Text"', CommandTimeout='30']
SELECT TOP(1) [a].[Id], [a].[ConcurrencyStamp], [a].[Name], [a].[NormalizedName]
FROM [AspNetRoles] AS [a]
WHERE [a].[NormalizedName] = @normalizedName
2026-08-16 16:57:05.726 +03:00 [INF] Executed DbCommand (0ms) [Parameters=[@normalizedName='?' (Size = 256)], CommandType='"Text"', CommandTimeout='30']
SELECT TOP(1) [a].[Id], [a].[ConcurrencyStamp], [a].[Name], [a].[NormalizedName]
FROM [AspNetRoles] AS [a]
WHERE [a].[NormalizedName] = @normalizedName
2026-08-16 16:57:05.737 +03:00 [INF] Executed DbCommand (3ms) [Parameters=[@normalizedEmail='?' (Size = 256)], CommandType='"Text"', CommandTimeout='30']
SELECT TOP(2) [a].[Id], [a].[AccessFailedCount], [a].[ConcurrencyStamp], [a].[Email], [a].[EmailConfirmed], [a].[FullName], [a].[LockoutEnabled], [a].[LockoutEnd], [a].[NormalizedEmail], [a].[NormalizedUserName], [a].[PasswordHash], [a].[PhoneNumber], [a].[PhoneNumberConfirmed], [a].[SecurityStamp], [a].[TwoFactorEnabled], [a].[UserName]
FROM [AspNetUsers] AS [a]
WHERE [a].[NormalizedEmail] = @normalizedEmail
2026-08-16 16:57:05.767 +03:00 [INF] CourseHub application started successfully.
2026-08-16 16:57:05.915 +03:00 [INF] Now listening on: https://localhost:7242
2026-08-16 16:57:05.915 +03:00 [INF] Now listening on: http://localhost:5164
2026-08-16 16:57:05.946 +03:00 [INF] Application started. Press Ctrl+C to shut down.
2026-08-16 16:57:05.947 +03:00 [INF] Hosting environment: Development
2026-08-16 16:57:05.947 +03:00 [INF] Content root path: D:\Real Projects\Mvc Projects\CourseHub\CourseHub
2026-08-16 16:57:07.077 +03:00 [INF] Request starting HTTP/2 GET https://localhost:7242/ - null null
2026-08-16 16:57:07.214 +03:00 [INF] Executing endpoint 'CourseHub.Controllers.HomeController.Index (CourseHub)'
2026-08-16 16:57:07.227 +03:00 [INF] Route matched with {action = "Index", controller = "Home"}. Executing controller action with signature System.Threading.Tasks.Task`1[Microsoft.AspNetCore.Mvc.IActionResult] Index() on controller CourseHub.Controllers.HomeController (CourseHub).
2026-08-16 16:57:07.309 +03:00 [INF] Executed DbCommand (3ms) [Parameters=[], CommandType='"Text"', CommandTimeout='30']
SELECT COUNT(*)
FROM [Courses] AS [c]
2026-08-16 16:57:07.317 +03:00 [INF] Executed DbCommand (1ms) [Parameters=[], CommandType='"Text"', CommandTimeout='30']
SELECT COUNT(*)
FROM [Categories] AS [c]
2026-08-16 16:57:07.355 +03:00 [INF] Executing ViewResult, running view Index.
2026-08-16 16:57:07.447 +03:00 [INF] Executed ViewResult - view Index executed in 93.621ms.
2026-08-16 16:57:07.450 +03:00 [INF] Executed action CourseHub.Controllers.HomeController.Index (CourseHub) in 221.9117ms
2026-08-16 16:57:07.452 +03:00 [INF] Executed endpoint 'CourseHub.Controllers.HomeController.Index (CourseHub)'
2026-08-16 16:57:07.462 +03:00 [INF] Request finished HTTP/2 GET https://localhost:7242/ - 200 null text/html; charset=utf-8 390.8228ms
2026-08-16 16:57:07.478 +03:00 [INF] Request starting HTTP/2 GET https://localhost:7242/_framework/aspnetcore-browser-refresh.js - null null
2026-08-16 16:57:07.478 +03:00 [INF] Request starting HTTP/2 GET https://localhost:7242/_vs/browserLink - null null
2026-08-16 16:57:07.478 +03:00 [INF] Request starting HTTP/2 GET https://localhost:7242/css/site.css?v=sljbrDbbnjBjZiVEVoAhuIs99yj1s2_v5OjAQs1JK5k - null null
2026-08-16 16:57:07.485 +03:00 [INF] Request finished HTTP/2 GET https://localhost:7242/_framework/aspnetcore-browser-refresh.js - 200 14923 application/javascript; charset=utf-8 6.8205ms
2026-08-16 16:57:07.488 +03:00 [INF] The file /css/site.css was not modified
2026-08-16 16:57:07.490 +03:00 [INF] Request finished HTTP/2 GET https://localhost:7242/css/site.css?v=sljbrDbbnjBjZiVEVoAhuIs99yj1s2_v5OjAQs1JK5k - 304 null text/css 11.5613ms
2026-08-16 16:57:07.512 +03:00 [INF] Request finished HTTP/2 GET https://localhost:7242/_vs/browserLink - 200 null text/javascript; charset=UTF-8 33.3186ms
2026-08-16 17:06:07.624 +03:00 [INF] Starting CourseHub application...
2026-08-16 17:06:08.079 +03:00 [INF] User profile is available. Using 'C:\Users\ayman\AppData\Local\ASP.NET\DataProtection-Keys' as key repository and Windows DPAPI to encrypt keys at rest.
2026-08-16 17:06:08.618 +03:00 [WRN] No store type was specified for the decimal property 'Price' on entity type 'Course'. This will cause values to be silently truncated if they do not fit in the default precision and scale. Explicitly specify the SQL server column type that can accommodate all the values in 'OnModelCreating' using 'HasColumnType', specify precision and scale using 'HasPrecision', or configure a value converter using 'HasConversion'.
2026-08-16 17:06:09.221 +03:00 [INF] Executed DbCommand (43ms) [Parameters=[@normalizedName='?' (Size = 256)], CommandType='"Text"', CommandTimeout='30']
SELECT TOP(1) [a].[Id], [a].[ConcurrencyStamp], [a].[Name], [a].[NormalizedName]
FROM [AspNetRoles] AS [a]
WHERE [a].[NormalizedName] = @normalizedName
2026-08-16 17:06:09.297 +03:00 [INF] Executed DbCommand (2ms) [Parameters=[@normalizedName='?' (Size = 256)], CommandType='"Text"', CommandTimeout='30']
SELECT TOP(1) [a].[Id], [a].[ConcurrencyStamp], [a].[Name], [a].[NormalizedName]
FROM [AspNetRoles] AS [a]
WHERE [a].[NormalizedName] = @normalizedName
2026-08-16 17:06:09.300 +03:00 [INF] Executed DbCommand (0ms) [Parameters=[@normalizedName='?' (Size = 256)], CommandType='"Text"', CommandTimeout='30']
SELECT TOP(1) [a].[Id], [a].[ConcurrencyStamp], [a].[Name], [a].[NormalizedName]
FROM [AspNetRoles] AS [a]
WHERE [a].[NormalizedName] = @normalizedName
2026-08-16 17:06:09.313 +03:00 [INF] Executed DbCommand (3ms) [Parameters=[@normalizedEmail='?' (Size = 256)], CommandType='"Text"', CommandTimeout='30']
SELECT TOP(2) [a].[Id], [a].[AccessFailedCount], [a].[ConcurrencyStamp], [a].[Email], [a].[EmailConfirmed], [a].[FullName], [a].[LockoutEnabled], [a].[LockoutEnd], [a].[NormalizedEmail], [a].[NormalizedUserName], [a].[PasswordHash], [a].[PhoneNumber], [a].[PhoneNumberConfirmed], [a].[SecurityStamp], [a].[TwoFactorEnabled], [a].[UserName]
FROM [AspNetUsers] AS [a]
WHERE [a].[NormalizedEmail] = @normalizedEmail
2026-08-16 17:06:09.344 +03:00 [INF] CourseHub application started successfully.
2026-08-16 17:06:09.890 +03:00 [INF] Now listening on: https://localhost:7242
2026-08-16 17:06:09.891 +03:00 [INF] Now listening on: http://localhost:5164
2026-08-16 17:06:09.922 +03:00 [INF] Application started. Press Ctrl+C to shut down.
2026-08-16 17:06:09.923 +03:00 [INF] Hosting environment: Development
2026-08-16 17:06:09.924 +03:00 [INF] Content root path: D:\Real Projects\Mvc Projects\CourseHub\CourseHub
2026-08-16 17:06:12.097 +03:00 [INF] Request starting HTTP/2 GET https://localhost:7242/ - null null
2026-08-16 17:06:12.206 +03:00 [INF] Executing endpoint 'CourseHub.Controllers.HomeController.Index (CourseHub)'
2026-08-16 17:06:12.220 +03:00 [INF] Route matched with {action = "Index", controller = "Home"}. Executing controller action with signature System.Threading.Tasks.Task`1[Microsoft.AspNetCore.Mvc.IActionResult] Index() on controller CourseHub.Controllers.HomeController (CourseHub).
2026-08-16 17:06:12.306 +03:00 [INF] Executed DbCommand (3ms) [Parameters=[], CommandType='"Text"', CommandTimeout='30']
SELECT COUNT(*)
FROM [Courses] AS [c]
2026-08-16 17:06:12.314 +03:00 [INF] Executed DbCommand (2ms) [Parameters=[], CommandType='"Text"', CommandTimeout='30']
SELECT COUNT(*)
FROM [Categories] AS [c]
2026-08-16 17:06:12.354 +03:00 [INF] Executing ViewResult, running view Index.
2026-08-16 17:06:12.456 +03:00 [INF] Executed ViewResult - view Index executed in 103.4458ms.
2026-08-16 17:06:12.461 +03:00 [INF] Executed action CourseHub.Controllers.HomeController.Index (CourseHub) in 238.6861ms
2026-08-16 17:06:12.462 +03:00 [INF] Executed endpoint 'CourseHub.Controllers.HomeController.Index (CourseHub)'
2026-08-16 17:06:12.473 +03:00 [INF] Request finished HTTP/2 GET https://localhost:7242/ - 200 null text/html; charset=utf-8 381.1935ms
2026-08-16 17:06:12.485 +03:00 [INF] Request starting HTTP/2 GET https://localhost:7242/css/site.css?v=0daTp2LKd3z9IbQ0zY-lYOLmdm-pNt2r3P6kI00rsqY - null null
2026-08-16 17:06:12.485 +03:00 [INF] Request starting HTTP/2 GET https://localhost:7242/_framework/aspnetcore-browser-refresh.js - null null
2026-08-16 17:06:12.488 +03:00 [INF] Request starting HTTP/2 GET https://localhost:7242/_vs/browserLink - null null
2026-08-16 17:06:12.494 +03:00 [INF] Request finished HTTP/2 GET https://localhost:7242/_framework/aspnetcore-browser-refresh.js - 200 14923 application/javascript; charset=utf-8 8.8447ms
2026-08-16 17:06:12.504 +03:00 [INF] Sending file. Request path: '/css/site.css'. Physical path: 'D:\Real Projects\Mvc Projects\CourseHub\CourseHub\wwwroot\css\site.css'
2026-08-16 17:06:12.505 +03:00 [INF] Request finished HTTP/2 GET https://localhost:7242/css/site.css?v=0daTp2LKd3z9IbQ0zY-lYOLmdm-pNt2r3P6kI00rsqY - 200 14670 text/css 20.4711ms
2026-08-16 17:06:12.519 +03:00 [INF] Request finished HTTP/2 GET https://localhost:7242/_vs/browserLink - 200 null text/javascript; charset=UTF-8 31.3739ms
2026-08-16 17:09:49.329 +03:00 [INF] Starting CourseHub application...
2026-08-16 17:09:49.788 +03:00 [INF] User profile is available. Using 'C:\Users\ayman\AppData\Local\ASP.NET\DataProtection-Keys' as key repository and Windows DPAPI to encrypt keys at rest.
2026-08-16 17:09:50.365 +03:00 [WRN] No store type was specified for the decimal property 'Price' on entity type 'Course'. This will cause values to be silently truncated if they do not fit in the default precision and scale. Explicitly specify the SQL server column type that can accommodate all the values in 'OnModelCreating' using 'HasColumnType', specify precision and scale using 'HasPrecision', or configure a value converter using 'HasConversion'.
2026-08-16 17:09:51.141 +03:00 [INF] Executed DbCommand (57ms) [Parameters=[@normalizedName='?' (Size = 256)], CommandType='"Text"', CommandTimeout='30']
SELECT TOP(1) [a].[Id], [a].[ConcurrencyStamp], [a].[Name], [a].[NormalizedName]
FROM [AspNetRoles] AS [a]
WHERE [a].[NormalizedName] = @normalizedName
2026-08-16 17:09:51.223 +03:00 [INF] Executed DbCommand (4ms) [Parameters=[@normalizedName='?' (Size = 256)], CommandType='"Text"', CommandTimeout='30']
SELECT TOP(1) [a].[Id], [a].[ConcurrencyStamp], [a].[Name], [a].[NormalizedName]
FROM [AspNetRoles] AS [a]
WHERE [a].[NormalizedName] = @normalizedName
2026-08-16 17:09:51.226 +03:00 [INF] Executed DbCommand (0ms) [Parameters=[@normalizedName='?' (Size = 256)], CommandType='"Text"', CommandTimeout='30']
SELECT TOP(1) [a].[Id], [a].[ConcurrencyStamp], [a].[Name], [a].[NormalizedName]
FROM [AspNetRoles] AS [a]
WHERE [a].[NormalizedName] = @normalizedName
2026-08-16 17:09:51.238 +03:00 [INF] Executed DbCommand (3ms) [Parameters=[@normalizedEmail='?' (Size = 256)], CommandType='"Text"', CommandTimeout='30']
SELECT TOP(2) [a].[Id], [a].[AccessFailedCount], [a].[ConcurrencyStamp], [a].[Email], [a].[EmailConfirmed], [a].[FullName], [a].[LockoutEnabled], [a].[LockoutEnd], [a].[NormalizedEmail], [a].[NormalizedUserName], [a].[PasswordHash], [a].[PhoneNumber], [a].[PhoneNumberConfirmed], [a].[SecurityStamp], [a].[TwoFactorEnabled], [a].[UserName]
FROM [AspNetUsers] AS [a]
WHERE [a].[NormalizedEmail] = @normalizedEmail
2026-08-16 17:09:51.270 +03:00 [INF] CourseHub application started successfully.
2026-08-16 17:09:51.461 +03:00 [INF] Now listening on: https://localhost:7242
2026-08-16 17:09:51.461 +03:00 [INF] Now listening on: http://localhost:5164
2026-08-16 17:09:51.492 +03:00 [INF] Application started. Press Ctrl+C to shut down.
2026-08-16 17:09:51.493 +03:00 [INF] Hosting environment: Development
2026-08-16 17:09:51.493 +03:00 [INF] Content root path: D:\Real Projects\Mvc Projects\CourseHub\CourseHub
2026-08-16 17:09:52.609 +03:00 [INF] Request starting HTTP/2 GET https://localhost:7242/ - null null
2026-08-16 17:09:52.719 +03:00 [INF] Executing endpoint 'CourseHub.Controllers.HomeController.Index (CourseHub)'
2026-08-16 17:09:52.732 +03:00 [INF] Route matched with {action = "Index", controller = "Home"}. Executing controller action with signature System.Threading.Tasks.Task`1[Microsoft.AspNetCore.Mvc.IActionResult] Index() on controller CourseHub.Controllers.HomeController (CourseHub).
2026-08-16 17:09:52.814 +03:00 [INF] Executed DbCommand (3ms) [Parameters=[], CommandType='"Text"', CommandTimeout='30']
SELECT COUNT(*)
FROM [Courses] AS [c]
2026-08-16 17:09:52.821 +03:00 [INF] Executed DbCommand (2ms) [Parameters=[], CommandType='"Text"', CommandTimeout='30']
SELECT COUNT(*)
FROM [Categories] AS [c]
2026-08-16 17:09:52.857 +03:00 [INF] Executing ViewResult, running view Index.
2026-08-16 17:09:52.954 +03:00 [INF] Executed ViewResult - view Index executed in 97.2525ms.
2026-08-16 17:09:52.958 +03:00 [INF] Executed action CourseHub.Controllers.HomeController.Index (CourseHub) in 224.6728ms
2026-08-16 17:09:52.960 +03:00 [INF] Executed endpoint 'CourseHub.Controllers.HomeController.Index (CourseHub)'
2026-08-16 17:09:52.970 +03:00 [INF] Request finished HTTP/2 GET https://localhost:7242/ - 200 null text/html; charset=utf-8 368.18ms
2026-08-16 17:09:52.981 +03:00 [INF] Request starting HTTP/2 GET https://localhost:7242/_framework/aspnetcore-browser-refresh.js - null null
2026-08-16 17:09:52.981 +03:00 [INF] Request starting HTTP/2 GET https://localhost:7242/css/site.css?v=6DOotdnC0OGdQZ-7ZD3IhMyX2vCwVQ8uRCYpBNhY_7A - null null
2026-08-16 17:09:52.982 +03:00 [INF] Request starting HTTP/2 GET https://localhost:7242/_vs/browserLink - null null
2026-08-16 17:09:52.988 +03:00 [INF] Request finished HTTP/2 GET https://localhost:7242/_framework/aspnetcore-browser-refresh.js - 200 14923 application/javascript; charset=utf-8 7.1799ms
2026-08-16 17:09:52.999 +03:00 [INF] Sending file. Request path: '/css/site.css'. Physical path: 'D:\Real Projects\Mvc Projects\CourseHub\CourseHub\wwwroot\css\site.css'
2026-08-16 17:09:53.000 +03:00 [INF] Request finished HTTP/2 GET https://localhost:7242/css/site.css?v=6DOotdnC0OGdQZ-7ZD3IhMyX2vCwVQ8uRCYpBNhY_7A - 200 14665 text/css 19.0096ms
2026-08-16 17:09:53.014 +03:00 [INF] Request finished HTTP/2 GET https://localhost:7242/_vs/browserLink - 200 null text/javascript; charset=UTF-8 32.6369ms
2026-08-16 17:54:22.291 +03:00 [INF] Starting CourseHub application...
2026-08-16 17:54:22.763 +03:00 [INF] User profile is available. Using 'C:\Users\ayman\AppData\Local\ASP.NET\DataProtection-Keys' as key repository and Windows DPAPI to encrypt keys at rest.
2026-08-16 17:54:23.235 +03:00 [WRN] No store type was specified for the decimal property 'Price' on entity type 'Course'. This will cause values to be silently truncated if they do not fit in the default precision and scale. Explicitly specify the SQL server column type that can accommodate all the values in 'OnModelCreating' using 'HasColumnType', specify precision and scale using 'HasPrecision', or configure a value converter using 'HasConversion'.
2026-08-16 17:54:23.862 +03:00 [INF] Executed DbCommand (58ms) [Parameters=[@normalizedName='?' (Size = 256)], CommandType='"Text"', CommandTimeout='30']
SELECT TOP(1) [a].[Id], [a].[ConcurrencyStamp], [a].[Name], [a].[NormalizedName]
FROM [AspNetRoles] AS [a]
WHERE [a].[NormalizedName] = @normalizedName
2026-08-16 17:54:23.941 +03:00 [INF] Executed DbCommand (1ms) [Parameters=[@normalizedName='?' (Size = 256)], CommandType='"Text"', CommandTimeout='30']
SELECT TOP(1) [a].[Id], [a].[ConcurrencyStamp], [a].[Name], [a].[NormalizedName]
FROM [AspNetRoles] AS [a]
WHERE [a].[NormalizedName] = @normalizedName
2026-08-16 17:54:23.943 +03:00 [INF] Executed DbCommand (0ms) [Parameters=[@normalizedName='?' (Size = 256)], CommandType='"Text"', CommandTimeout='30']
SELECT TOP(1) [a].[Id], [a].[ConcurrencyStamp], [a].[Name], [a].[NormalizedName]
FROM [AspNetRoles] AS [a]
WHERE [a].[NormalizedName] = @normalizedName
2026-08-16 17:54:23.956 +03:00 [INF] Executed DbCommand (3ms) [Parameters=[@normalizedEmail='?' (Size = 256)], CommandType='"Text"', CommandTimeout='30']
SELECT TOP(2) [a].[Id], [a].[AccessFailedCount], [a].[ConcurrencyStamp], [a].[Email], [a].[EmailConfirmed], [a].[FullName], [a].[LockoutEnabled], [a].[LockoutEnd], [a].[NormalizedEmail], [a].[NormalizedUserName], [a].[PasswordHash], [a].[PhoneNumber], [a].[PhoneNumberConfirmed], [a].[SecurityStamp], [a].[TwoFactorEnabled], [a].[UserName]
FROM [AspNetUsers] AS [a]
WHERE [a].[NormalizedEmail] = @normalizedEmail
2026-08-16 17:54:23.987 +03:00 [INF] CourseHub application started successfully.
2026-08-16 17:54:24.145 +03:00 [INF] Now listening on: https://localhost:7242
2026-08-16 17:54:24.146 +03:00 [INF] Now listening on: http://localhost:5164
2026-08-16 17:54:24.179 +03:00 [INF] Application started. Press Ctrl+C to shut down.
2026-08-16 17:54:24.180 +03:00 [INF] Hosting environment: Development
2026-08-16 17:54:24.180 +03:00 [INF] Content root path: D:\Real Projects\Mvc Projects\CourseHub\CourseHub
2026-08-16 17:54:24.421 +03:00 [INF] Request starting HTTP/2 GET https://localhost:7242/ - null null
2026-08-16 17:54:24.601 +03:00 [INF] Executed DbCommand (2ms) [Parameters=[@p='?' (Size = 450)], CommandType='"Text"', CommandTimeout='30']
SELECT TOP(1) [a].[Id], [a].[AccessFailedCount], [a].[ConcurrencyStamp], [a].[Email], [a].[EmailConfirmed], [a].[FullName], [a].[LockoutEnabled], [a].[LockoutEnd], [a].[NormalizedEmail], [a].[NormalizedUserName], [a].[PasswordHash], [a].[PhoneNumber], [a].[PhoneNumberConfirmed], [a].[SecurityStamp], [a].[TwoFactorEnabled], [a].[UserName]
FROM [AspNetUsers] AS [a]
WHERE [a].[Id] = @p
2026-08-16 17:54:24.635 +03:00 [INF] Executed DbCommand (2ms) [Parameters=[@user_Id='?' (Size = 450)], CommandType='"Text"', CommandTimeout='30']
SELECT [a].[Id], [a].[ClaimType], [a].[ClaimValue], [a].[UserId]
FROM [AspNetUserClaims] AS [a]
WHERE [a].[UserId] = @user_Id
2026-08-16 17:54:24.659 +03:00 [INF] Executed DbCommand (2ms) [Parameters=[@userId='?' (Size = 450)], CommandType='"Text"', CommandTimeout='30']
SELECT [a0].[Name]
FROM [AspNetUserRoles] AS [a]
INNER JOIN [AspNetRoles] AS [a0] ON [a].[RoleId] = [a0].[Id]
WHERE [a].[UserId] = @userId
2026-08-16 17:54:24.662 +03:00 [INF] Executed DbCommand (0ms) [Parameters=[@normalizedName='?' (Size = 256)], CommandType='"Text"', CommandTimeout='30']
SELECT TOP(1) [a].[Id], [a].[ConcurrencyStamp], [a].[Name], [a].[NormalizedName]
FROM [AspNetRoles] AS [a]
WHERE [a].[NormalizedName] = @normalizedName
2026-08-16 17:54:24.670 +03:00 [INF] Executed DbCommand (2ms) [Parameters=[@role_Id='?' (Size = 450)], CommandType='"Text"', CommandTimeout='30']
SELECT [a].[ClaimType], [a].[ClaimValue]
FROM [AspNetRoleClaims] AS [a]
WHERE [a].[RoleId] = @role_Id
2026-08-16 17:54:24.679 +03:00 [INF] Executing endpoint 'CourseHub.Controllers.HomeController.Index (CourseHub)'
2026-08-16 17:54:24.691 +03:00 [INF] Route matched with {action = "Index", controller = "Home"}. Executing controller action with signature System.Threading.Tasks.Task`1[Microsoft.AspNetCore.Mvc.IActionResult] Index() on controller CourseHub.Controllers.HomeController (CourseHub).
2026-08-16 17:54:24.716 +03:00 [INF] Executed DbCommand (2ms) [Parameters=[], CommandType='"Text"', CommandTimeout='30']
SELECT COUNT(*)
FROM [Courses] AS [c]
2026-08-16 17:54:24.722 +03:00 [INF] Executed DbCommand (1ms) [Parameters=[], CommandType='"Text"', CommandTimeout='30']
SELECT COUNT(*)
FROM [Categories] AS [c]
2026-08-16 17:54:24.761 +03:00 [INF] Executing ViewResult, running view Index.
2026-08-16 17:54:24.857 +03:00 [INF] Executed ViewResult - view Index executed in 96.462ms.
2026-08-16 17:54:24.861 +03:00 [INF] Executed action CourseHub.Controllers.HomeController.Index (CourseHub) in 167.4365ms
2026-08-16 17:54:24.862 +03:00 [INF] Executed endpoint 'CourseHub.Controllers.HomeController.Index (CourseHub)'
2026-08-16 17:54:24.871 +03:00 [INF] Request finished HTTP/2 GET https://localhost:7242/ - 200 null text/html; charset=utf-8 458.0282ms
2026-08-16 17:54:24.877 +03:00 [INF] Request starting HTTP/2 GET https://localhost:7242/css/site.css?v=cwclJgLlbxwcEVdCm9wag-5Sokkdt_i4Wvr-1Qp30T0 - null null
2026-08-16 17:54:24.877 +03:00 [INF] Request starting HTTP/2 GET https://localhost:7242/_framework/aspnetcore-browser-refresh.js - null null
2026-08-16 17:54:24.886 +03:00 [INF] Request finished HTTP/2 GET https://localhost:7242/_framework/aspnetcore-browser-refresh.js - 200 14923 application/javascript; charset=utf-8 8.4772ms
2026-08-16 17:54:24.890 +03:00 [INF] Request starting HTTP/2 GET https://localhost:7242/_vs/browserLink - null null
2026-08-16 17:54:24.895 +03:00 [INF] Sending file. Request path: '/css/site.css'. Physical path: 'D:\Real Projects\Mvc Projects\CourseHub\CourseHub\wwwroot\css\site.css'
2026-08-16 17:54:24.896 +03:00 [INF] Request finished HTTP/2 GET https://localhost:7242/css/site.css?v=cwclJgLlbxwcEVdCm9wag-5Sokkdt_i4Wvr-1Qp30T0 - 200 18043 text/css 18.913ms
2026-08-16 17:54:24.921 +03:00 [INF] Request finished HTTP/2 GET https://localhost:7242/_vs/browserLink - 200 null text/javascript; charset=UTF-8 30.9787ms
2026-08-16 17:54:42.190 +03:00 [INF] Request starting HTTP/2 GET https://localhost:7242/Admin/Dashboard - null null
2026-08-16 17:54:42.209 +03:00 [INF] Executing endpoint 'CourseHub.Controllers.AdminController.Dashboard (CourseHub)'
2026-08-16 17:54:42.216 +03:00 [INF] Route matched with {action = "Dashboard", controller = "Admin"}. Executing controller action with signature System.Threading.Tasks.Task`1[Microsoft.AspNetCore.Mvc.IActionResult] Dashboard() on controller CourseHub.Controllers.AdminController (CourseHub).
2026-08-16 17:54:42.240 +03:00 [INF] Executed DbCommand (2ms) [Parameters=[@normalizedRoleName='?' (Size = 256)], CommandType='"Text"', CommandTimeout='30']
SELECT TOP(2) [a].[Id], [a].[ConcurrencyStamp], [a].[Name], [a].[NormalizedName]
FROM [AspNetRoles] AS [a]
WHERE [a].[NormalizedName] = @normalizedRoleName
2026-08-16 17:54:42.253 +03:00 [INF] Executed DbCommand (3ms) [Parameters=[@role_Id='?' (Size = 450)], CommandType='"Text"', CommandTimeout='30']
SELECT [a0].[Id], [a0].[AccessFailedCount], [a0].[ConcurrencyStamp], [a0].[Email], [a0].[EmailConfirmed], [a0].[FullName], [a0].[LockoutEnabled], [a0].[LockoutEnd], [a0].[NormalizedEmail], [a0].[NormalizedUserName], [a0].[PasswordHash], [a0].[PhoneNumber], [a0].[PhoneNumberConfirmed], [a0].[SecurityStamp], [a0].[TwoFactorEnabled], [a0].[UserName]
FROM [AspNetUserRoles] AS [a]
INNER JOIN [AspNetUsers] AS [a0] ON [a].[UserId] = [a0].[Id]
WHERE [a].[RoleId] = @role_Id
2026-08-16 17:54:42.256 +03:00 [INF] Executed DbCommand (0ms) [Parameters=[@normalizedRoleName='?' (Size = 256)], CommandType='"Text"', CommandTimeout='30']
SELECT TOP(2) [a].[Id], [a].[ConcurrencyStamp], [a].[Name], [a].[NormalizedName]
FROM [AspNetRoles] AS [a]
WHERE [a].[NormalizedName] = @normalizedRoleName
2026-08-16 17:54:42.260 +03:00 [INF] Executed DbCommand (0ms) [Parameters=[@role_Id='?' (Size = 450)], CommandType='"Text"', CommandTimeout='30']
SELECT [a0].[Id], [a0].[AccessFailedCount], [a0].[ConcurrencyStamp], [a0].[Email], [a0].[EmailConfirmed], [a0].[FullName], [a0].[LockoutEnabled], [a0].[LockoutEnd], [a0].[NormalizedEmail], [a0].[NormalizedUserName], [a0].[PasswordHash], [a0].[PhoneNumber], [a0].[PhoneNumberConfirmed], [a0].[SecurityStamp], [a0].[TwoFactorEnabled], [a0].[UserName]
FROM [AspNetUserRoles] AS [a]
INNER JOIN [AspNetUsers] AS [a0] ON [a].[UserId] = [a0].[Id]
WHERE [a].[RoleId] = @role_Id
2026-08-16 17:54:42.266 +03:00 [INF] Executed DbCommand (2ms) [Parameters=[], CommandType='"Text"', CommandTimeout='30']
SELECT COUNT(*)
FROM [AspNetUsers] AS [a]
2026-08-16 17:54:42.268 +03:00 [INF] Executed DbCommand (0ms) [Parameters=[], CommandType='"Text"', CommandTimeout='30']
SELECT COUNT(*)
FROM [Courses] AS [c]
2026-08-16 17:54:42.275 +03:00 [INF] Executed DbCommand (2ms) [Parameters=[], CommandType='"Text"', CommandTimeout='30']
SELECT COUNT(*)
FROM [Enrollments] AS [e]
2026-08-16 17:54:42.278 +03:00 [INF] Executing ViewResult, running view Dashboard.
2026-08-16 17:54:42.290 +03:00 [INF] Executed ViewResult - view Dashboard executed in 13.2033ms.
2026-08-16 17:54:42.292 +03:00 [INF] Executed action CourseHub.Controllers.AdminController.Dashboard (CourseHub) in 74.5436ms
2026-08-16 17:54:42.293 +03:00 [INF] Executed endpoint 'CourseHub.Controllers.AdminController.Dashboard (CourseHub)'
2026-08-16 17:54:42.294 +03:00 [INF] Request finished HTTP/2 GET https://localhost:7242/Admin/Dashboard - 200 null text/html; charset=utf-8 103.7337ms
2026-08-16 17:54:42.330 +03:00 [INF] Request starting HTTP/2 GET https://localhost:7242/css/site.css?v=cwclJgLlbxwcEVdCm9wag-5Sokkdt_i4Wvr-1Qp30T0 - null null
2026-08-16 17:54:42.330 +03:00 [INF] Request starting HTTP/2 GET https://localhost:7242/_framework/aspnetcore-browser-refresh.js - null null
2026-08-16 17:54:42.330 +03:00 [INF] Request starting HTTP/2 GET https://localhost:7242/_vs/browserLink - null null
2026-08-16 17:54:42.333 +03:00 [INF] Request finished HTTP/2 GET https://localhost:7242/_framework/aspnetcore-browser-refresh.js - 200 14923 application/javascript; charset=utf-8 3.7544ms
2026-08-16 17:54:42.333 +03:00 [INF] The file /css/site.css was not modified
2026-08-16 17:54:42.337 +03:00 [INF] Request finished HTTP/2 GET https://localhost:7242/css/site.css?v=cwclJgLlbxwcEVdCm9wag-5Sokkdt_i4Wvr-1Qp30T0 - 304 null text/css 7.962ms
2026-08-16 17:54:42.347 +03:00 [INF] Request finished HTTP/2 GET https://localhost:7242/_vs/browserLink - 200 null text/javascript; charset=UTF-8 17.5237ms
2026-08-16 17:54:47.103 +03:00 [INF] Request starting HTTP/2 GET https://localhost:7242/Admin/Students - null null
2026-08-16 17:54:47.130 +03:00 [INF] Executing endpoint 'CourseHub.Controllers.AdminController.Students (CourseHub)'
2026-08-16 17:54:47.138 +03:00 [INF] Route matched with {action = "Students", controller = "Admin"}. Executing controller action with signature System.Threading.Tasks.Task`1[Microsoft.AspNetCore.Mvc.IActionResult] Students() on controller CourseHub.Controllers.AdminController (CourseHub).
2026-08-16 17:54:47.143 +03:00 [INF] Executed DbCommand (0ms) [Parameters=[@normalizedRoleName='?' (Size = 256)], CommandType='"Text"', CommandTimeout='30']
SELECT TOP(2) [a].[Id], [a].[ConcurrencyStamp], [a].[Name], [a].[NormalizedName]
FROM [AspNetRoles] AS [a]
WHERE [a].[NormalizedName] = @normalizedRoleName
2026-08-16 17:54:47.145 +03:00 [INF] Executed DbCommand (1ms) [Parameters=[@role_Id='?' (Size = 450)], CommandType='"Text"', CommandTimeout='30']
SELECT [a0].[Id], [a0].[AccessFailedCount], [a0].[ConcurrencyStamp], [a0].[Email], [a0].[EmailConfirmed], [a0].[FullName], [a0].[LockoutEnabled], [a0].[LockoutEnd], [a0].[NormalizedEmail], [a0].[NormalizedUserName], [a0].[PasswordHash], [a0].[PhoneNumber], [a0].[PhoneNumberConfirmed], [a0].[SecurityStamp], [a0].[TwoFactorEnabled], [a0].[UserName]
FROM [AspNetUserRoles] AS [a]
INNER JOIN [AspNetUsers] AS [a0] ON [a].[UserId] = [a0].[Id]
WHERE [a].[RoleId] = @role_Id
2026-08-16 17:54:47.149 +03:00 [INF] Executing ViewResult, running view Students.
2026-08-16 17:54:47.166 +03:00 [INF] Executed ViewResult - view Students executed in 17.868ms.
2026-08-16 17:54:47.167 +03:00 [INF] Executed action CourseHub.Controllers.AdminController.Students (CourseHub) in 28.1469ms
2026-08-16 17:54:47.168 +03:00 [INF] Executed endpoint 'CourseHub.Controllers.AdminController.Students (CourseHub)'
2026-08-16 17:54:47.169 +03:00 [INF] Request finished HTTP/2 GET https://localhost:7242/Admin/Students - 200 null text/html; charset=utf-8 67.2013ms
2026-08-16 17:54:47.205 +03:00 [INF] Request starting HTTP/2 GET https://localhost:7242/css/site.css?v=cwclJgLlbxwcEVdCm9wag-5Sokkdt_i4Wvr-1Qp30T0 - null null
2026-08-16 17:54:47.205 +03:00 [INF] Request starting HTTP/2 GET https://localhost:7242/_vs/browserLink - null null
2026-08-16 17:54:47.205 +03:00 [INF] Request starting HTTP/2 GET https://localhost:7242/_framework/aspnetcore-browser-refresh.js - null null
2026-08-16 17:54:47.207 +03:00 [INF] The file /css/site.css was not modified
2026-08-16 17:54:47.210 +03:00 [INF] Request finished HTTP/2 GET https://localhost:7242/_framework/aspnetcore-browser-refresh.js - 200 14923 application/javascript; charset=utf-8 4.3932ms
2026-08-16 17:54:47.210 +03:00 [INF] Request finished HTTP/2 GET https://localhost:7242/css/site.css?v=cwclJgLlbxwcEVdCm9wag-5Sokkdt_i4Wvr-1Qp30T0 - 304 null text/css 5.0363ms
2026-08-16 17:54:47.212 +03:00 [INF] Request finished HTTP/2 GET https://localhost:7242/_vs/browserLink - 200 null text/javascript; charset=UTF-8 6.797ms
2026-08-16 17:55:03.847 +03:00 [INF] Request starting HTTP/2 GET https://localhost:7242/Admin/Dashboard - null null
2026-08-16 17:55:03.852 +03:00 [INF] Executing endpoint 'CourseHub.Controllers.AdminController.Dashboard (CourseHub)'
2026-08-16 17:55:03.853 +03:00 [INF] Route matched with {action = "Dashboard", controller = "Admin"}. Executing controller action with signature System.Threading.Tasks.Task`1[Microsoft.AspNetCore.Mvc.IActionResult] Dashboard() on controller CourseHub.Controllers.AdminController (CourseHub).
2026-08-16 17:55:03.857 +03:00 [INF] Executed DbCommand (2ms) [Parameters=[@normalizedRoleName='?' (Size = 256)], CommandType='"Text"', CommandTimeout='30']
SELECT TOP(2) [a].[Id], [a].[ConcurrencyStamp], [a].[Name], [a].[NormalizedName]
FROM [AspNetRoles] AS [a]
WHERE [a].[NormalizedName] = @normalizedRoleName
2026-08-16 17:55:03.861 +03:00 [INF] Executed DbCommand (2ms) [Parameters=[@role_Id='?' (Size = 450)], CommandType='"Text"', CommandTimeout='30']
SELECT [a0].[Id], [a0].[AccessFailedCount], [a0].[ConcurrencyStamp], [a0].[Email], [a0].[EmailConfirmed], [a0].[FullName], [a0].[LockoutEnabled], [a0].[LockoutEnd], [a0].[NormalizedEmail], [a0].[NormalizedUserName], [a0].[PasswordHash], [a0].[PhoneNumber], [a0].[PhoneNumberConfirmed], [a0].[SecurityStamp], [a0].[TwoFactorEnabled], [a0].[UserName]
FROM [AspNetUserRoles] AS [a]
INNER JOIN [AspNetUsers] AS [a0] ON [a].[UserId] = [a0].[Id]
WHERE [a].[RoleId] = @role_Id
2026-08-16 17:55:03.863 +03:00 [INF] Executed DbCommand (0ms) [Parameters=[@normalizedRoleName='?' (Size = 256)], CommandType='"Text"', CommandTimeout='30']
SELECT TOP(2) [a].[Id], [a].[ConcurrencyStamp], [a].[Name], [a].[NormalizedName]
FROM [AspNetRoles] AS [a]
WHERE [a].[NormalizedName] = @normalizedRoleName
2026-08-16 17:55:03.864 +03:00 [INF] Executed DbCommand (0ms) [Parameters=[@role_Id='?' (Size = 450)], CommandType='"Text"', CommandTimeout='30']
SELECT [a0].[Id], [a0].[AccessFailedCount], [a0].[ConcurrencyStamp], [a0].[Email], [a0].[EmailConfirmed], [a0].[FullName], [a0].[LockoutEnabled], [a0].[LockoutEnd], [a0].[NormalizedEmail], [a0].[NormalizedUserName], [a0].[PasswordHash], [a0].[PhoneNumber], [a0].[PhoneNumberConfirmed], [a0].[SecurityStamp], [a0].[TwoFactorEnabled], [a0].[UserName]
FROM [AspNetUserRoles] AS [a]
INNER JOIN [AspNetUsers] AS [a0] ON [a].[UserId] = [a0].[Id]
WHERE [a].[RoleId] = @role_Id
2026-08-16 17:55:03.866 +03:00 [INF] Executed DbCommand (1ms) [Parameters=[], CommandType='"Text"', CommandTimeout='30']
SELECT COUNT(*)
FROM [AspNetUsers] AS [a]
2026-08-16 17:55:03.868 +03:00 [INF] Executed DbCommand (1ms) [Parameters=[], CommandType='"Text"', CommandTimeout='30']
SELECT COUNT(*)
FROM [Courses] AS [c]
2026-08-16 17:55:03.870 +03:00 [INF] Executed DbCommand (1ms) [Parameters=[], CommandType='"Text"', CommandTimeout='30']
SELECT COUNT(*)
FROM [Enrollments] AS [e]
2026-08-16 17:55:03.871 +03:00 [INF] Executing ViewResult, running view Dashboard.
2026-08-16 17:55:03.884 +03:00 [INF] Executed ViewResult - view Dashboard executed in 13.36ms.
2026-08-16 17:55:03.886 +03:00 [INF] Executed action CourseHub.Controllers.AdminController.Dashboard (CourseHub) in 31.5086ms
2026-08-16 17:55:03.886 +03:00 [INF] Executed endpoint 'CourseHub.Controllers.AdminController.Dashboard (CourseHub)'
2026-08-16 17:55:03.887 +03:00 [INF] Request finished HTTP/2 GET https://localhost:7242/Admin/Dashboard - 200 null text/html; charset=utf-8 39.8712ms
2026-08-16 17:55:03.919 +03:00 [INF] Request starting HTTP/2 GET https://localhost:7242/_framework/aspnetcore-browser-refresh.js - null null
2026-08-16 17:55:03.921 +03:00 [INF] Request finished HTTP/2 GET https://localhost:7242/_framework/aspnetcore-browser-refresh.js - 200 14923 application/javascript; charset=utf-8 2.0908ms
2026-08-16 17:55:05.348 +03:00 [INF] Request starting HTTP/2 GET https://localhost:7242/Admin/Instructors - null null
2026-08-16 17:55:05.351 +03:00 [INF] Executing endpoint 'CourseHub.Controllers.AdminController.Instructors (CourseHub)'
2026-08-16 17:55:05.358 +03:00 [INF] Route matched with {action = "Instructors", controller = "Admin"}. Executing controller action with signature System.Threading.Tasks.Task`1[Microsoft.AspNetCore.Mvc.IActionResult] Instructors() on controller CourseHub.Controllers.AdminController (CourseHub).
2026-08-16 17:55:05.361 +03:00 [INF] Executed DbCommand (1ms) [Parameters=[@normalizedRoleName='?' (Size = 256)], CommandType='"Text"', CommandTimeout='30']
SELECT TOP(2) [a].[Id], [a].[ConcurrencyStamp], [a].[Name], [a].[NormalizedName]
FROM [AspNetRoles] AS [a]
WHERE [a].[NormalizedName] = @normalizedRoleName
2026-08-16 17:55:05.363 +03:00 [INF] Executed DbCommand (0ms) [Parameters=[@role_Id='?' (Size = 450)], CommandType='"Text"', CommandTimeout='30']
SELECT [a0].[Id], [a0].[AccessFailedCount], [a0].[ConcurrencyStamp], [a0].[Email], [a0].[EmailConfirmed], [a0].[FullName], [a0].[LockoutEnabled], [a0].[LockoutEnd], [a0].[NormalizedEmail], [a0].[NormalizedUserName], [a0].[PasswordHash], [a0].[PhoneNumber], [a0].[PhoneNumberConfirmed], [a0].[SecurityStamp], [a0].[TwoFactorEnabled], [a0].[UserName]
FROM [AspNetUserRoles] AS [a]
INNER JOIN [AspNetUsers] AS [a0] ON [a].[UserId] = [a0].[Id]
WHERE [a].[RoleId] = @role_Id
2026-08-16 17:55:05.365 +03:00 [INF] Executing ViewResult, running view Instructors.
2026-08-16 17:55:05.375 +03:00 [INF] Executed ViewResult - view Instructors executed in 10.2892ms.
2026-08-16 17:55:05.376 +03:00 [INF] Executed action CourseHub.Controllers.AdminController.Instructors (CourseHub) in 17.0901ms
2026-08-16 17:55:05.377 +03:00 [INF] Executed endpoint 'CourseHub.Controllers.AdminController.Instructors (CourseHub)'
2026-08-16 17:55:05.377 +03:00 [INF] Request finished HTTP/2 GET https://localhost:7242/Admin/Instructors - 200 null text/html; charset=utf-8 29.837ms
2026-08-16 17:55:05.416 +03:00 [INF] Request starting HTTP/2 GET https://localhost:7242/css/site.css?v=cwclJgLlbxwcEVdCm9wag-5Sokkdt_i4Wvr-1Qp30T0 - null null
2026-08-16 17:55:05.416 +03:00 [INF] Request starting HTTP/2 GET https://localhost:7242/_vs/browserLink - null null
2026-08-16 17:55:05.416 +03:00 [INF] Request starting HTTP/2 GET https://localhost:7242/_framework/aspnetcore-browser-refresh.js - null null
2026-08-16 17:55:05.418 +03:00 [INF] The file /css/site.css was not modified
2026-08-16 17:55:05.421 +03:00 [INF] Request finished HTTP/2 GET https://localhost:7242/_framework/aspnetcore-browser-refresh.js - 200 14923 application/javascript; charset=utf-8 5.2336ms
2026-08-16 17:55:05.421 +03:00 [INF] Request finished HTTP/2 GET https://localhost:7242/css/site.css?v=cwclJgLlbxwcEVdCm9wag-5Sokkdt_i4Wvr-1Qp30T0 - 304 null text/css 5.9042ms
2026-08-16 17:55:05.423 +03:00 [INF] Request finished HTTP/2 GET https://localhost:7242/_vs/browserLink - 200 null text/javascript; charset=UTF-8 7.0567ms
2026-08-16 17:55:09.928 +03:00 [INF] Request starting HTTP/2 GET https://localhost:7242/Admin/Dashboard - null null
2026-08-16 17:55:09.931 +03:00 [INF] Executing endpoint 'CourseHub.Controllers.AdminController.Dashboard (CourseHub)'
2026-08-16 17:55:09.932 +03:00 [INF] Route matched with {action = "Dashboard", controller = "Admin"}. Executing controller action with signature System.Threading.Tasks.Task`1[Microsoft.AspNetCore.Mvc.IActionResult] Dashboard() on controller CourseHub.Controllers.AdminController (CourseHub).
2026-08-16 17:55:09.934 +03:00 [INF] Executed DbCommand (0ms) [Parameters=[@normalizedRoleName='?' (Size = 256)], CommandType='"Text"', CommandTimeout='30']
SELECT TOP(2) [a].[Id], [a].[ConcurrencyStamp], [a].[Name], [a].[NormalizedName]
FROM [AspNetRoles] AS [a]
WHERE [a].[NormalizedName] = @normalizedRoleName
2026-08-16 17:55:09.936 +03:00 [INF] Executed DbCommand (0ms) [Parameters=[@role_Id='?' (Size = 450)], CommandType='"Text"', CommandTimeout='30']
SELECT [a0].[Id], [a0].[AccessFailedCount], [a0].[ConcurrencyStamp], [a0].[Email], [a0].[EmailConfirmed], [a0].[FullName], [a0].[LockoutEnabled], [a0].[LockoutEnd], [a0].[NormalizedEmail], [a0].[NormalizedUserName], [a0].[PasswordHash], [a0].[PhoneNumber], [a0].[PhoneNumberConfirmed], [a0].[SecurityStamp], [a0].[TwoFactorEnabled], [a0].[UserName]
FROM [AspNetUserRoles] AS [a]
INNER JOIN [AspNetUsers] AS [a0] ON [a].[UserId] = [a0].[Id]
WHERE [a].[RoleId] = @role_Id
2026-08-16 17:55:09.937 +03:00 [INF] Executed DbCommand (0ms) [Parameters=[@normalizedRoleName='?' (Size = 256)], CommandType='"Text"', CommandTimeout='30']
SELECT TOP(2) [a].[Id], [a].[ConcurrencyStamp], [a].[Name], [a].[NormalizedName]
FROM [AspNetRoles] AS [a]
WHERE [a].[NormalizedName] = @normalizedRoleName
2026-08-16 17:55:09.939 +03:00 [INF] Executed DbCommand (0ms) [Parameters=[@role_Id='?' (Size = 450)], CommandType='"Text"', CommandTimeout='30']
SELECT [a0].[Id], [a0].[AccessFailedCount], [a0].[ConcurrencyStamp], [a0].[Email], [a0].[EmailConfirmed], [a0].[FullName], [a0].[LockoutEnabled], [a0].[LockoutEnd], [a0].[NormalizedEmail], [a0].[NormalizedUserName], [a0].[PasswordHash], [a0].[PhoneNumber], [a0].[PhoneNumberConfirmed], [a0].[SecurityStamp], [a0].[TwoFactorEnabled], [a0].[UserName]
FROM [AspNetUserRoles] AS [a]
INNER JOIN [AspNetUsers] AS [a0] ON [a].[UserId] = [a0].[Id]
WHERE [a].[RoleId] = @role_Id
2026-08-16 17:55:09.940 +03:00 [INF] Executed DbCommand (0ms) [Parameters=[], CommandType='"Text"', CommandTimeout='30']
SELECT COUNT(*)
FROM [AspNetUsers] AS [a]
2026-08-16 17:55:09.941 +03:00 [INF] Executed DbCommand (0ms) [Parameters=[], CommandType='"Text"', CommandTimeout='30']
SELECT COUNT(*)
FROM [Courses] AS [c]
2026-08-16 17:55:09.942 +03:00 [INF] Executed DbCommand (0ms) [Parameters=[], CommandType='"Text"', CommandTimeout='30']
SELECT COUNT(*)
FROM [Enrollments] AS [e]
2026-08-16 17:55:09.943 +03:00 [INF] Executing ViewResult, running view Dashboard.
2026-08-16 17:55:09.946 +03:00 [INF] Executed ViewResult - view Dashboard executed in 2.3701ms.
2026-08-16 17:55:09.947 +03:00 [INF] Executed action CourseHub.Controllers.AdminController.Dashboard (CourseHub) in 13.8192ms
2026-08-16 17:55:09.947 +03:00 [INF] Executed endpoint 'CourseHub.Controllers.AdminController.Dashboard (CourseHub)'
2026-08-16 17:55:09.948 +03:00 [INF] Request finished HTTP/2 GET https://localhost:7242/Admin/Dashboard - 200 null text/html; charset=utf-8 20.11ms
2026-08-16 17:55:09.982 +03:00 [INF] Request starting HTTP/2 GET https://localhost:7242/_framework/aspnetcore-browser-refresh.js - null null
2026-08-16 17:55:09.984 +03:00 [INF] Request finished HTTP/2 GET https://localhost:7242/_framework/aspnetcore-browser-refresh.js - 200 14923 application/javascript; charset=utf-8 1.765ms
2026-08-16 17:55:10.759 +03:00 [INF] Request starting HTTP/2 GET https://localhost:7242/Admin/Courses - null null
2026-08-16 17:55:10.762 +03:00 [INF] Executing endpoint 'CourseHub.Controllers.AdminController.Courses (CourseHub)'
2026-08-16 17:55:10.768 +03:00 [INF] Route matched with {action = "Courses", controller = "Admin"}. Executing controller action with signature System.Threading.Tasks.Task`1[Microsoft.AspNetCore.Mvc.IActionResult] Courses() on controller CourseHub.Controllers.AdminController (CourseHub).
2026-08-16 17:55:10.810 +03:00 [INF] Executed DbCommand (5ms) [Parameters=[], CommandType='"Text"', CommandTimeout='30']
SELECT [c].[Id], [c].[CategoryId], [c].[CreatedAt], [c].[Description], [c].[EnrollmentDeadline], [c].[ImageUrl], [c].[InstructorId], [c].[Price], [c].[Title], [c0].[Id], [c0].[Name], [a].[Id], [a].[AccessFailedCount], [a].[ConcurrencyStamp], [a].[Email], [a].[EmailConfirmed], [a].[FullName], [a].[LockoutEnabled], [a].[LockoutEnd], [a].[NormalizedEmail], [a].[NormalizedUserName], [a].[PasswordHash], [a].[PhoneNumber], [a].[PhoneNumberConfirmed], [a].[SecurityStamp], [a].[TwoFactorEnabled], [a].[UserName]
FROM [Courses] AS [c]
INNER JOIN [Categories] AS [c0] ON [c].[CategoryId] = [c0].[Id]
INNER JOIN [AspNetUsers] AS [a] ON [c].[InstructorId] = [a].[Id]
ORDER BY [c].[CreatedAt] DESC
2026-08-16 17:55:10.820 +03:00 [INF] Executing ViewResult, running view Courses.
2026-08-16 17:55:10.840 +03:00 [INF] Executed ViewResult - view Courses executed in 20.1564ms.
2026-08-16 17:55:10.841 +03:00 [INF] Executed action CourseHub.Controllers.AdminController.Courses (CourseHub) in 71.7757ms
2026-08-16 17:55:10.842 +03:00 [INF] Executed endpoint 'CourseHub.Controllers.AdminController.Courses (CourseHub)'
2026-08-16 17:55:10.842 +03:00 [INF] Request finished HTTP/2 GET https://localhost:7242/Admin/Courses - 200 null text/html; charset=utf-8 83.1062ms
2026-08-16 17:55:10.932 +03:00 [INF] Request starting HTTP/2 GET https://localhost:7242/css/site.css?v=cwclJgLlbxwcEVdCm9wag-5Sokkdt_i4Wvr-1Qp30T0 - null null
2026-08-16 17:55:10.934 +03:00 [INF] The file /css/site.css was not modified
2026-08-16 17:55:10.934 +03:00 [INF] Request finished HTTP/2 GET https://localhost:7242/css/site.css?v=cwclJgLlbxwcEVdCm9wag-5Sokkdt_i4Wvr-1Qp30T0 - 304 null text/css 2.2539ms
2026-08-16 17:55:10.972 +03:00 [INF] Request starting HTTP/2 GET https://localhost:7242/images/courses/512f341bb0224f7989a4d8d403a03cea.png - null null
2026-08-16 17:55:10.973 +03:00 [INF] Request starting HTTP/2 GET https://localhost:7242/_framework/aspnetcore-browser-refresh.js - null null
2026-08-16 17:55:10.974 +03:00 [INF] Request starting HTTP/2 GET https://localhost:7242/images/courses/default-course.jpg - null null
2026-08-16 17:55:10.974 +03:00 [INF] Request starting HTTP/2 GET https://localhost:7242/images/courses/843b0ba6e5ee4eb7b669f56d5e27fa1f.png - null null
2026-08-16 17:55:10.974 +03:00 [INF] Request starting HTTP/2 GET https://localhost:7242/_vs/browserLink - null null
2026-08-16 17:55:10.974 +03:00 [INF] The file /images/courses/512f341bb0224f7989a4d8d403a03cea.png was not modified
2026-08-16 17:55:10.976 +03:00 [INF] Request finished HTTP/2 GET https://localhost:7242/_framework/aspnetcore-browser-refresh.js - 200 14923 application/javascript; charset=utf-8 2.2188ms
2026-08-16 17:55:10.979 +03:00 [INF] The file /images/courses/843b0ba6e5ee4eb7b669f56d5e27fa1f.png was not modified
2026-08-16 17:55:10.981 +03:00 [INF] Request finished HTTP/2 GET https://localhost:7242/images/courses/512f341bb0224f7989a4d8d403a03cea.png - 304 null image/png 8.4942ms
2026-08-16 17:55:10.974 +03:00 [INF] Request starting HTTP/2 GET https://localhost:7242/images/courses/8097a6af1d3f46168d7962df5189d26f.png - null null
2026-08-16 17:55:10.977 +03:00 [INF] The file /images/courses/default-course.jpg was not modified
2026-08-16 17:55:10.984 +03:00 [INF] Request finished HTTP/2 GET https://localhost:7242/images/courses/843b0ba6e5ee4eb7b669f56d5e27fa1f.png - 304 null image/png 10.2481ms
2026-08-16 17:55:10.984 +03:00 [INF] Request finished HTTP/2 GET https://localhost:7242/_vs/browserLink - 200 null text/javascript; charset=UTF-8 10.5529ms
2026-08-16 17:55:10.987 +03:00 [INF] The file /images/courses/8097a6af1d3f46168d7962df5189d26f.png was not modified
2026-08-16 17:55:10.987 +03:00 [INF] Request finished HTTP/2 GET https://localhost:7242/images/courses/default-course.jpg - 304 null image/jpeg 13.8726ms
2026-08-16 17:55:10.992 +03:00 [INF] Request finished HTTP/2 GET https://localhost:7242/images/courses/8097a6af1d3f46168d7962df5189d26f.png - 304 null image/png 18.1586ms
2026-08-16 17:55:16.988 +03:00 [INF] Request starting HTTP/2 GET https://localhost:7242/Admin/Dashboard - null null
2026-08-16 17:55:16.992 +03:00 [INF] Executing endpoint 'CourseHub.Controllers.AdminController.Dashboard (CourseHub)'
2026-08-16 17:55:16.992 +03:00 [INF] Route matched with {action = "Dashboard", controller = "Admin"}. Executing controller action with signature System.Threading.Tasks.Task`1[Microsoft.AspNetCore.Mvc.IActionResult] Dashboard() on controller CourseHub.Controllers.AdminController (CourseHub).
2026-08-16 17:55:16.995 +03:00 [INF] Executed DbCommand (0ms) [Parameters=[@normalizedRoleName='?' (Size = 256)], CommandType='"Text"', CommandTimeout='30']
SELECT TOP(2) [a].[Id], [a].[ConcurrencyStamp], [a].[Name], [a].[NormalizedName]
FROM [AspNetRoles] AS [a]
WHERE [a].[NormalizedName] = @normalizedRoleName
2026-08-16 17:55:16.997 +03:00 [INF] Executed DbCommand (0ms) [Parameters=[@role_Id='?' (Size = 450)], CommandType='"Text"', CommandTimeout='30']
SELECT [a0].[Id], [a0].[AccessFailedCount], [a0].[ConcurrencyStamp], [a0].[Email], [a0].[EmailConfirmed], [a0].[FullName], [a0].[LockoutEnabled], [a0].[LockoutEnd], [a0].[NormalizedEmail], [a0].[NormalizedUserName], [a0].[PasswordHash], [a0].[PhoneNumber], [a0].[PhoneNumberConfirmed], [a0].[SecurityStamp], [a0].[TwoFactorEnabled], [a0].[UserName]
FROM [AspNetUserRoles] AS [a]
INNER JOIN [AspNetUsers] AS [a0] ON [a].[UserId] = [a0].[Id]
WHERE [a].[RoleId] = @role_Id
2026-08-16 17:55:16.999 +03:00 [INF] Executed DbCommand (0ms) [Parameters=[@normalizedRoleName='?' (Size = 256)], CommandType='"Text"', CommandTimeout='30']
SELECT TOP(2) [a].[Id], [a].[ConcurrencyStamp], [a].[Name], [a].[NormalizedName]
FROM [AspNetRoles] AS [a]
WHERE [a].[NormalizedName] = @normalizedRoleName
2026-08-16 17:55:17.001 +03:00 [INF] Executed DbCommand (0ms) [Parameters=[@role_Id='?' (Size = 450)], CommandType='"Text"', CommandTimeout='30']
SELECT [a0].[Id], [a0].[AccessFailedCount], [a0].[ConcurrencyStamp], [a0].[Email], [a0].[EmailConfirmed], [a0].[FullName], [a0].[LockoutEnabled], [a0].[LockoutEnd], [a0].[NormalizedEmail], [a0].[NormalizedUserName], [a0].[PasswordHash], [a0].[PhoneNumber], [a0].[PhoneNumberConfirmed], [a0].[SecurityStamp], [a0].[TwoFactorEnabled], [a0].[UserName]
FROM [AspNetUserRoles] AS [a]
INNER JOIN [AspNetUsers] AS [a0] ON [a].[UserId] = [a0].[Id]
WHERE [a].[RoleId] = @role_Id
2026-08-16 17:55:17.002 +03:00 [INF] Executed DbCommand (0ms) [Parameters=[], CommandType='"Text"', CommandTimeout='30']
SELECT COUNT(*)
FROM [AspNetUsers] AS [a]
2026-08-16 17:55:17.003 +03:00 [INF] Executed DbCommand (0ms) [Parameters=[], CommandType='"Text"', CommandTimeout='30']
SELECT COUNT(*)
FROM [Courses] AS [c]
2026-08-16 17:55:17.005 +03:00 [INF] Executed DbCommand (0ms) [Parameters=[], CommandType='"Text"', CommandTimeout='30']
SELECT COUNT(*)
FROM [Enrollments] AS [e]
2026-08-16 17:55:17.007 +03:00 [INF] Executing ViewResult, running view Dashboard.
2026-08-16 17:55:17.008 +03:00 [INF] Executed ViewResult - view Dashboard executed in 1.5262ms.
2026-08-16 17:55:17.009 +03:00 [INF] Executed action CourseHub.Controllers.AdminController.Dashboard (CourseHub) in 15.4882ms
2026-08-16 17:55:17.010 +03:00 [INF] Executed endpoint 'CourseHub.Controllers.AdminController.Dashboard (CourseHub)'
2026-08-16 17:55:17.010 +03:00 [INF] Request finished HTTP/2 GET https://localhost:7242/Admin/Dashboard - 200 null text/html; charset=utf-8 22.7722ms
2026-08-16 17:55:17.044 +03:00 [INF] Request starting HTTP/2 GET https://localhost:7242/_framework/aspnetcore-browser-refresh.js - null null
2026-08-16 17:55:17.045 +03:00 [INF] Request finished HTTP/2 GET https://localhost:7242/_framework/aspnetcore-browser-refresh.js - 200 14923 application/javascript; charset=utf-8 1.725ms
2026-08-16 17:55:17.906 +03:00 [INF] Request starting HTTP/2 GET https://localhost:7242/Admin/Enrollments - null null
2026-08-16 17:55:17.909 +03:00 [INF] Executing endpoint 'CourseHub.Controllers.AdminController.Enrollments (CourseHub)'
2026-08-16 17:55:17.915 +03:00 [INF] Route matched with {action = "Enrollments", controller = "Admin"}. Executing controller action with signature System.Threading.Tasks.Task`1[Microsoft.AspNetCore.Mvc.IActionResult] Enrollments() on controller CourseHub.Controllers.AdminController (CourseHub).
2026-08-16 17:55:17.934 +03:00 [INF] Executed DbCommand (4ms) [Parameters=[], CommandType='"Text"', CommandTimeout='30']
SELECT [e].[Id], [e].[CourseId], [e].[EnrolledAt], [e].[StudentId], [a].[Id], [a].[AccessFailedCount], [a].[ConcurrencyStamp], [a].[Email], [a].[EmailConfirmed], [a].[FullName], [a].[LockoutEnabled], [a].[LockoutEnd], [a].[NormalizedEmail], [a].[NormalizedUserName], [a].[PasswordHash], [a].[PhoneNumber], [a].[PhoneNumberConfirmed], [a].[SecurityStamp], [a].[TwoFactorEnabled], [a].[UserName], [c].[Id], [c].[CategoryId], [c].[CreatedAt], [c].[Description], [c].[EnrollmentDeadline], [c].[ImageUrl], [c].[InstructorId], [c].[Price], [c].[Title]
FROM [Enrollments] AS [e]
INNER JOIN [AspNetUsers] AS [a] ON [e].[StudentId] = [a].[Id]
INNER JOIN [Courses] AS [c] ON [e].[CourseId] = [c].[Id]
ORDER BY [e].[EnrolledAt] DESC
2026-08-16 17:55:17.937 +03:00 [INF] Executing ViewResult, running view Enrollments.
2026-08-16 17:55:17.945 +03:00 [INF] Executed ViewResult - view Enrollments executed in 8.0321ms.
2026-08-16 17:55:17.945 +03:00 [INF] Executed action CourseHub.Controllers.AdminController.Enrollments (CourseHub) in 29.3256ms
2026-08-16 17:55:17.946 +03:00 [INF] Executed endpoint 'CourseHub.Controllers.AdminController.Enrollments (CourseHub)'
2026-08-16 17:55:17.947 +03:00 [INF] Request finished HTTP/2 GET https://localhost:7242/Admin/Enrollments - 200 null text/html; charset=utf-8 41.5842ms
2026-08-16 17:55:17.981 +03:00 [INF] Request starting HTTP/2 GET https://localhost:7242/css/site.css?v=cwclJgLlbxwcEVdCm9wag-5Sokkdt_i4Wvr-1Qp30T0 - null null
2026-08-16 17:55:17.981 +03:00 [INF] Request starting HTTP/2 GET https://localhost:7242/_framework/aspnetcore-browser-refresh.js - null null
2026-08-16 17:55:17.981 +03:00 [INF] Request starting HTTP/2 GET https://localhost:7242/_vs/browserLink - null null
2026-08-16 17:55:17.983 +03:00 [INF] The file /css/site.css was not modified
2026-08-16 17:55:17.984 +03:00 [INF] Request finished HTTP/2 GET https://localhost:7242/_framework/aspnetcore-browser-refresh.js - 200 14923 application/javascript; charset=utf-8 2.7386ms
2026-08-16 17:55:17.986 +03:00 [INF] Request finished HTTP/2 GET https://localhost:7242/css/site.css?v=cwclJgLlbxwcEVdCm9wag-5Sokkdt_i4Wvr-1Qp30T0 - 304 null text/css 5.2265ms
2026-08-16 17:55:17.989 +03:00 [INF] Request finished HTTP/2 GET https://localhost:7242/_vs/browserLink - 200 null text/javascript; charset=UTF-8 7.3178ms
2026-08-16 17:55:23.160 +03:00 [INF] Request starting HTTP/2 GET https://localhost:7242/Admin/Dashboard - null null
2026-08-16 17:55:23.163 +03:00 [INF] Executing endpoint 'CourseHub.Controllers.AdminController.Dashboard (CourseHub)'
2026-08-16 17:55:23.164 +03:00 [INF] Route matched with {action = "Dashboard", controller = "Admin"}. Executing controller action with signature System.Threading.Tasks.Task`1[Microsoft.AspNetCore.Mvc.IActionResult] Dashboard() on controller CourseHub.Controllers.AdminController (CourseHub).
2026-08-16 17:55:23.166 +03:00 [INF] Executed DbCommand (0ms) [Parameters=[@normalizedRoleName='?' (Size = 256)], CommandType='"Text"', CommandTimeout='30']
SELECT TOP(2) [a].[Id], [a].[ConcurrencyStamp], [a].[Name], [a].[NormalizedName]
FROM [AspNetRoles] AS [a]
WHERE [a].[NormalizedName] = @normalizedRoleName
2026-08-16 17:55:23.169 +03:00 [INF] Executed DbCommand (0ms) [Parameters=[@role_Id='?' (Size = 450)], CommandType='"Text"', CommandTimeout='30']
SELECT [a0].[Id], [a0].[AccessFailedCount], [a0].[ConcurrencyStamp], [a0].[Email], [a0].[EmailConfirmed], [a0].[FullName], [a0].[LockoutEnabled], [a0].[LockoutEnd], [a0].[NormalizedEmail], [a0].[NormalizedUserName], [a0].[PasswordHash], [a0].[PhoneNumber], [a0].[PhoneNumberConfirmed], [a0].[SecurityStamp], [a0].[TwoFactorEnabled], [a0].[UserName]
FROM [AspNetUserRoles] AS [a]
INNER JOIN [AspNetUsers] AS [a0] ON [a].[UserId] = [a0].[Id]
WHERE [a].[RoleId] = @role_Id
2026-08-16 17:55:23.170 +03:00 [INF] Executed DbCommand (0ms) [Parameters=[@normalizedRoleName='?' (Size = 256)], CommandType='"Text"', CommandTimeout='30']
SELECT TOP(2) [a].[Id], [a].[ConcurrencyStamp], [a].[Name], [a].[NormalizedName]
FROM [AspNetRoles] AS [a]
WHERE [a].[NormalizedName] = @normalizedRoleName
2026-08-16 17:55:23.172 +03:00 [INF] Executed DbCommand (0ms) [Parameters=[@role_Id='?' (Size = 450)], CommandType='"Text"', CommandTimeout='30']
SELECT [a0].[Id], [a0].[AccessFailedCount], [a0].[ConcurrencyStamp], [a0].[Email], [a0].[EmailConfirmed], [a0].[FullName], [a0].[LockoutEnabled], [a0].[LockoutEnd], [a0].[NormalizedEmail], [a0].[NormalizedUserName], [a0].[PasswordHash], [a0].[PhoneNumber], [a0].[PhoneNumberConfirmed], [a0].[SecurityStamp], [a0].[TwoFactorEnabled], [a0].[UserName]
FROM [AspNetUserRoles] AS [a]
INNER JOIN [AspNetUsers] AS [a0] ON [a].[UserId] = [a0].[Id]
WHERE [a].[RoleId] = @role_Id
2026-08-16 17:55:23.174 +03:00 [INF] Executed DbCommand (0ms) [Parameters=[], CommandType='"Text"', CommandTimeout='30']
SELECT COUNT(*)
FROM [AspNetUsers] AS [a]
2026-08-16 17:55:23.176 +03:00 [INF] Executed DbCommand (0ms) [Parameters=[], CommandType='"Text"', CommandTimeout='30']
SELECT COUNT(*)
FROM [Courses] AS [c]
2026-08-16 17:55:23.177 +03:00 [INF] Executed DbCommand (0ms) [Parameters=[], CommandType='"Text"', CommandTimeout='30']
SELECT COUNT(*)
FROM [Enrollments] AS [e]
2026-08-16 17:55:23.178 +03:00 [INF] Executing ViewResult, running view Dashboard.
2026-08-16 17:55:23.179 +03:00 [INF] Executed ViewResult - view Dashboard executed in 1.3217ms.
2026-08-16 17:55:23.180 +03:00 [INF] Executed action CourseHub.Controllers.AdminController.Dashboard (CourseHub) in 15.425ms
2026-08-16 17:55:23.181 +03:00 [INF] Executed endpoint 'CourseHub.Controllers.AdminController.Dashboard (CourseHub)'
2026-08-16 17:55:23.182 +03:00 [INF] Request finished HTTP/2 GET https://localhost:7242/Admin/Dashboard - 200 null text/html; charset=utf-8 21.5218ms
2026-08-16 17:55:23.213 +03:00 [INF] Request starting HTTP/2 GET https://localhost:7242/_framework/aspnetcore-browser-refresh.js - null null
2026-08-16 17:55:23.214 +03:00 [INF] Request finished HTTP/2 GET https://localhost:7242/_framework/aspnetcore-browser-refresh.js - 200 14923 application/javascript; charset=utf-8 1.5383ms
2026-08-16 17:55:24.340 +03:00 [INF] Request starting HTTP/2 GET https://localhost:7242/Admin/Instructors - null null
2026-08-16 17:55:24.343 +03:00 [INF] Executing endpoint 'CourseHub.Controllers.AdminController.Instructors (CourseHub)'
2026-08-16 17:55:24.344 +03:00 [INF] Route matched with {action = "Instructors", controller = "Admin"}. Executing controller action with signature System.Threading.Tasks.Task`1[Microsoft.AspNetCore.Mvc.IActionResult] Instructors() on controller CourseHub.Controllers.AdminController (CourseHub).
2026-08-16 17:55:24.347 +03:00 [INF] Executed DbCommand (1ms) [Parameters=[@normalizedRoleName='?' (Size = 256)], CommandType='"Text"', CommandTimeout='30']
SELECT TOP(2) [a].[Id], [a].[ConcurrencyStamp], [a].[Name], [a].[NormalizedName]
FROM [AspNetRoles] AS [a]
WHERE [a].[NormalizedName] = @normalizedRoleName
2026-08-16 17:55:24.349 +03:00 [INF] Executed DbCommand (0ms) [Parameters=[@role_Id='?' (Size = 450)], CommandType='"Text"', CommandTimeout='30']
SELECT [a0].[Id], [a0].[AccessFailedCount], [a0].[ConcurrencyStamp], [a0].[Email], [a0].[EmailConfirmed], [a0].[FullName], [a0].[LockoutEnabled], [a0].[LockoutEnd], [a0].[NormalizedEmail], [a0].[NormalizedUserName], [a0].[PasswordHash], [a0].[PhoneNumber], [a0].[PhoneNumberConfirmed], [a0].[SecurityStamp], [a0].[TwoFactorEnabled], [a0].[UserName]
FROM [AspNetUserRoles] AS [a]
INNER JOIN [AspNetUsers] AS [a0] ON [a].[UserId] = [a0].[Id]
WHERE [a].[RoleId] = @role_Id
2026-08-16 17:55:24.350 +03:00 [INF] Executing ViewResult, running view Instructors.
2026-08-16 17:55:24.352 +03:00 [INF] Executed ViewResult - view Instructors executed in 2.4531ms.
2026-08-16 17:55:24.353 +03:00 [INF] Executed action CourseHub.Controllers.AdminController.Instructors (CourseHub) in 8.1171ms
2026-08-16 17:55:24.354 +03:00 [INF] Executed endpoint 'CourseHub.Controllers.AdminController.Instructors (CourseHub)'
2026-08-16 17:55:24.355 +03:00 [INF] Request finished HTTP/2 GET https://localhost:7242/Admin/Instructors - 200 null text/html; charset=utf-8 14.4151ms
2026-08-16 17:55:24.392 +03:00 [INF] Request starting HTTP/2 GET https://localhost:7242/css/site.css?v=cwclJgLlbxwcEVdCm9wag-5Sokkdt_i4Wvr-1Qp30T0 - null null
2026-08-16 17:55:24.393 +03:00 [INF] Request starting HTTP/2 GET https://localhost:7242/_vs/browserLink - null null
2026-08-16 17:55:24.393 +03:00 [INF] Request starting HTTP/2 GET https://localhost:7242/_framework/aspnetcore-browser-refresh.js - null null
2026-08-16 17:55:24.394 +03:00 [INF] The file /css/site.css was not modified
2026-08-16 17:55:24.398 +03:00 [INF] Request finished HTTP/2 GET https://localhost:7242/_framework/aspnetcore-browser-refresh.js - 200 14923 application/javascript; charset=utf-8 5.0858ms
2026-08-16 17:55:24.398 +03:00 [INF] Request finished HTTP/2 GET https://localhost:7242/css/site.css?v=cwclJgLlbxwcEVdCm9wag-5Sokkdt_i4Wvr-1Qp30T0 - 304 null text/css 6.3014ms
2026-08-16 17:55:24.399 +03:00 [INF] Request finished HTTP/2 GET https://localhost:7242/_vs/browserLink - 200 null text/javascript; charset=UTF-8 6.732ms
2026-08-16 17:56:43.073 +03:00 [INF] Starting CourseHub application...
2026-08-16 17:56:43.552 +03:00 [INF] User profile is available. Using 'C:\Users\ayman\AppData\Local\ASP.NET\DataProtection-Keys' as key repository and Windows DPAPI to encrypt keys at rest.
2026-08-16 17:56:44.024 +03:00 [WRN] No store type was specified for the decimal property 'Price' on entity type 'Course'. This will cause values to be silently truncated if they do not fit in the default precision and scale. Explicitly specify the SQL server column type that can accommodate all the values in 'OnModelCreating' using 'HasColumnType', specify precision and scale using 'HasPrecision', or configure a value converter using 'HasConversion'.
2026-08-16 17:56:44.594 +03:00 [INF] Executed DbCommand (46ms) [Parameters=[@normalizedName='?' (Size = 256)], CommandType='"Text"', CommandTimeout='30']
SELECT TOP(1) [a].[Id], [a].[ConcurrencyStamp], [a].[Name], [a].[NormalizedName]
FROM [AspNetRoles] AS [a]
WHERE [a].[NormalizedName] = @normalizedName
2026-08-16 17:56:44.687 +03:00 [INF] Executed DbCommand (2ms) [Parameters=[@normalizedName='?' (Size = 256)], CommandType='"Text"', CommandTimeout='30']
SELECT TOP(1) [a].[Id], [a].[ConcurrencyStamp], [a].[Name], [a].[NormalizedName]
FROM [AspNetRoles] AS [a]
WHERE [a].[NormalizedName] = @normalizedName
2026-08-16 17:56:44.690 +03:00 [INF] Executed DbCommand (1ms) [Parameters=[@normalizedName='?' (Size = 256)], CommandType='"Text"', CommandTimeout='30']
SELECT TOP(1) [a].[Id], [a].[ConcurrencyStamp], [a].[Name], [a].[NormalizedName]
FROM [AspNetRoles] AS [a]
WHERE [a].[NormalizedName] = @normalizedName
2026-08-16 17:56:44.709 +03:00 [INF] Executed DbCommand (3ms) [Parameters=[@normalizedEmail='?' (Size = 256)], CommandType='"Text"', CommandTimeout='30']
SELECT TOP(2) [a].[Id], [a].[AccessFailedCount], [a].[ConcurrencyStamp], [a].[Email], [a].[EmailConfirmed], [a].[FullName], [a].[LockoutEnabled], [a].[LockoutEnd], [a].[NormalizedEmail], [a].[NormalizedUserName], [a].[PasswordHash], [a].[PhoneNumber], [a].[PhoneNumberConfirmed], [a].[SecurityStamp], [a].[TwoFactorEnabled], [a].[UserName]
FROM [AspNetUsers] AS [a]
WHERE [a].[NormalizedEmail] = @normalizedEmail
2026-08-16 17:56:44.744 +03:00 [INF] CourseHub application started successfully.
2026-08-16 17:56:44.948 +03:00 [INF] Now listening on: https://localhost:7242
2026-08-16 17:56:44.949 +03:00 [INF] Now listening on: http://localhost:5164
2026-08-16 17:56:44.980 +03:00 [INF] Application started. Press Ctrl+C to shut down.
2026-08-16 17:56:44.981 +03:00 [INF] Hosting environment: Development
2026-08-16 17:56:44.981 +03:00 [INF] Content root path: D:\Real Projects\Mvc Projects\CourseHub\CourseHub
2026-08-16 17:56:45.191 +03:00 [INF] Request starting HTTP/2 GET https://localhost:7242/ - null null
2026-08-16 17:56:45.294 +03:00 [INF] Executing endpoint 'CourseHub.Controllers.HomeController.Index (CourseHub)'
2026-08-16 17:56:45.307 +03:00 [INF] Route matched with {action = "Index", controller = "Home"}. Executing controller action with signature System.Threading.Tasks.Task`1[Microsoft.AspNetCore.Mvc.IActionResult] Index() on controller CourseHub.Controllers.HomeController (CourseHub).
2026-08-16 17:56:45.392 +03:00 [INF] Executed DbCommand (2ms) [Parameters=[], CommandType='"Text"', CommandTimeout='30']
SELECT COUNT(*)
FROM [Courses] AS [c]
2026-08-16 17:56:45.399 +03:00 [INF] Executed DbCommand (1ms) [Parameters=[], CommandType='"Text"', CommandTimeout='30']
SELECT COUNT(*)
FROM [Categories] AS [c]
2026-08-16 17:56:45.438 +03:00 [INF] Executing ViewResult, running view Index.
2026-08-16 17:56:45.535 +03:00 [INF] Executed ViewResult - view Index executed in 97.5729ms.
2026-08-16 17:56:45.539 +03:00 [INF] Executed action CourseHub.Controllers.HomeController.Index (CourseHub) in 229.7875ms
2026-08-16 17:56:45.540 +03:00 [INF] Executed endpoint 'CourseHub.Controllers.HomeController.Index (CourseHub)'
2026-08-16 17:56:45.551 +03:00 [INF] Request finished HTTP/2 GET https://localhost:7242/ - 200 null text/html; charset=utf-8 366.3541ms
2026-08-16 17:56:45.562 +03:00 [INF] Request starting HTTP/2 GET https://localhost:7242/_framework/aspnetcore-browser-refresh.js - null null
2026-08-16 17:56:45.563 +03:00 [INF] Request starting HTTP/2 GET https://localhost:7242/css/site.css?v=KE_WAgacz-Y5PnZ42SHg5jXlliNSzUV6RSctpEN9b0Y - null null
2026-08-16 17:56:45.564 +03:00 [INF] Request starting HTTP/2 GET https://localhost:7242/_vs/browserLink - null null
2026-08-16 17:56:45.569 +03:00 [INF] Request finished HTTP/2 GET https://localhost:7242/_framework/aspnetcore-browser-refresh.js - 200 14923 application/javascript; charset=utf-8 7.0123ms
2026-08-16 17:56:45.581 +03:00 [INF] Sending file. Request path: '/css/site.css'. Physical path: 'D:\Real Projects\Mvc Projects\CourseHub\CourseHub\wwwroot\css\site.css'
2026-08-16 17:56:45.582 +03:00 [INF] Request finished HTTP/2 GET https://localhost:7242/css/site.css?v=KE_WAgacz-Y5PnZ42SHg5jXlliNSzUV6RSctpEN9b0Y - 200 18590 text/css 19.4894ms
2026-08-16 17:56:45.597 +03:00 [INF] Request finished HTTP/2 GET https://localhost:7242/_vs/browserLink - 200 null text/javascript; charset=UTF-8 32.8184ms
2026-08-16 17:56:47.026 +03:00 [INF] Request starting HTTP/2 GET https://localhost:7242/Admin/Dashboard - null null
2026-08-16 17:56:47.042 +03:00 [INF] Executing endpoint 'CourseHub.Controllers.AdminController.Dashboard (CourseHub)'
2026-08-16 17:56:47.048 +03:00 [INF] Route matched with {action = "Dashboard", controller = "Admin"}. Executing controller action with signature System.Threading.Tasks.Task`1[Microsoft.AspNetCore.Mvc.IActionResult] Dashboard() on controller CourseHub.Controllers.AdminController (CourseHub).
2026-08-16 17:56:47.071 +03:00 [INF] Executed DbCommand (2ms) [Parameters=[@normalizedRoleName='?' (Size = 256)], CommandType='"Text"', CommandTimeout='30']
SELECT TOP(2) [a].[Id], [a].[ConcurrencyStamp], [a].[Name], [a].[NormalizedName]
FROM [AspNetRoles] AS [a]
WHERE [a].[NormalizedName] = @normalizedRoleName
2026-08-16 17:56:47.113 +03:00 [INF] Executed DbCommand (3ms) [Parameters=[@role_Id='?' (Size = 450)], CommandType='"Text"', CommandTimeout='30']
SELECT [a0].[Id], [a0].[AccessFailedCount], [a0].[ConcurrencyStamp], [a0].[Email], [a0].[EmailConfirmed], [a0].[FullName], [a0].[LockoutEnabled], [a0].[LockoutEnd], [a0].[NormalizedEmail], [a0].[NormalizedUserName], [a0].[PasswordHash], [a0].[PhoneNumber], [a0].[PhoneNumberConfirmed], [a0].[SecurityStamp], [a0].[TwoFactorEnabled], [a0].[UserName]
FROM [AspNetUserRoles] AS [a]
INNER JOIN [AspNetUsers] AS [a0] ON [a].[UserId] = [a0].[Id]
WHERE [a].[RoleId] = @role_Id
2026-08-16 17:56:47.116 +03:00 [INF] Executed DbCommand (0ms) [Parameters=[@normalizedRoleName='?' (Size = 256)], CommandType='"Text"', CommandTimeout='30']
SELECT TOP(2) [a].[Id], [a].[ConcurrencyStamp], [a].[Name], [a].[NormalizedName]
FROM [AspNetRoles] AS [a]
WHERE [a].[NormalizedName] = @normalizedRoleName
2026-08-16 17:56:47.118 +03:00 [INF] Executed DbCommand (0ms) [Parameters=[@role_Id='?' (Size = 450)], CommandType='"Text"', CommandTimeout='30']
SELECT [a0].[Id], [a0].[AccessFailedCount], [a0].[ConcurrencyStamp], [a0].[Email], [a0].[EmailConfirmed], [a0].[FullName], [a0].[LockoutEnabled], [a0].[LockoutEnd], [a0].[NormalizedEmail], [a0].[NormalizedUserName], [a0].[PasswordHash], [a0].[PhoneNumber], [a0].[PhoneNumberConfirmed], [a0].[SecurityStamp], [a0].[TwoFactorEnabled], [a0].[UserName]
FROM [AspNetUserRoles] AS [a]
INNER JOIN [AspNetUsers] AS [a0] ON [a].[UserId] = [a0].[Id]
WHERE [a].[RoleId] = @role_Id
2026-08-16 17:56:47.124 +03:00 [INF] Executed DbCommand (1ms) [Parameters=[], CommandType='"Text"', CommandTimeout='30']
SELECT COUNT(*)
FROM [AspNetUsers] AS [a]
2026-08-16 17:56:47.126 +03:00 [INF] Executed DbCommand (0ms) [Parameters=[], CommandType='"Text"', CommandTimeout='30']
SELECT COUNT(*)
FROM [Courses] AS [c]
2026-08-16 17:56:47.132 +03:00 [INF] Executed DbCommand (2ms) [Parameters=[], CommandType='"Text"', CommandTimeout='30']
SELECT COUNT(*)
FROM [Enrollments] AS [e]
2026-08-16 17:56:47.135 +03:00 [INF] Executing ViewResult, running view Dashboard.
2026-08-16 17:56:47.147 +03:00 [INF] Executed ViewResult - view Dashboard executed in 12.3589ms.
2026-08-16 17:56:47.148 +03:00 [INF] Executed action CourseHub.Controllers.AdminController.Dashboard (CourseHub) in 98.6673ms
2026-08-16 17:56:47.148 +03:00 [INF] Executed endpoint 'CourseHub.Controllers.AdminController.Dashboard (CourseHub)'
2026-08-16 17:56:47.149 +03:00 [INF] Request finished HTTP/2 GET https://localhost:7242/Admin/Dashboard - 200 null text/html; charset=utf-8 123.2557ms
2026-08-16 17:56:47.188 +03:00 [INF] Request starting HTTP/2 GET https://localhost:7242/css/site.css?v=KE_WAgacz-Y5PnZ42SHg5jXlliNSzUV6RSctpEN9b0Y - null null
2026-08-16 17:56:47.188 +03:00 [INF] Request starting HTTP/2 GET https://localhost:7242/_vs/browserLink - null null
2026-08-16 17:56:47.188 +03:00 [INF] Request starting HTTP/2 GET https://localhost:7242/_framework/aspnetcore-browser-refresh.js - null null
2026-08-16 17:56:47.192 +03:00 [INF] The file /css/site.css was not modified
2026-08-16 17:56:47.219 +03:00 [INF] Request finished HTTP/2 GET https://localhost:7242/_framework/aspnetcore-browser-refresh.js - 200 14923 application/javascript; charset=utf-8 30.8989ms
2026-08-16 17:56:47.219 +03:00 [INF] Request finished HTTP/2 GET https://localhost:7242/css/site.css?v=KE_WAgacz-Y5PnZ42SHg5jXlliNSzUV6RSctpEN9b0Y - 304 null text/css 31.3588ms
2026-08-16 17:56:47.228 +03:00 [INF] Request finished HTTP/2 GET https://localhost:7242/_vs/browserLink - 200 null text/javascript; charset=UTF-8 40.3675ms
2026-08-16 17:56:48.468 +03:00 [INF] Request starting HTTP/2 GET https://localhost:7242/Admin/Instructors - null null
2026-08-16 17:56:48.488 +03:00 [INF] Executing endpoint 'CourseHub.Controllers.AdminController.Instructors (CourseHub)'
2026-08-16 17:56:48.494 +03:00 [INF] Route matched with {action = "Instructors", controller = "Admin"}. Executing controller action with signature System.Threading.Tasks.Task`1[Microsoft.AspNetCore.Mvc.IActionResult] Instructors() on controller CourseHub.Controllers.AdminController (CourseHub).
2026-08-16 17:56:48.498 +03:00 [INF] Executed DbCommand (0ms) [Parameters=[@normalizedRoleName='?' (Size = 256)], CommandType='"Text"', CommandTimeout='30']
SELECT TOP(2) [a].[Id], [a].[ConcurrencyStamp], [a].[Name], [a].[NormalizedName]
FROM [AspNetRoles] AS [a]
WHERE [a].[NormalizedName] = @normalizedRoleName
2026-08-16 17:56:48.500 +03:00 [INF] Executed DbCommand (0ms) [Parameters=[@role_Id='?' (Size = 450)], CommandType='"Text"', CommandTimeout='30']
SELECT [a0].[Id], [a0].[AccessFailedCount], [a0].[ConcurrencyStamp], [a0].[Email], [a0].[EmailConfirmed], [a0].[FullName], [a0].[LockoutEnabled], [a0].[LockoutEnd], [a0].[NormalizedEmail], [a0].[NormalizedUserName], [a0].[PasswordHash], [a0].[PhoneNumber], [a0].[PhoneNumberConfirmed], [a0].[SecurityStamp], [a0].[TwoFactorEnabled], [a0].[UserName]
FROM [AspNetUserRoles] AS [a]
INNER JOIN [AspNetUsers] AS [a0] ON [a].[UserId] = [a0].[Id]
WHERE [a].[RoleId] = @role_Id
2026-08-16 17:56:48.504 +03:00 [INF] Executing ViewResult, running view Instructors.
2026-08-16 17:56:48.517 +03:00 [INF] Executed ViewResult - view Instructors executed in 13.3875ms.
2026-08-16 17:56:48.518 +03:00 [INF] Executed action CourseHub.Controllers.AdminController.Instructors (CourseHub) in 22.3607ms
2026-08-16 17:56:48.518 +03:00 [INF] Executed endpoint 'CourseHub.Controllers.AdminController.Instructors (CourseHub)'
2026-08-16 17:56:48.519 +03:00 [INF] Request finished HTTP/2 GET https://localhost:7242/Admin/Instructors - 200 null text/html; charset=utf-8 51.4826ms
2026-08-16 17:56:48.552 +03:00 [INF] Request starting HTTP/2 GET https://localhost:7242/css/site.css?v=KE_WAgacz-Y5PnZ42SHg5jXlliNSzUV6RSctpEN9b0Y - null null
2026-08-16 17:56:48.553 +03:00 [INF] Request starting HTTP/2 GET https://localhost:7242/_vs/browserLink - null null
2026-08-16 17:56:48.553 +03:00 [INF] Request starting HTTP/2 GET https://localhost:7242/_framework/aspnetcore-browser-refresh.js - null null
2026-08-16 17:56:48.554 +03:00 [INF] The file /css/site.css was not modified
2026-08-16 17:56:48.558 +03:00 [INF] Request finished HTTP/2 GET https://localhost:7242/_framework/aspnetcore-browser-refresh.js - 200 14923 application/javascript; charset=utf-8 4.6715ms
2026-08-16 17:56:48.558 +03:00 [INF] Request finished HTTP/2 GET https://localhost:7242/css/site.css?v=KE_WAgacz-Y5PnZ42SHg5jXlliNSzUV6RSctpEN9b0Y - 304 null text/css 5.2547ms
2026-08-16 17:56:48.560 +03:00 [INF] Request finished HTTP/2 GET https://localhost:7242/_vs/browserLink - 200 null text/javascript; charset=UTF-8 7.1452ms
2026-08-16 17:56:51.497 +03:00 [INF] Request starting HTTP/2 GET https://localhost:7242/Admin/Dashboard - null null
2026-08-16 17:56:51.501 +03:00 [INF] Executing endpoint 'CourseHub.Controllers.AdminController.Dashboard (CourseHub)'
2026-08-16 17:56:51.502 +03:00 [INF] Route matched with {action = "Dashboard", controller = "Admin"}. Executing controller action with signature System.Threading.Tasks.Task`1[Microsoft.AspNetCore.Mvc.IActionResult] Dashboard() on controller CourseHub.Controllers.AdminController (CourseHub).
2026-08-16 17:56:51.504 +03:00 [INF] Executed DbCommand (0ms) [Parameters=[@normalizedRoleName='?' (Size = 256)], CommandType='"Text"', CommandTimeout='30']
SELECT TOP(2) [a].[Id], [a].[ConcurrencyStamp], [a].[Name], [a].[NormalizedName]
FROM [AspNetRoles] AS [a]
WHERE [a].[NormalizedName] = @normalizedRoleName
2026-08-16 17:56:51.506 +03:00 [INF] Executed DbCommand (0ms) [Parameters=[@role_Id='?' (Size = 450)], CommandType='"Text"', CommandTimeout='30']
SELECT [a0].[Id], [a0].[AccessFailedCount], [a0].[ConcurrencyStamp], [a0].[Email], [a0].[EmailConfirmed], [a0].[FullName], [a0].[LockoutEnabled], [a0].[LockoutEnd], [a0].[NormalizedEmail], [a0].[NormalizedUserName], [a0].[PasswordHash], [a0].[PhoneNumber], [a0].[PhoneNumberConfirmed], [a0].[SecurityStamp], [a0].[TwoFactorEnabled], [a0].[UserName]
FROM [AspNetUserRoles] AS [a]
INNER JOIN [AspNetUsers] AS [a0] ON [a].[UserId] = [a0].[Id]
WHERE [a].[RoleId] = @role_Id
2026-08-16 17:56:51.508 +03:00 [INF] Executed DbCommand (0ms) [Parameters=[@normalizedRoleName='?' (Size = 256)], CommandType='"Text"', CommandTimeout='30']
SELECT TOP(2) [a].[Id], [a].[ConcurrencyStamp], [a].[Name], [a].[NormalizedName]
FROM [AspNetRoles] AS [a]
WHERE [a].[NormalizedName] = @normalizedRoleName
2026-08-16 17:56:51.510 +03:00 [INF] Executed DbCommand (0ms) [Parameters=[@role_Id='?' (Size = 450)], CommandType='"Text"', CommandTimeout='30']
SELECT [a0].[Id], [a0].[AccessFailedCount], [a0].[ConcurrencyStamp], [a0].[Email], [a0].[EmailConfirmed], [a0].[FullName], [a0].[LockoutEnabled], [a0].[LockoutEnd], [a0].[NormalizedEmail], [a0].[NormalizedUserName], [a0].[PasswordHash], [a0].[PhoneNumber], [a0].[PhoneNumberConfirmed], [a0].[SecurityStamp], [a0].[TwoFactorEnabled], [a0].[UserName]
FROM [AspNetUserRoles] AS [a]
INNER JOIN [AspNetUsers] AS [a0] ON [a].[UserId] = [a0].[Id]
WHERE [a].[RoleId] = @role_Id
2026-08-16 17:56:51.511 +03:00 [INF] Executed DbCommand (0ms) [Parameters=[], CommandType='"Text"', CommandTimeout='30']
SELECT COUNT(*)
FROM [AspNetUsers] AS [a]
2026-08-16 17:56:51.513 +03:00 [INF] Executed DbCommand (0ms) [Parameters=[], CommandType='"Text"', CommandTimeout='30']
SELECT COUNT(*)
FROM [Courses] AS [c]
2026-08-16 17:56:51.514 +03:00 [INF] Executed DbCommand (0ms) [Parameters=[], CommandType='"Text"', CommandTimeout='30']
SELECT COUNT(*)
FROM [Enrollments] AS [e]
2026-08-16 17:56:51.516 +03:00 [INF] Executing ViewResult, running view Dashboard.
2026-08-16 17:56:51.517 +03:00 [INF] Executed ViewResult - view Dashboard executed in 1.7372ms.
2026-08-16 17:56:51.518 +03:00 [INF] Executed action CourseHub.Controllers.AdminController.Dashboard (CourseHub) in 15.1983ms
2026-08-16 17:56:51.519 +03:00 [INF] Executed endpoint 'CourseHub.Controllers.AdminController.Dashboard (CourseHub)'
2026-08-16 17:56:51.520 +03:00 [INF] Request finished HTTP/2 GET https://localhost:7242/Admin/Dashboard - 200 null text/html; charset=utf-8 23.0331ms
2026-08-16 17:56:51.552 +03:00 [INF] Request starting HTTP/2 GET https://localhost:7242/_framework/aspnetcore-browser-refresh.js - null null
2026-08-16 17:56:51.554 +03:00 [INF] Request finished HTTP/2 GET https://localhost:7242/_framework/aspnetcore-browser-refresh.js - 200 14923 application/javascript; charset=utf-8 2.4859ms
2026-08-16 17:56:52.696 +03:00 [INF] Request starting HTTP/2 GET https://localhost:7242/Admin/Enrollments - null null
2026-08-16 17:56:52.700 +03:00 [INF] Executing endpoint 'CourseHub.Controllers.AdminController.Enrollments (CourseHub)'
2026-08-16 17:56:52.706 +03:00 [INF] Route matched with {action = "Enrollments", controller = "Admin"}. Executing controller action with signature System.Threading.Tasks.Task`1[Microsoft.AspNetCore.Mvc.IActionResult] Enrollments() on controller CourseHub.Controllers.AdminController (CourseHub).
2026-08-16 17:56:52.748 +03:00 [INF] Executed DbCommand (4ms) [Parameters=[], CommandType='"Text"', CommandTimeout='30']
SELECT [e].[Id], [e].[CourseId], [e].[EnrolledAt], [e].[StudentId], [a].[Id], [a].[AccessFailedCount], [a].[ConcurrencyStamp], [a].[Email], [a].[EmailConfirmed], [a].[FullName], [a].[LockoutEnabled], [a].[LockoutEnd], [a].[NormalizedEmail], [a].[NormalizedUserName], [a].[PasswordHash], [a].[PhoneNumber], [a].[PhoneNumberConfirmed], [a].[SecurityStamp], [a].[TwoFactorEnabled], [a].[UserName], [c].[Id], [c].[CategoryId], [c].[CreatedAt], [c].[Description], [c].[EnrollmentDeadline], [c].[ImageUrl], [c].[InstructorId], [c].[Price], [c].[Title]
FROM [Enrollments] AS [e]
INNER JOIN [AspNetUsers] AS [a] ON [e].[StudentId] = [a].[Id]
INNER JOIN [Courses] AS [c] ON [e].[CourseId] = [c].[Id]
ORDER BY [e].[EnrolledAt] DESC
2026-08-16 17:56:52.756 +03:00 [INF] Executing ViewResult, running view Enrollments.
2026-08-16 17:56:52.768 +03:00 [INF] Executed ViewResult - view Enrollments executed in 12.3132ms.
2026-08-16 17:56:52.769 +03:00 [INF] Executed action CourseHub.Controllers.AdminController.Enrollments (CourseHub) in 61.5687ms
2026-08-16 17:56:52.769 +03:00 [INF] Executed endpoint 'CourseHub.Controllers.AdminController.Enrollments (CourseHub)'
2026-08-16 17:56:52.770 +03:00 [INF] Request finished HTTP/2 GET https://localhost:7242/Admin/Enrollments - 200 null text/html; charset=utf-8 73.9788ms
2026-08-16 17:56:52.806 +03:00 [INF] Request starting HTTP/2 GET https://localhost:7242/css/site.css?v=KE_WAgacz-Y5PnZ42SHg5jXlliNSzUV6RSctpEN9b0Y - null null
2026-08-16 17:56:52.806 +03:00 [INF] Request starting HTTP/2 GET https://localhost:7242/_vs/browserLink - null null
2026-08-16 17:56:52.806 +03:00 [INF] Request starting HTTP/2 GET https://localhost:7242/_framework/aspnetcore-browser-refresh.js - null null
2026-08-16 17:56:52.808 +03:00 [INF] The file /css/site.css was not modified
2026-08-16 17:56:52.811 +03:00 [INF] Request finished HTTP/2 GET https://localhost:7242/_framework/aspnetcore-browser-refresh.js - 200 14923 application/javascript; charset=utf-8 4.2273ms
2026-08-16 17:56:52.811 +03:00 [INF] Request finished HTTP/2 GET https://localhost:7242/css/site.css?v=KE_WAgacz-Y5PnZ42SHg5jXlliNSzUV6RSctpEN9b0Y - 304 null text/css 5.5002ms
2026-08-16 17:56:52.812 +03:00 [INF] Request finished HTTP/2 GET https://localhost:7242/_vs/browserLink - 200 null text/javascript; charset=UTF-8 6.0448ms
2026-08-16 17:57:20.416 +03:00 [INF] Request starting HTTP/2 GET https://localhost:7242/Admin/Dashboard - null null
2026-08-16 17:57:20.420 +03:00 [INF] Executing endpoint 'CourseHub.Controllers.AdminController.Dashboard (CourseHub)'
2026-08-16 17:57:20.421 +03:00 [INF] Route matched with {action = "Dashboard", controller = "Admin"}. Executing controller action with signature System.Threading.Tasks.Task`1[Microsoft.AspNetCore.Mvc.IActionResult] Dashboard() on controller CourseHub.Controllers.AdminController (CourseHub).
2026-08-16 17:57:20.425 +03:00 [INF] Executed DbCommand (3ms) [Parameters=[@normalizedRoleName='?' (Size = 256)], CommandType='"Text"', CommandTimeout='30']
SELECT TOP(2) [a].[Id], [a].[ConcurrencyStamp], [a].[Name], [a].[NormalizedName]
FROM [AspNetRoles] AS [a]
WHERE [a].[NormalizedName] = @normalizedRoleName
2026-08-16 17:57:20.429 +03:00 [INF] Executed DbCommand (2ms) [Parameters=[@role_Id='?' (Size = 450)], CommandType='"Text"', CommandTimeout='30']
SELECT [a0].[Id], [a0].[AccessFailedCount], [a0].[ConcurrencyStamp], [a0].[Email], [a0].[EmailConfirmed], [a0].[FullName], [a0].[LockoutEnabled], [a0].[LockoutEnd], [a0].[NormalizedEmail], [a0].[NormalizedUserName], [a0].[PasswordHash], [a0].[PhoneNumber], [a0].[PhoneNumberConfirmed], [a0].[SecurityStamp], [a0].[TwoFactorEnabled], [a0].[UserName]
FROM [AspNetUserRoles] AS [a]
INNER JOIN [AspNetUsers] AS [a0] ON [a].[UserId] = [a0].[Id]
WHERE [a].[RoleId] = @role_Id
2026-08-16 17:57:20.430 +03:00 [INF] Executed DbCommand (0ms) [Parameters=[@normalizedRoleName='?' (Size = 256)], CommandType='"Text"', CommandTimeout='30']
SELECT TOP(2) [a].[Id], [a].[ConcurrencyStamp], [a].[Name], [a].[NormalizedName]
FROM [AspNetRoles] AS [a]
WHERE [a].[NormalizedName] = @normalizedRoleName
2026-08-16 17:57:20.432 +03:00 [INF] Executed DbCommand (0ms) [Parameters=[@role_Id='?' (Size = 450)], CommandType='"Text"', CommandTimeout='30']
SELECT [a0].[Id], [a0].[AccessFailedCount], [a0].[ConcurrencyStamp], [a0].[Email], [a0].[EmailConfirmed], [a0].[FullName], [a0].[LockoutEnabled], [a0].[LockoutEnd], [a0].[NormalizedEmail], [a0].[NormalizedUserName], [a0].[PasswordHash], [a0].[PhoneNumber], [a0].[PhoneNumberConfirmed], [a0].[SecurityStamp], [a0].[TwoFactorEnabled], [a0].[UserName]
FROM [AspNetUserRoles] AS [a]
INNER JOIN [AspNetUsers] AS [a0] ON [a].[UserId] = [a0].[Id]
WHERE [a].[RoleId] = @role_Id
2026-08-16 17:57:20.434 +03:00 [INF] Executed DbCommand (1ms) [Parameters=[], CommandType='"Text"', CommandTimeout='30']
SELECT COUNT(*)
FROM [AspNetUsers] AS [a]
2026-08-16 17:57:20.447 +03:00 [INF] Executed DbCommand (11ms) [Parameters=[], CommandType='"Text"', CommandTimeout='30']
SELECT COUNT(*)
FROM [Courses] AS [c]
2026-08-16 17:57:20.450 +03:00 [INF] Executed DbCommand (2ms) [Parameters=[], CommandType='"Text"', CommandTimeout='30']
SELECT COUNT(*)
FROM [Enrollments] AS [e]
2026-08-16 17:57:20.452 +03:00 [INF] Executing ViewResult, running view Dashboard.
2026-08-16 17:57:20.454 +03:00 [INF] Executed ViewResult - view Dashboard executed in 2.244ms.
2026-08-16 17:57:20.455 +03:00 [INF] Executed action CourseHub.Controllers.AdminController.Dashboard (CourseHub) in 33.2431ms
2026-08-16 17:57:20.455 +03:00 [INF] Executed endpoint 'CourseHub.Controllers.AdminController.Dashboard (CourseHub)'
2026-08-16 17:57:20.456 +03:00 [INF] Request finished HTTP/2 GET https://localhost:7242/Admin/Dashboard - 200 null text/html; charset=utf-8 40.4937ms
2026-08-16 17:57:20.487 +03:00 [INF] Request starting HTTP/2 GET https://localhost:7242/lib/jquery/dist/jquery.min.js - null null
2026-08-16 17:57:20.487 +03:00 [INF] Request starting HTTP/2 GET https://localhost:7242/_framework/aspnetcore-browser-refresh.js - null null
2026-08-16 17:57:20.487 +03:00 [INF] Request starting HTTP/2 GET https://localhost:7242/css/site.css?v=KE_WAgacz-Y5PnZ42SHg5jXlliNSzUV6RSctpEN9b0Y - null null
2026-08-16 17:57:20.488 +03:00 [INF] Request starting HTTP/2 GET https://localhost:7242/lib/bootstrap/dist/js/bootstrap.bundle.min.js - null null
2026-08-16 17:57:20.487 +03:00 [INF] Request starting HTTP/2 GET https://localhost:7242/lib/bootstrap/dist/css/bootstrap.min.css - null null
2026-08-16 17:57:20.490 +03:00 [INF] The file /lib/jquery/dist/jquery.min.js was not modified
2026-08-16 17:57:20.487 +03:00 [INF] Request starting HTTP/2 GET https://localhost:7242/js/site.js?v=hRQyftXiu1lLX2P9Ly9xa4gHJgLeR1uGN5qegUobtGo - null null
2026-08-16 17:57:20.494 +03:00 [INF] The file /css/site.css was not modified
2026-08-16 17:57:20.495 +03:00 [INF] The file /lib/bootstrap/dist/js/bootstrap.bundle.min.js was not modified
2026-08-16 17:57:20.496 +03:00 [INF] The file /lib/bootstrap/dist/css/bootstrap.min.css was not modified
2026-08-16 17:57:20.497 +03:00 [INF] Request finished HTTP/2 GET https://localhost:7242/lib/jquery/dist/jquery.min.js - 304 null text/javascript 9.5315ms
2026-08-16 17:57:20.489 +03:00 [INF] Request starting HTTP/2 GET https://localhost:7242/_vs/browserLink - null null
2026-08-16 17:57:20.492 +03:00 [INF] Request finished HTTP/2 GET https://localhost:7242/_framework/aspnetcore-browser-refresh.js - 200 14923 application/javascript; charset=utf-8 4.5647ms
2026-08-16 17:57:20.500 +03:00 [INF] Request finished HTTP/2 GET https://localhost:7242/css/site.css?v=KE_WAgacz-Y5PnZ42SHg5jXlliNSzUV6RSctpEN9b0Y - 304 null text/css 12.5237ms
2026-08-16 17:57:20.500 +03:00 [INF] Request finished HTTP/2 GET https://localhost:7242/lib/bootstrap/dist/js/bootstrap.bundle.min.js - 304 null text/javascript 12.3361ms
2026-08-16 17:57:20.501 +03:00 [INF] Request finished HTTP/2 GET https://localhost:7242/lib/bootstrap/dist/css/bootstrap.min.css - 304 null text/css 13.6466ms
2026-08-16 17:57:20.499 +03:00 [INF] The file /js/site.js was not modified
2026-08-16 17:57:20.508 +03:00 [INF] Request finished HTTP/2 GET https://localhost:7242/_vs/browserLink - 200 null text/javascript; charset=UTF-8 18.8669ms
2026-08-16 17:57:20.512 +03:00 [INF] Request finished HTTP/2 GET https://localhost:7242/js/site.js?v=hRQyftXiu1lLX2P9Ly9xa4gHJgLeR1uGN5qegUobtGo - 304 null text/javascript 24.2952ms
2026-08-16 18:06:16.171 +03:00 [INF] Request starting HTTP/2 GET https://localhost:7242/Admin/Students - null null
2026-08-16 18:06:16.178 +03:00 [INF] Executing endpoint 'CourseHub.Controllers.AdminController.Students (CourseHub)'
2026-08-16 18:06:16.184 +03:00 [INF] Route matched with {action = "Students", controller = "Admin"}. Executing controller action with signature System.Threading.Tasks.Task`1[Microsoft.AspNetCore.Mvc.IActionResult] Students() on controller CourseHub.Controllers.AdminController (CourseHub).
2026-08-16 18:06:16.253 +03:00 [INF] Executed DbCommand (8ms) [Parameters=[@normalizedRoleName='?' (Size = 256)], CommandType='"Text"', CommandTimeout='30']
SELECT TOP(2) [a].[Id], [a].[ConcurrencyStamp], [a].[Name], [a].[NormalizedName]
FROM [AspNetRoles] AS [a]
WHERE [a].[NormalizedName] = @normalizedRoleName
2026-08-16 18:06:16.263 +03:00 [INF] Executed DbCommand (7ms) [Parameters=[@role_Id='?' (Size = 450)], CommandType='"Text"', CommandTimeout='30']
SELECT [a0].[Id], [a0].[AccessFailedCount], [a0].[ConcurrencyStamp], [a0].[Email], [a0].[EmailConfirmed], [a0].[FullName], [a0].[LockoutEnabled], [a0].[LockoutEnd], [a0].[NormalizedEmail], [a0].[NormalizedUserName], [a0].[PasswordHash], [a0].[PhoneNumber], [a0].[PhoneNumberConfirmed], [a0].[SecurityStamp], [a0].[TwoFactorEnabled], [a0].[UserName]
FROM [AspNetUserRoles] AS [a]
INNER JOIN [AspNetUsers] AS [a0] ON [a].[UserId] = [a0].[Id]
WHERE [a].[RoleId] = @role_Id
2026-08-16 18:06:16.265 +03:00 [INF] Executing ViewResult, running view Students.
2026-08-16 18:06:16.279 +03:00 [INF] Executed ViewResult - view Students executed in 14.1611ms.
2026-08-16 18:06:16.280 +03:00 [INF] Executed action CourseHub.Controllers.AdminController.Students (CourseHub) in 94.4618ms
2026-08-16 18:06:16.280 +03:00 [INF] Executed endpoint 'CourseHub.Controllers.AdminController.Students (CourseHub)'
2026-08-16 18:06:16.281 +03:00 [INF] Request finished HTTP/2 GET https://localhost:7242/Admin/Students - 200 null text/html; charset=utf-8 109.8441ms
2026-08-16 18:06:16.312 +03:00 [INF] Request starting HTTP/2 GET https://localhost:7242/_vs/browserLink - null null
2026-08-16 18:06:16.312 +03:00 [INF] Request starting HTTP/2 GET https://localhost:7242/css/site.css?v=KE_WAgacz-Y5PnZ42SHg5jXlliNSzUV6RSctpEN9b0Y - null null
2026-08-16 18:06:16.312 +03:00 [INF] Request starting HTTP/2 GET https://localhost:7242/_framework/aspnetcore-browser-refresh.js - null null
2026-08-16 18:06:16.316 +03:00 [INF] The file /css/site.css was not modified
2026-08-16 18:06:16.359 +03:00 [INF] Request finished HTTP/2 GET https://localhost:7242/_framework/aspnetcore-browser-refresh.js - 200 14923 application/javascript; charset=utf-8 46.8794ms
2026-08-16 18:06:16.359 +03:00 [INF] Request finished HTTP/2 GET https://localhost:7242/css/site.css?v=KE_WAgacz-Y5PnZ42SHg5jXlliNSzUV6RSctpEN9b0Y - 304 null text/css 47.418ms
2026-08-16 18:06:16.360 +03:00 [INF] Request finished HTTP/2 GET https://localhost:7242/_vs/browserLink - 200 null text/javascript; charset=UTF-8 47.6588ms
2026-08-16 18:06:18.526 +03:00 [INF] Request starting HTTP/2 GET https://localhost:7242/Admin/Dashboard - null null
2026-08-16 18:06:18.530 +03:00 [INF] Executing endpoint 'CourseHub.Controllers.AdminController.Dashboard (CourseHub)'
2026-08-16 18:06:18.530 +03:00 [INF] Route matched with {action = "Dashboard", controller = "Admin"}. Executing controller action with signature System.Threading.Tasks.Task`1[Microsoft.AspNetCore.Mvc.IActionResult] Dashboard() on controller CourseHub.Controllers.AdminController (CourseHub).
2026-08-16 18:06:18.539 +03:00 [INF] Executed DbCommand (7ms) [Parameters=[@normalizedRoleName='?' (Size = 256)], CommandType='"Text"', CommandTimeout='30']
SELECT TOP(2) [a].[Id], [a].[ConcurrencyStamp], [a].[Name], [a].[NormalizedName]
FROM [AspNetRoles] AS [a]
WHERE [a].[NormalizedName] = @normalizedRoleName
2026-08-16 18:06:18.541 +03:00 [INF] Executed DbCommand (0ms) [Parameters=[@role_Id='?' (Size = 450)], CommandType='"Text"', CommandTimeout='30']
SELECT [a0].[Id], [a0].[AccessFailedCount], [a0].[ConcurrencyStamp], [a0].[Email], [a0].[EmailConfirmed], [a0].[FullName], [a0].[LockoutEnabled], [a0].[LockoutEnd], [a0].[NormalizedEmail], [a0].[NormalizedUserName], [a0].[PasswordHash], [a0].[PhoneNumber], [a0].[PhoneNumberConfirmed], [a0].[SecurityStamp], [a0].[TwoFactorEnabled], [a0].[UserName]
FROM [AspNetUserRoles] AS [a]
INNER JOIN [AspNetUsers] AS [a0] ON [a].[UserId] = [a0].[Id]
WHERE [a].[RoleId] = @role_Id
2026-08-16 18:06:18.542 +03:00 [INF] Executed DbCommand (0ms) [Parameters=[@normalizedRoleName='?' (Size = 256)], CommandType='"Text"', CommandTimeout='30']
SELECT TOP(2) [a].[Id], [a].[ConcurrencyStamp], [a].[Name], [a].[NormalizedName]
FROM [AspNetRoles] AS [a]
WHERE [a].[NormalizedName] = @normalizedRoleName
2026-08-16 18:06:18.544 +03:00 [INF] Executed DbCommand (0ms) [Parameters=[@role_Id='?' (Size = 450)], CommandType='"Text"', CommandTimeout='30']
SELECT [a0].[Id], [a0].[AccessFailedCount], [a0].[ConcurrencyStamp], [a0].[Email], [a0].[EmailConfirmed], [a0].[FullName], [a0].[LockoutEnabled], [a0].[LockoutEnd], [a0].[NormalizedEmail], [a0].[NormalizedUserName], [a0].[PasswordHash], [a0].[PhoneNumber], [a0].[PhoneNumberConfirmed], [a0].[SecurityStamp], [a0].[TwoFactorEnabled], [a0].[UserName]
FROM [AspNetUserRoles] AS [a]
INNER JOIN [AspNetUsers] AS [a0] ON [a].[UserId] = [a0].[Id]
WHERE [a].[RoleId] = @role_Id
2026-08-16 18:06:18.546 +03:00 [INF] Executed DbCommand (1ms) [Parameters=[], CommandType='"Text"', CommandTimeout='30']
SELECT COUNT(*)
FROM [AspNetUsers] AS [a]
2026-08-16 18:06:18.549 +03:00 [INF] Executed DbCommand (2ms) [Parameters=[], CommandType='"Text"', CommandTimeout='30']
SELECT COUNT(*)
FROM [Courses] AS [c]
2026-08-16 18:06:18.552 +03:00 [INF] Executed DbCommand (2ms) [Parameters=[], CommandType='"Text"', CommandTimeout='30']
SELECT COUNT(*)
FROM [Enrollments] AS [e]
2026-08-16 18:06:18.553 +03:00 [INF] Executing ViewResult, running view Dashboard.
2026-08-16 18:06:18.555 +03:00 [INF] Executed ViewResult - view Dashboard executed in 1.7536ms.
2026-08-16 18:06:18.556 +03:00 [INF] Executed action CourseHub.Controllers.AdminController.Dashboard (CourseHub) in 24.5071ms
2026-08-16 18:06:18.557 +03:00 [INF] Executed endpoint 'CourseHub.Controllers.AdminController.Dashboard (CourseHub)'
2026-08-16 18:06:18.558 +03:00 [INF] Request finished HTTP/2 GET https://localhost:7242/Admin/Dashboard - 200 null text/html; charset=utf-8 31.506ms
2026-08-16 18:06:18.593 +03:00 [INF] Request starting HTTP/2 GET https://localhost:7242/_framework/aspnetcore-browser-refresh.js - null null
2026-08-16 18:06:18.594 +03:00 [INF] Request finished HTTP/2 GET https://localhost:7242/_framework/aspnetcore-browser-refresh.js - 200 14923 application/javascript; charset=utf-8 1.6972ms
2026-08-16 18:06:20.870 +03:00 [INF] Request starting HTTP/2 GET https://localhost:7242/Admin/Courses - null null
2026-08-16 18:06:20.873 +03:00 [INF] Executing endpoint 'CourseHub.Controllers.AdminController.Courses (CourseHub)'
2026-08-16 18:06:20.880 +03:00 [INF] Route matched with {action = "Courses", controller = "Admin"}. Executing controller action with signature System.Threading.Tasks.Task`1[Microsoft.AspNetCore.Mvc.IActionResult] Courses() on controller CourseHub.Controllers.AdminController (CourseHub).
2026-08-16 18:06:20.899 +03:00 [INF] Executed DbCommand (5ms) [Parameters=[], CommandType='"Text"', CommandTimeout='30']
SELECT [c].[Id], [c].[CategoryId], [c].[CreatedAt], [c].[Description], [c].[EnrollmentDeadline], [c].[ImageUrl], [c].[InstructorId], [c].[Price], [c].[Title], [c0].[Id], [c0].[Name], [a].[Id], [a].[AccessFailedCount], [a].[ConcurrencyStamp], [a].[Email], [a].[EmailConfirmed], [a].[FullName], [a].[LockoutEnabled], [a].[LockoutEnd], [a].[NormalizedEmail], [a].[NormalizedUserName], [a].[PasswordHash], [a].[PhoneNumber], [a].[PhoneNumberConfirmed], [a].[SecurityStamp], [a].[TwoFactorEnabled], [a].[UserName]
FROM [Courses] AS [c]
INNER JOIN [Categories] AS [c0] ON [c].[CategoryId] = [c0].[Id]
INNER JOIN [AspNetUsers] AS [a] ON [c].[InstructorId] = [a].[Id]
ORDER BY [c].[CreatedAt] DESC
2026-08-16 18:06:20.905 +03:00 [INF] Executing ViewResult, running view Courses.
2026-08-16 18:06:20.915 +03:00 [INF] Executed ViewResult - view Courses executed in 10.8596ms.
2026-08-16 18:06:20.916 +03:00 [INF] Executed action CourseHub.Controllers.AdminController.Courses (CourseHub) in 35.6573ms
2026-08-16 18:06:20.917 +03:00 [INF] Executed endpoint 'CourseHub.Controllers.AdminController.Courses (CourseHub)'
2026-08-16 18:06:20.918 +03:00 [INF] Request finished HTTP/2 GET https://localhost:7242/Admin/Courses - 200 null text/html; charset=utf-8 47.7332ms
2026-08-16 18:06:20.954 +03:00 [INF] Request starting HTTP/2 GET https://localhost:7242/_framework/aspnetcore-browser-refresh.js - null null
2026-08-16 18:06:20.956 +03:00 [INF] Request finished HTTP/2 GET https://localhost:7242/_framework/aspnetcore-browser-refresh.js - 200 14923 application/javascript; charset=utf-8 2.1364ms
2026-08-16 18:06:20.962 +03:00 [INF] Request starting HTTP/2 GET https://localhost:7242/_vs/browserLink - null null
2026-08-16 18:06:20.967 +03:00 [INF] Request finished HTTP/2 GET https://localhost:7242/_vs/browserLink - 200 null text/javascript; charset=UTF-8 4.7142ms
2026-08-16 18:06:30.914 +03:00 [INF] Request starting HTTP/2 GET https://localhost:7242/Admin/Dashboard - null null
2026-08-16 18:06:30.917 +03:00 [INF] Executing endpoint 'CourseHub.Controllers.AdminController.Dashboard (CourseHub)'
2026-08-16 18:06:30.917 +03:00 [INF] Route matched with {action = "Dashboard", controller = "Admin"}. Executing controller action with signature System.Threading.Tasks.Task`1[Microsoft.AspNetCore.Mvc.IActionResult] Dashboard() on controller CourseHub.Controllers.AdminController (CourseHub).
2026-08-16 18:06:30.920 +03:00 [INF] Executed DbCommand (0ms) [Parameters=[@normalizedRoleName='?' (Size = 256)], CommandType='"Text"', CommandTimeout='30']
SELECT TOP(2) [a].[Id], [a].[ConcurrencyStamp], [a].[Name], [a].[NormalizedName]
FROM [AspNetRoles] AS [a]
WHERE [a].[NormalizedName] = @normalizedRoleName
2026-08-16 18:06:30.922 +03:00 [INF] Executed DbCommand (0ms) [Parameters=[@role_Id='?' (Size = 450)], CommandType='"Text"', CommandTimeout='30']
SELECT [a0].[Id], [a0].[AccessFailedCount], [a0].[ConcurrencyStamp], [a0].[Email], [a0].[EmailConfirmed], [a0].[FullName], [a0].[LockoutEnabled], [a0].[LockoutEnd], [a0].[NormalizedEmail], [a0].[NormalizedUserName], [a0].[PasswordHash], [a0].[PhoneNumber], [a0].[PhoneNumberConfirmed], [a0].[SecurityStamp], [a0].[TwoFactorEnabled], [a0].[UserName]
FROM [AspNetUserRoles] AS [a]
INNER JOIN [AspNetUsers] AS [a0] ON [a].[UserId] = [a0].[Id]
WHERE [a].[RoleId] = @role_Id
2026-08-16 18:06:30.924 +03:00 [INF] Executed DbCommand (0ms) [Parameters=[@normalizedRoleName='?' (Size = 256)], CommandType='"Text"', CommandTimeout='30']
SELECT TOP(2) [a].[Id], [a].[ConcurrencyStamp], [a].[Name], [a].[NormalizedName]
FROM [AspNetRoles] AS [a]
WHERE [a].[NormalizedName] = @normalizedRoleName
2026-08-16 18:06:30.926 +03:00 [INF] Executed DbCommand (0ms) [Parameters=[@role_Id='?' (Size = 450)], CommandType='"Text"', CommandTimeout='30']
SELECT [a0].[Id], [a0].[AccessFailedCount], [a0].[ConcurrencyStamp], [a0].[Email], [a0].[EmailConfirmed], [a0].[FullName], [a0].[LockoutEnabled], [a0].[LockoutEnd], [a0].[NormalizedEmail], [a0].[NormalizedUserName], [a0].[PasswordHash], [a0].[PhoneNumber], [a0].[PhoneNumberConfirmed], [a0].[SecurityStamp], [a0].[TwoFactorEnabled], [a0].[UserName]
FROM [AspNetUserRoles] AS [a]
INNER JOIN [AspNetUsers] AS [a0] ON [a].[UserId] = [a0].[Id]
WHERE [a].[RoleId] = @role_Id
2026-08-16 18:06:30.927 +03:00 [INF] Executed DbCommand (0ms) [Parameters=[], CommandType='"Text"', CommandTimeout='30']
SELECT COUNT(*)
FROM [AspNetUsers] AS [a]
2026-08-16 18:06:30.928 +03:00 [INF] Executed DbCommand (0ms) [Parameters=[], CommandType='"Text"', CommandTimeout='30']
SELECT COUNT(*)
FROM [Courses] AS [c]
2026-08-16 18:06:30.930 +03:00 [INF] Executed DbCommand (0ms) [Parameters=[], CommandType='"Text"', CommandTimeout='30']
SELECT COUNT(*)
FROM [Enrollments] AS [e]
2026-08-16 18:06:30.931 +03:00 [INF] Executing ViewResult, running view Dashboard.
2026-08-16 18:06:30.933 +03:00 [INF] Executed ViewResult - view Dashboard executed in 1.3879ms.
2026-08-16 18:06:30.933 +03:00 [INF] Executed action CourseHub.Controllers.AdminController.Dashboard (CourseHub) in 14.8691ms
2026-08-16 18:06:30.934 +03:00 [INF] Executed endpoint 'CourseHub.Controllers.AdminController.Dashboard (CourseHub)'
2026-08-16 18:06:30.935 +03:00 [INF] Request finished HTTP/2 GET https://localhost:7242/Admin/Dashboard - 200 null text/html; charset=utf-8 21.2068ms
2026-08-16 18:06:30.969 +03:00 [INF] Request starting HTTP/2 GET https://localhost:7242/_framework/aspnetcore-browser-refresh.js - null null
2026-08-16 18:06:30.969 +03:00 [INF] Request starting HTTP/2 GET https://localhost:7242/_vs/browserLink - null null
2026-08-16 18:06:30.970 +03:00 [INF] Request finished HTTP/2 GET https://localhost:7242/_framework/aspnetcore-browser-refresh.js - 200 14923 application/javascript; charset=utf-8 1.592ms
2026-08-16 18:06:30.975 +03:00 [INF] Request finished HTTP/2 GET https://localhost:7242/_vs/browserLink - 200 null text/javascript; charset=UTF-8 6.2924ms
2026-08-16 18:06:32.988 +03:00 [INF] Request starting HTTP/2 GET https://localhost:7242/Admin/Enrollments - null null
2026-08-16 18:06:32.991 +03:00 [INF] Executing endpoint 'CourseHub.Controllers.AdminController.Enrollments (CourseHub)'
2026-08-16 18:06:32.992 +03:00 [INF] Route matched with {action = "Enrollments", controller = "Admin"}. Executing controller action with signature System.Threading.Tasks.Task`1[Microsoft.AspNetCore.Mvc.IActionResult] Enrollments() on controller CourseHub.Controllers.AdminController (CourseHub).
2026-08-16 18:06:32.998 +03:00 [INF] Executed DbCommand (4ms) [Parameters=[], CommandType='"Text"', CommandTimeout='30']
SELECT [e].[Id], [e].[CourseId], [e].[EnrolledAt], [e].[StudentId], [a].[Id], [a].[AccessFailedCount], [a].[ConcurrencyStamp], [a].[Email], [a].[EmailConfirmed], [a].[FullName], [a].[LockoutEnabled], [a].[LockoutEnd], [a].[NormalizedEmail], [a].[NormalizedUserName], [a].[PasswordHash], [a].[PhoneNumber], [a].[PhoneNumberConfirmed], [a].[SecurityStamp], [a].[TwoFactorEnabled], [a].[UserName], [c].[Id], [c].[CategoryId], [c].[CreatedAt], [c].[Description], [c].[EnrollmentDeadline], [c].[ImageUrl], [c].[InstructorId], [c].[Price], [c].[Title]
FROM [Enrollments] AS [e]
INNER JOIN [AspNetUsers] AS [a] ON [e].[StudentId] = [a].[Id]
INNER JOIN [Courses] AS [c] ON [e].[CourseId] = [c].[Id]
ORDER BY [e].[EnrolledAt] DESC
2026-08-16 18:06:33.000 +03:00 [INF] Executing ViewResult, running view Enrollments.
2026-08-16 18:06:33.001 +03:00 [INF] Executed ViewResult - view Enrollments executed in 1.6146ms.
2026-08-16 18:06:33.002 +03:00 [INF] Executed action CourseHub.Controllers.AdminController.Enrollments (CourseHub) in 9.3206ms
2026-08-16 18:06:33.003 +03:00 [INF] Executed endpoint 'CourseHub.Controllers.AdminController.Enrollments (CourseHub)'
2026-08-16 18:06:33.004 +03:00 [INF] Request finished HTTP/2 GET https://localhost:7242/Admin/Enrollments - 200 null text/html; charset=utf-8 15.5383ms
2026-08-16 18:06:33.051 +03:00 [INF] Request starting HTTP/2 GET https://localhost:7242/_vs/browserLink - null null
2026-08-16 18:06:33.057 +03:00 [INF] Request finished HTTP/2 GET https://localhost:7242/_vs/browserLink - 200 null text/javascript; charset=UTF-8 5.519ms
2026-08-16 18:06:33.059 +03:00 [INF] Request starting HTTP/2 GET https://localhost:7242/_framework/aspnetcore-browser-refresh.js - null null
2026-08-16 18:06:33.061 +03:00 [INF] Request finished HTTP/2 GET https://localhost:7242/_framework/aspnetcore-browser-refresh.js - 200 14923 application/javascript; charset=utf-8 1.8838ms
2026-08-16 18:30:46.324 +03:00 [INF] Starting CourseHub application...
2026-08-16 18:30:46.772 +03:00 [INF] User profile is available. Using 'C:\Users\ayman\AppData\Local\ASP.NET\DataProtection-Keys' as key repository and Windows DPAPI to encrypt keys at rest.
2026-08-16 18:30:47.351 +03:00 [WRN] No store type was specified for the decimal property 'Price' on entity type 'Course'. This will cause values to be silently truncated if they do not fit in the default precision and scale. Explicitly specify the SQL server column type that can accommodate all the values in 'OnModelCreating' using 'HasColumnType', specify precision and scale using 'HasPrecision', or configure a value converter using 'HasConversion'.
2026-08-16 18:30:47.961 +03:00 [INF] Executed DbCommand (42ms) [Parameters=[@normalizedName='?' (Size = 256)], CommandType='"Text"', CommandTimeout='30']
SELECT TOP(1) [a].[Id], [a].[ConcurrencyStamp], [a].[Name], [a].[NormalizedName]
FROM [AspNetRoles] AS [a]
WHERE [a].[NormalizedName] = @normalizedName
2026-08-16 18:30:48.028 +03:00 [INF] Executed DbCommand (1ms) [Parameters=[@normalizedName='?' (Size = 256)], CommandType='"Text"', CommandTimeout='30']
SELECT TOP(1) [a].[Id], [a].[ConcurrencyStamp], [a].[Name], [a].[NormalizedName]
FROM [AspNetRoles] AS [a]
WHERE [a].[NormalizedName] = @normalizedName
2026-08-16 18:30:48.031 +03:00 [INF] Executed DbCommand (0ms) [Parameters=[@normalizedName='?' (Size = 256)], CommandType='"Text"', CommandTimeout='30']
SELECT TOP(1) [a].[Id], [a].[ConcurrencyStamp], [a].[Name], [a].[NormalizedName]
FROM [AspNetRoles] AS [a]
WHERE [a].[NormalizedName] = @normalizedName
2026-08-16 18:30:48.043 +03:00 [INF] Executed DbCommand (3ms) [Parameters=[@normalizedEmail='?' (Size = 256)], CommandType='"Text"', CommandTimeout='30']
SELECT TOP(2) [a].[Id], [a].[AccessFailedCount], [a].[ConcurrencyStamp], [a].[Email], [a].[EmailConfirmed], [a].[FullName], [a].[LockoutEnabled], [a].[LockoutEnd], [a].[NormalizedEmail], [a].[NormalizedUserName], [a].[PasswordHash], [a].[PhoneNumber], [a].[PhoneNumberConfirmed], [a].[SecurityStamp], [a].[TwoFactorEnabled], [a].[UserName]
FROM [AspNetUsers] AS [a]
WHERE [a].[NormalizedEmail] = @normalizedEmail
2026-08-16 18:30:48.074 +03:00 [INF] CourseHub application started successfully.
2026-08-16 18:30:48.223 +03:00 [INF] Now listening on: https://localhost:7242
2026-08-16 18:30:48.224 +03:00 [INF] Now listening on: http://localhost:5164
2026-08-16 18:30:48.254 +03:00 [INF] Application started. Press Ctrl+C to shut down.
2026-08-16 18:30:48.254 +03:00 [INF] Hosting environment: Development
2026-08-16 18:30:48.255 +03:00 [INF] Content root path: D:\Real Projects\Mvc Projects\CourseHub\CourseHub
2026-08-16 18:30:48.911 +03:00 [INF] Request starting HTTP/2 GET https://localhost:7242/ - null null
2026-08-16 18:30:49.082 +03:00 [INF] Executed DbCommand (2ms) [Parameters=[@p='?' (Size = 450)], CommandType='"Text"', CommandTimeout='30']
SELECT TOP(1) [a].[Id], [a].[AccessFailedCount], [a].[ConcurrencyStamp], [a].[Email], [a].[EmailConfirmed], [a].[FullName], [a].[LockoutEnabled], [a].[LockoutEnd], [a].[NormalizedEmail], [a].[NormalizedUserName], [a].[PasswordHash], [a].[PhoneNumber], [a].[PhoneNumberConfirmed], [a].[SecurityStamp], [a].[TwoFactorEnabled], [a].[UserName]
FROM [AspNetUsers] AS [a]
WHERE [a].[Id] = @p
2026-08-16 18:30:49.124 +03:00 [INF] Executed DbCommand (8ms) [Parameters=[@user_Id='?' (Size = 450)], CommandType='"Text"', CommandTimeout='30']
SELECT [a].[Id], [a].[ClaimType], [a].[ClaimValue], [a].[UserId]
FROM [AspNetUserClaims] AS [a]
WHERE [a].[UserId] = @user_Id
2026-08-16 18:30:49.146 +03:00 [INF] Executed DbCommand (3ms) [Parameters=[@userId='?' (Size = 450)], CommandType='"Text"', CommandTimeout='30']
SELECT [a0].[Name]
FROM [AspNetUserRoles] AS [a]
INNER JOIN [AspNetRoles] AS [a0] ON [a].[RoleId] = [a0].[Id]
WHERE [a].[UserId] = @userId
2026-08-16 18:30:49.149 +03:00 [INF] Executed DbCommand (0ms) [Parameters=[@normalizedName='?' (Size = 256)], CommandType='"Text"', CommandTimeout='30']
SELECT TOP(1) [a].[Id], [a].[ConcurrencyStamp], [a].[Name], [a].[NormalizedName]
FROM [AspNetRoles] AS [a]
WHERE [a].[NormalizedName] = @normalizedName
2026-08-16 18:30:49.157 +03:00 [INF] Executed DbCommand (2ms) [Parameters=[@role_Id='?' (Size = 450)], CommandType='"Text"', CommandTimeout='30']
SELECT [a].[ClaimType], [a].[ClaimValue]
FROM [AspNetRoleClaims] AS [a]
WHERE [a].[RoleId] = @role_Id
2026-08-16 18:30:49.167 +03:00 [INF] Executing endpoint 'CourseHub.Controllers.HomeController.Index (CourseHub)'
2026-08-16 18:30:49.180 +03:00 [INF] Route matched with {action = "Index", controller = "Home"}. Executing controller action with signature System.Threading.Tasks.Task`1[Microsoft.AspNetCore.Mvc.IActionResult] Index() on controller CourseHub.Controllers.HomeController (CourseHub).
2026-08-16 18:30:49.205 +03:00 [INF] Executed DbCommand (2ms) [Parameters=[], CommandType='"Text"', CommandTimeout='30']
SELECT COUNT(*)
FROM [Courses] AS [c]
2026-08-16 18:30:49.212 +03:00 [INF] Executed DbCommand (1ms) [Parameters=[], CommandType='"Text"', CommandTimeout='30']
SELECT COUNT(*)
FROM [Categories] AS [c]
2026-08-16 18:30:49.249 +03:00 [INF] Executing ViewResult, running view Index.
2026-08-16 18:30:49.344 +03:00 [INF] Executed ViewResult - view Index executed in 95.4119ms.
2026-08-16 18:30:49.348 +03:00 [INF] Executed action CourseHub.Controllers.HomeController.Index (CourseHub) in 165.8026ms
2026-08-16 18:30:49.349 +03:00 [INF] Executed endpoint 'CourseHub.Controllers.HomeController.Index (CourseHub)'
2026-08-16 18:30:49.360 +03:00 [INF] Request finished HTTP/2 GET https://localhost:7242/ - 200 null text/html; charset=utf-8 454.4409ms
2026-08-16 18:30:49.372 +03:00 [INF] Request starting HTTP/2 GET https://localhost:7242/css/site.css?v=qMU--PDHEmm-P-Zep5kEmH-s5OSA5s1XZM-cpI7pRHk - null null
2026-08-16 18:30:49.372 +03:00 [INF] Request starting HTTP/2 GET https://localhost:7242/_framework/aspnetcore-browser-refresh.js - null null
2026-08-16 18:30:49.374 +03:00 [INF] Request starting HTTP/2 GET https://localhost:7242/_vs/browserLink - null null
2026-08-16 18:30:49.381 +03:00 [INF] Request finished HTTP/2 GET https://localhost:7242/_framework/aspnetcore-browser-refresh.js - 200 14923 application/javascript; charset=utf-8 8.9216ms
2026-08-16 18:30:49.411 +03:00 [INF] Sending file. Request path: '/css/site.css'. Physical path: 'D:\Real Projects\Mvc Projects\CourseHub\CourseHub\wwwroot\css\site.css'
2026-08-16 18:30:49.413 +03:00 [INF] Request finished HTTP/2 GET https://localhost:7242/css/site.css?v=qMU--PDHEmm-P-Zep5kEmH-s5OSA5s1XZM-cpI7pRHk - 200 17224 text/css 41.1565ms
2026-08-16 18:30:49.429 +03:00 [INF] Request finished HTTP/2 GET https://localhost:7242/_vs/browserLink - 200 null text/javascript; charset=UTF-8 55.4049ms
2026-08-16 18:30:55.104 +03:00 [INF] Request starting HTTP/2 GET https://localhost:7242/Courses - null null
2026-08-16 18:30:55.117 +03:00 [INF] Executing endpoint 'CourseHub.Controllers.CoursesController.Index (CourseHub)'
2026-08-16 18:30:55.132 +03:00 [INF] Route matched with {action = "Index", controller = "Courses"}. Executing controller action with signature System.Threading.Tasks.Task`1[Microsoft.AspNetCore.Mvc.IActionResult] Index(System.String, System.Nullable`1[System.Int32], Int32) on controller CourseHub.Controllers.CoursesController (CourseHub).
2026-08-16 18:30:55.227 +03:00 [WRN] You do not have a valid license key for the Lucky Penny software AutoMapper. This is allowed for development and testing scenarios. If you are running in production you are required to have a licensed version. Please visit https://luckypennysoftware.com to obtain a valid license.
2026-08-16 18:30:55.253 +03:00 [INF] Executed DbCommand (0ms) [Parameters=[], CommandType='"Text"', CommandTimeout='30']
SELECT COUNT(*)
FROM [Courses] AS [c]
2026-08-16 18:30:55.294 +03:00 [INF] Executed DbCommand (5ms) [Parameters=[@p='?' (DbType = Int32), @p1='?' (DbType = Int32)], CommandType='"Text"', CommandTimeout='30']
SELECT [c1].[Id], [c1].[CategoryId], [c1].[CreatedAt], [c1].[Description], [c1].[EnrollmentDeadline], [c1].[ImageUrl], [c1].[InstructorId], [c1].[Price], [c1].[Title], [c0].[Id], [c0].[Name], [a].[Id], [a].[AccessFailedCount], [a].[ConcurrencyStamp], [a].[Email], [a].[EmailConfirmed], [a].[FullName], [a].[LockoutEnabled], [a].[LockoutEnd], [a].[NormalizedEmail], [a].[NormalizedUserName], [a].[PasswordHash], [a].[PhoneNumber], [a].[PhoneNumberConfirmed], [a].[SecurityStamp], [a].[TwoFactorEnabled], [a].[UserName]
FROM (
    SELECT [c].[Id], [c].[CategoryId], [c].[CreatedAt], [c].[Description], [c].[EnrollmentDeadline], [c].[ImageUrl], [c].[InstructorId], [c].[Price], [c].[Title]
    FROM [Courses] AS [c]
    ORDER BY [c].[CreatedAt] DESC
    OFFSET @p ROWS FETCH NEXT @p1 ROWS ONLY
) AS [c1]
INNER JOIN [Categories] AS [c0] ON [c1].[CategoryId] = [c0].[Id]
INNER JOIN [AspNetUsers] AS [a] ON [c1].[InstructorId] = [a].[Id]
ORDER BY [c1].[CreatedAt] DESC
2026-08-16 18:30:55.308 +03:00 [INF] Executed DbCommand (1ms) [Parameters=[], CommandType='"Text"', CommandTimeout='30']
SELECT [c].[Id], [c].[Name]
FROM [Categories] AS [c]
ORDER BY [c].[Name]
2026-08-16 18:30:55.323 +03:00 [INF] Executing ViewResult, running view Index.
2026-08-16 18:30:55.376 +03:00 [INF] Executed ViewResult - view Index executed in 53.6257ms.
2026-08-16 18:30:55.377 +03:00 [INF] Executed action CourseHub.Controllers.CoursesController.Index (CourseHub) in 243.7048ms
2026-08-16 18:30:55.378 +03:00 [INF] Executed endpoint 'CourseHub.Controllers.CoursesController.Index (CourseHub)'
2026-08-16 18:30:55.379 +03:00 [INF] Request finished HTTP/2 GET https://localhost:7242/Courses - 200 null text/html; charset=utf-8 274.6245ms
2026-08-16 18:30:55.411 +03:00 [INF] Request starting HTTP/2 GET https://localhost:7242/_vs/browserLink - null null
2026-08-16 18:30:55.411 +03:00 [INF] Request starting HTTP/2 GET https://localhost:7242/_framework/aspnetcore-browser-refresh.js - null null
2026-08-16 18:30:55.415 +03:00 [INF] Request finished HTTP/2 GET https://localhost:7242/_framework/aspnetcore-browser-refresh.js - 200 14923 application/javascript; charset=utf-8 4.541ms
2026-08-16 18:30:55.427 +03:00 [INF] Request finished HTTP/2 GET https://localhost:7242/_vs/browserLink - 200 null text/javascript; charset=UTF-8 16.0898ms
2026-08-16 18:34:50.120 +03:00 [INF] Starting CourseHub application...
2026-08-16 18:34:50.572 +03:00 [INF] User profile is available. Using 'C:\Users\ayman\AppData\Local\ASP.NET\DataProtection-Keys' as key repository and Windows DPAPI to encrypt keys at rest.
2026-08-16 18:34:51.039 +03:00 [WRN] No store type was specified for the decimal property 'Price' on entity type 'Course'. This will cause values to be silently truncated if they do not fit in the default precision and scale. Explicitly specify the SQL server column type that can accommodate all the values in 'OnModelCreating' using 'HasColumnType', specify precision and scale using 'HasPrecision', or configure a value converter using 'HasConversion'.
2026-08-16 18:34:51.598 +03:00 [INF] Executed DbCommand (42ms) [Parameters=[@normalizedName='?' (Size = 256)], CommandType='"Text"', CommandTimeout='30']
SELECT TOP(1) [a].[Id], [a].[ConcurrencyStamp], [a].[Name], [a].[NormalizedName]
FROM [AspNetRoles] AS [a]
WHERE [a].[NormalizedName] = @normalizedName
2026-08-16 18:34:51.664 +03:00 [INF] Executed DbCommand (1ms) [Parameters=[@normalizedName='?' (Size = 256)], CommandType='"Text"', CommandTimeout='30']
SELECT TOP(1) [a].[Id], [a].[ConcurrencyStamp], [a].[Name], [a].[NormalizedName]
FROM [AspNetRoles] AS [a]
WHERE [a].[NormalizedName] = @normalizedName
2026-08-16 18:34:51.666 +03:00 [INF] Executed DbCommand (0ms) [Parameters=[@normalizedName='?' (Size = 256)], CommandType='"Text"', CommandTimeout='30']
SELECT TOP(1) [a].[Id], [a].[ConcurrencyStamp], [a].[Name], [a].[NormalizedName]
FROM [AspNetRoles] AS [a]
WHERE [a].[NormalizedName] = @normalizedName
2026-08-16 18:34:51.678 +03:00 [INF] Executed DbCommand (3ms) [Parameters=[@normalizedEmail='?' (Size = 256)], CommandType='"Text"', CommandTimeout='30']
SELECT TOP(2) [a].[Id], [a].[AccessFailedCount], [a].[ConcurrencyStamp], [a].[Email], [a].[EmailConfirmed], [a].[FullName], [a].[LockoutEnabled], [a].[LockoutEnd], [a].[NormalizedEmail], [a].[NormalizedUserName], [a].[PasswordHash], [a].[PhoneNumber], [a].[PhoneNumberConfirmed], [a].[SecurityStamp], [a].[TwoFactorEnabled], [a].[UserName]
FROM [AspNetUsers] AS [a]
WHERE [a].[NormalizedEmail] = @normalizedEmail
2026-08-16 18:34:51.708 +03:00 [INF] CourseHub application started successfully.
2026-08-16 18:34:51.858 +03:00 [INF] Now listening on: https://localhost:7242
2026-08-16 18:34:51.859 +03:00 [INF] Now listening on: http://localhost:5164
2026-08-16 18:34:51.888 +03:00 [INF] Application started. Press Ctrl+C to shut down.
2026-08-16 18:34:51.889 +03:00 [INF] Hosting environment: Development
2026-08-16 18:34:51.889 +03:00 [INF] Content root path: D:\Real Projects\Mvc Projects\CourseHub\CourseHub
2026-08-16 18:34:52.203 +03:00 [INF] Request starting HTTP/2 GET https://localhost:7242/ - null null
2026-08-16 18:34:52.365 +03:00 [INF] Executing endpoint 'CourseHub.Controllers.HomeController.Index (CourseHub)'
2026-08-16 18:34:52.377 +03:00 [INF] Route matched with {action = "Index", controller = "Home"}. Executing controller action with signature System.Threading.Tasks.Task`1[Microsoft.AspNetCore.Mvc.IActionResult] Index() on controller CourseHub.Controllers.HomeController (CourseHub).
2026-08-16 18:34:52.459 +03:00 [INF] Executed DbCommand (3ms) [Parameters=[], CommandType='"Text"', CommandTimeout='30']
SELECT COUNT(*)
FROM [Courses] AS [c]
2026-08-16 18:34:52.466 +03:00 [INF] Executed DbCommand (1ms) [Parameters=[], CommandType='"Text"', CommandTimeout='30']
SELECT COUNT(*)
FROM [Categories] AS [c]
2026-08-16 18:34:52.501 +03:00 [INF] Executing ViewResult, running view Index.
2026-08-16 18:34:52.603 +03:00 [INF] Executed ViewResult - view Index executed in 102.2815ms.
2026-08-16 18:34:52.607 +03:00 [INF] Executed action CourseHub.Controllers.HomeController.Index (CourseHub) in 228.1003ms
2026-08-16 18:34:52.609 +03:00 [INF] Executed endpoint 'CourseHub.Controllers.HomeController.Index (CourseHub)'
2026-08-16 18:34:52.620 +03:00 [INF] Request finished HTTP/2 GET https://localhost:7242/ - 200 null text/html; charset=utf-8 426.7063ms
2026-08-16 18:34:52.630 +03:00 [INF] Request starting HTTP/2 GET https://localhost:7242/_framework/aspnetcore-browser-refresh.js - null null
2026-08-16 18:34:52.631 +03:00 [INF] Request starting HTTP/2 GET https://localhost:7242/_vs/browserLink - null null
2026-08-16 18:34:52.631 +03:00 [INF] Request starting HTTP/2 GET https://localhost:7242/css/site.css?v=b6IV5EtzygGHuRqFID1oxFHdfxFbAiZW-xrt1Fvp6Xw - null null
2026-08-16 18:34:52.637 +03:00 [INF] Request finished HTTP/2 GET https://localhost:7242/_framework/aspnetcore-browser-refresh.js - 200 14923 application/javascript; charset=utf-8 7.1856ms
2026-08-16 18:34:52.650 +03:00 [INF] Sending file. Request path: '/css/site.css'. Physical path: 'D:\Real Projects\Mvc Projects\CourseHub\CourseHub\wwwroot\css\site.css'
2026-08-16 18:34:52.652 +03:00 [INF] Request finished HTTP/2 GET https://localhost:7242/css/site.css?v=b6IV5EtzygGHuRqFID1oxFHdfxFbAiZW-xrt1Fvp6Xw - 200 17380 text/css 21.3551ms
2026-08-16 18:34:52.664 +03:00 [INF] Request finished HTTP/2 GET https://localhost:7242/_vs/browserLink - 200 null text/javascript; charset=UTF-8 33.3082ms
2026-08-16 18:34:54.878 +03:00 [INF] Request starting HTTP/2 GET https://localhost:7242/Admin/Dashboard - null null
2026-08-16 18:34:54.893 +03:00 [INF] Executing endpoint 'CourseHub.Controllers.AdminController.Dashboard (CourseHub)'
2026-08-16 18:34:54.899 +03:00 [INF] Route matched with {action = "Dashboard", controller = "Admin"}. Executing controller action with signature System.Threading.Tasks.Task`1[Microsoft.AspNetCore.Mvc.IActionResult] Dashboard() on controller CourseHub.Controllers.AdminController (CourseHub).
2026-08-16 18:34:54.922 +03:00 [INF] Executed DbCommand (2ms) [Parameters=[@normalizedRoleName='?' (Size = 256)], CommandType='"Text"', CommandTimeout='30']
SELECT TOP(2) [a].[Id], [a].[ConcurrencyStamp], [a].[Name], [a].[NormalizedName]
FROM [AspNetRoles] AS [a]
WHERE [a].[NormalizedName] = @normalizedRoleName
2026-08-16 18:34:54.962 +03:00 [INF] Executed DbCommand (3ms) [Parameters=[@role_Id='?' (Size = 450)], CommandType='"Text"', CommandTimeout='30']
SELECT [a0].[Id], [a0].[AccessFailedCount], [a0].[ConcurrencyStamp], [a0].[Email], [a0].[EmailConfirmed], [a0].[FullName], [a0].[LockoutEnabled], [a0].[LockoutEnd], [a0].[NormalizedEmail], [a0].[NormalizedUserName], [a0].[PasswordHash], [a0].[PhoneNumber], [a0].[PhoneNumberConfirmed], [a0].[SecurityStamp], [a0].[TwoFactorEnabled], [a0].[UserName]
FROM [AspNetUserRoles] AS [a]
INNER JOIN [AspNetUsers] AS [a0] ON [a].[UserId] = [a0].[Id]
WHERE [a].[RoleId] = @role_Id
2026-08-16 18:34:54.965 +03:00 [INF] Executed DbCommand (0ms) [Parameters=[@normalizedRoleName='?' (Size = 256)], CommandType='"Text"', CommandTimeout='30']
SELECT TOP(2) [a].[Id], [a].[ConcurrencyStamp], [a].[Name], [a].[NormalizedName]
FROM [AspNetRoles] AS [a]
WHERE [a].[NormalizedName] = @normalizedRoleName
2026-08-16 18:34:54.967 +03:00 [INF] Executed DbCommand (0ms) [Parameters=[@role_Id='?' (Size = 450)], CommandType='"Text"', CommandTimeout='30']
SELECT [a0].[Id], [a0].[AccessFailedCount], [a0].[ConcurrencyStamp], [a0].[Email], [a0].[EmailConfirmed], [a0].[FullName], [a0].[LockoutEnabled], [a0].[LockoutEnd], [a0].[NormalizedEmail], [a0].[NormalizedUserName], [a0].[PasswordHash], [a0].[PhoneNumber], [a0].[PhoneNumberConfirmed], [a0].[SecurityStamp], [a0].[TwoFactorEnabled], [a0].[UserName]
FROM [AspNetUserRoles] AS [a]
INNER JOIN [AspNetUsers] AS [a0] ON [a].[UserId] = [a0].[Id]
WHERE [a].[RoleId] = @role_Id
2026-08-16 18:34:54.973 +03:00 [INF] Executed DbCommand (1ms) [Parameters=[], CommandType='"Text"', CommandTimeout='30']
SELECT COUNT(*)
FROM [AspNetUsers] AS [a]
2026-08-16 18:34:54.975 +03:00 [INF] Executed DbCommand (0ms) [Parameters=[], CommandType='"Text"', CommandTimeout='30']
SELECT COUNT(*)
FROM [Courses] AS [c]
2026-08-16 18:34:54.981 +03:00 [INF] Executed DbCommand (2ms) [Parameters=[], CommandType='"Text"', CommandTimeout='30']
SELECT COUNT(*)
FROM [Enrollments] AS [e]
2026-08-16 18:34:54.983 +03:00 [INF] Executing ViewResult, running view Dashboard.
2026-08-16 18:34:54.995 +03:00 [INF] Executed ViewResult - view Dashboard executed in 12.2913ms.
2026-08-16 18:34:54.996 +03:00 [INF] Executed action CourseHub.Controllers.AdminController.Dashboard (CourseHub) in 95.7237ms
2026-08-16 18:34:54.997 +03:00 [INF] Executed endpoint 'CourseHub.Controllers.AdminController.Dashboard (CourseHub)'
2026-08-16 18:34:54.998 +03:00 [INF] Request finished HTTP/2 GET https://localhost:7242/Admin/Dashboard - 200 null text/html; charset=utf-8 119.8186ms
2026-08-16 18:34:55.033 +03:00 [INF] Request starting HTTP/2 GET https://localhost:7242/css/site.css?v=b6IV5EtzygGHuRqFID1oxFHdfxFbAiZW-xrt1Fvp6Xw - null null
2026-08-16 18:34:55.033 +03:00 [INF] Request starting HTTP/2 GET https://localhost:7242/_vs/browserLink - null null
2026-08-16 18:34:55.033 +03:00 [INF] Request starting HTTP/2 GET https://localhost:7242/_framework/aspnetcore-browser-refresh.js - null null
2026-08-16 18:34:55.037 +03:00 [INF] The file /css/site.css was not modified
2026-08-16 18:34:55.039 +03:00 [INF] Request finished HTTP/2 GET https://localhost:7242/_framework/aspnetcore-browser-refresh.js - 200 14923 application/javascript; charset=utf-8 5.73ms
2026-08-16 18:34:55.040 +03:00 [INF] Request finished HTTP/2 GET https://localhost:7242/css/site.css?v=b6IV5EtzygGHuRqFID1oxFHdfxFbAiZW-xrt1Fvp6Xw - 304 null text/css 6.2526ms
2026-08-16 18:34:55.048 +03:00 [INF] Request finished HTTP/2 GET https://localhost:7242/_vs/browserLink - 200 null text/javascript; charset=UTF-8 14.088ms
2026-08-16 18:34:57.845 +03:00 [INF] Request starting HTTP/2 GET https://localhost:7242/Admin/Courses - null null
2026-08-16 18:34:57.865 +03:00 [INF] Executing endpoint 'CourseHub.Controllers.AdminController.Courses (CourseHub)'
2026-08-16 18:34:57.871 +03:00 [INF] Route matched with {action = "Courses", controller = "Admin"}. Executing controller action with signature System.Threading.Tasks.Task`1[Microsoft.AspNetCore.Mvc.IActionResult] Courses() on controller CourseHub.Controllers.AdminController (CourseHub).
2026-08-16 18:34:57.917 +03:00 [INF] Executed DbCommand (5ms) [Parameters=[], CommandType='"Text"', CommandTimeout='30']
SELECT [c].[Id], [c].[CategoryId], [c].[CreatedAt], [c].[Description], [c].[EnrollmentDeadline], [c].[ImageUrl], [c].[InstructorId], [c].[Price], [c].[Title], [c0].[Id], [c0].[Name], [a].[Id], [a].[AccessFailedCount], [a].[ConcurrencyStamp], [a].[Email], [a].[EmailConfirmed], [a].[FullName], [a].[LockoutEnabled], [a].[LockoutEnd], [a].[NormalizedEmail], [a].[NormalizedUserName], [a].[PasswordHash], [a].[PhoneNumber], [a].[PhoneNumberConfirmed], [a].[SecurityStamp], [a].[TwoFactorEnabled], [a].[UserName]
FROM [Courses] AS [c]
INNER JOIN [Categories] AS [c0] ON [c].[CategoryId] = [c0].[Id]
INNER JOIN [AspNetUsers] AS [a] ON [c].[InstructorId] = [a].[Id]
ORDER BY [c].[CreatedAt] DESC
2026-08-16 18:34:57.928 +03:00 [INF] Executing ViewResult, running view Courses.
2026-08-16 18:34:57.948 +03:00 [INF] Executed ViewResult - view Courses executed in 20.3536ms.
2026-08-16 18:34:57.949 +03:00 [INF] Executed action CourseHub.Controllers.AdminController.Courses (CourseHub) in 75.8786ms
2026-08-16 18:34:57.950 +03:00 [INF] Executed endpoint 'CourseHub.Controllers.AdminController.Courses (CourseHub)'
2026-08-16 18:34:57.951 +03:00 [INF] Request finished HTTP/2 GET https://localhost:7242/Admin/Courses - 200 null text/html; charset=utf-8 106.0781ms
2026-08-16 18:34:57.982 +03:00 [INF] Request starting HTTP/2 GET https://localhost:7242/css/site.css?v=b6IV5EtzygGHuRqFID1oxFHdfxFbAiZW-xrt1Fvp6Xw - null null
2026-08-16 18:34:57.985 +03:00 [INF] Request starting HTTP/2 GET https://localhost:7242/_framework/aspnetcore-browser-refresh.js - null null
2026-08-16 18:34:57.985 +03:00 [INF] The file /css/site.css was not modified
2026-08-16 18:34:57.985 +03:00 [INF] Request starting HTTP/2 GET https://localhost:7242/_vs/browserLink - null null
2026-08-16 18:34:57.986 +03:00 [INF] Request finished HTTP/2 GET https://localhost:7242/_framework/aspnetcore-browser-refresh.js - 200 14923 application/javascript; charset=utf-8 1.9398ms
2026-08-16 18:34:57.987 +03:00 [INF] Request finished HTTP/2 GET https://localhost:7242/css/site.css?v=b6IV5EtzygGHuRqFID1oxFHdfxFbAiZW-xrt1Fvp6Xw - 304 null text/css 5.0132ms
2026-08-16 18:34:57.992 +03:00 [INF] Request finished HTTP/2 GET https://localhost:7242/_vs/browserLink - 200 null text/javascript; charset=UTF-8 7.3994ms
2026-08-16 18:35:01.777 +03:00 [INF] Request starting HTTP/2 GET https://localhost:7242/Admin/Dashboard - null null
2026-08-16 18:35:01.782 +03:00 [INF] Executing endpoint 'CourseHub.Controllers.AdminController.Dashboard (CourseHub)'
2026-08-16 18:35:01.782 +03:00 [INF] Route matched with {action = "Dashboard", controller = "Admin"}. Executing controller action with signature System.Threading.Tasks.Task`1[Microsoft.AspNetCore.Mvc.IActionResult] Dashboard() on controller CourseHub.Controllers.AdminController (CourseHub).
2026-08-16 18:35:01.785 +03:00 [INF] Executed DbCommand (0ms) [Parameters=[@normalizedRoleName='?' (Size = 256)], CommandType='"Text"', CommandTimeout='30']
SELECT TOP(2) [a].[Id], [a].[ConcurrencyStamp], [a].[Name], [a].[NormalizedName]
FROM [AspNetRoles] AS [a]
WHERE [a].[NormalizedName] = @normalizedRoleName
2026-08-16 18:35:01.787 +03:00 [INF] Executed DbCommand (0ms) [Parameters=[@role_Id='?' (Size = 450)], CommandType='"Text"', CommandTimeout='30']
SELECT [a0].[Id], [a0].[AccessFailedCount], [a0].[ConcurrencyStamp], [a0].[Email], [a0].[EmailConfirmed], [a0].[FullName], [a0].[LockoutEnabled], [a0].[LockoutEnd], [a0].[NormalizedEmail], [a0].[NormalizedUserName], [a0].[PasswordHash], [a0].[PhoneNumber], [a0].[PhoneNumberConfirmed], [a0].[SecurityStamp], [a0].[TwoFactorEnabled], [a0].[UserName]
FROM [AspNetUserRoles] AS [a]
INNER JOIN [AspNetUsers] AS [a0] ON [a].[UserId] = [a0].[Id]
WHERE [a].[RoleId] = @role_Id
2026-08-16 18:35:01.789 +03:00 [INF] Executed DbCommand (0ms) [Parameters=[@normalizedRoleName='?' (Size = 256)], CommandType='"Text"', CommandTimeout='30']
SELECT TOP(2) [a].[Id], [a].[ConcurrencyStamp], [a].[Name], [a].[NormalizedName]
FROM [AspNetRoles] AS [a]
WHERE [a].[NormalizedName] = @normalizedRoleName
2026-08-16 18:35:01.791 +03:00 [INF] Executed DbCommand (0ms) [Parameters=[@role_Id='?' (Size = 450)], CommandType='"Text"', CommandTimeout='30']
SELECT [a0].[Id], [a0].[AccessFailedCount], [a0].[ConcurrencyStamp], [a0].[Email], [a0].[EmailConfirmed], [a0].[FullName], [a0].[LockoutEnabled], [a0].[LockoutEnd], [a0].[NormalizedEmail], [a0].[NormalizedUserName], [a0].[PasswordHash], [a0].[PhoneNumber], [a0].[PhoneNumberConfirmed], [a0].[SecurityStamp], [a0].[TwoFactorEnabled], [a0].[UserName]
FROM [AspNetUserRoles] AS [a]
INNER JOIN [AspNetUsers] AS [a0] ON [a].[UserId] = [a0].[Id]
WHERE [a].[RoleId] = @role_Id
2026-08-16 18:35:01.792 +03:00 [INF] Executed DbCommand (0ms) [Parameters=[], CommandType='"Text"', CommandTimeout='30']
SELECT COUNT(*)
FROM [AspNetUsers] AS [a]
2026-08-16 18:35:01.794 +03:00 [INF] Executed DbCommand (0ms) [Parameters=[], CommandType='"Text"', CommandTimeout='30']
SELECT COUNT(*)
FROM [Courses] AS [c]
2026-08-16 18:35:01.795 +03:00 [INF] Executed DbCommand (0ms) [Parameters=[], CommandType='"Text"', CommandTimeout='30']
SELECT COUNT(*)
FROM [Enrollments] AS [e]
2026-08-16 18:35:01.796 +03:00 [INF] Executing ViewResult, running view Dashboard.
2026-08-16 18:35:01.798 +03:00 [INF] Executed ViewResult - view Dashboard executed in 1.8464ms.
2026-08-16 18:35:01.799 +03:00 [INF] Executed action CourseHub.Controllers.AdminController.Dashboard (CourseHub) in 15.2715ms
2026-08-16 18:35:01.800 +03:00 [INF] Executed endpoint 'CourseHub.Controllers.AdminController.Dashboard (CourseHub)'
2026-08-16 18:35:01.800 +03:00 [INF] Request finished HTTP/2 GET https://localhost:7242/Admin/Dashboard - 200 null text/html; charset=utf-8 23.6728ms
2026-08-16 18:35:01.835 +03:00 [INF] Request starting HTTP/2 GET https://localhost:7242/_framework/aspnetcore-browser-refresh.js - null null
2026-08-16 18:35:01.837 +03:00 [INF] Request finished HTTP/2 GET https://localhost:7242/_framework/aspnetcore-browser-refresh.js - 200 14923 application/javascript; charset=utf-8 1.7803ms
2026-08-16 18:35:03.793 +03:00 [INF] Request starting HTTP/2 GET https://localhost:7242/ - null null
2026-08-16 18:35:03.796 +03:00 [INF] Executing endpoint 'CourseHub.Controllers.HomeController.Index (CourseHub)'
2026-08-16 18:35:03.796 +03:00 [INF] Route matched with {action = "Index", controller = "Home"}. Executing controller action with signature System.Threading.Tasks.Task`1[Microsoft.AspNetCore.Mvc.IActionResult] Index() on controller CourseHub.Controllers.HomeController (CourseHub).
2026-08-16 18:35:03.799 +03:00 [INF] Executed DbCommand (0ms) [Parameters=[], CommandType='"Text"', CommandTimeout='30']
SELECT COUNT(*)
FROM [Courses] AS [c]
2026-08-16 18:35:03.800 +03:00 [INF] Executed DbCommand (0ms) [Parameters=[], CommandType='"Text"', CommandTimeout='30']
SELECT COUNT(*)
FROM [Categories] AS [c]
2026-08-16 18:35:03.801 +03:00 [INF] Executing ViewResult, running view Index.
2026-08-16 18:35:03.803 +03:00 [INF] Executed ViewResult - view Index executed in 1.4498ms.
2026-08-16 18:35:03.804 +03:00 [INF] Executed action CourseHub.Controllers.HomeController.Index (CourseHub) in 6.5599ms
2026-08-16 18:35:03.805 +03:00 [INF] Executed endpoint 'CourseHub.Controllers.HomeController.Index (CourseHub)'
2026-08-16 18:35:03.805 +03:00 [INF] Request finished HTTP/2 GET https://localhost:7242/ - 200 null text/html; charset=utf-8 12.909ms
2026-08-16 18:35:03.840 +03:00 [INF] Request starting HTTP/2 GET https://localhost:7242/css/site.css?v=b6IV5EtzygGHuRqFID1oxFHdfxFbAiZW-xrt1Fvp6Xw - null null
2026-08-16 18:35:03.841 +03:00 [INF] Request starting HTTP/2 GET https://localhost:7242/_vs/browserLink - null null
2026-08-16 18:35:03.841 +03:00 [INF] Request starting HTTP/2 GET https://localhost:7242/_framework/aspnetcore-browser-refresh.js - null null
2026-08-16 18:35:03.842 +03:00 [INF] The file /css/site.css was not modified
2026-08-16 18:35:03.845 +03:00 [INF] Request finished HTTP/2 GET https://localhost:7242/_framework/aspnetcore-browser-refresh.js - 200 14923 application/javascript; charset=utf-8 4.1602ms
2026-08-16 18:35:03.845 +03:00 [INF] Request finished HTTP/2 GET https://localhost:7242/css/site.css?v=b6IV5EtzygGHuRqFID1oxFHdfxFbAiZW-xrt1Fvp6Xw - 304 null text/css 5.4209ms
2026-08-16 18:35:03.847 +03:00 [INF] Request finished HTTP/2 GET https://localhost:7242/_vs/browserLink - 200 null text/javascript; charset=UTF-8 6.4603ms
2026-08-16 18:35:04.740 +03:00 [INF] Request starting HTTP/2 GET https://localhost:7242/Courses - null null
2026-08-16 18:35:04.743 +03:00 [INF] Executing endpoint 'CourseHub.Controllers.CoursesController.Index (CourseHub)'
2026-08-16 18:35:04.755 +03:00 [INF] Route matched with {action = "Index", controller = "Courses"}. Executing controller action with signature System.Threading.Tasks.Task`1[Microsoft.AspNetCore.Mvc.IActionResult] Index(System.String, System.Nullable`1[System.Int32], Int32) on controller CourseHub.Controllers.CoursesController (CourseHub).
2026-08-16 18:35:04.838 +03:00 [WRN] You do not have a valid license key for the Lucky Penny software AutoMapper. This is allowed for development and testing scenarios. If you are running in production you are required to have a licensed version. Please visit https://luckypennysoftware.com to obtain a valid license.
2026-08-16 18:35:04.848 +03:00 [INF] Executed DbCommand (1ms) [Parameters=[], CommandType='"Text"', CommandTimeout='30']
SELECT COUNT(*)
FROM [Courses] AS [c]
2026-08-16 18:35:04.886 +03:00 [INF] Executed DbCommand (4ms) [Parameters=[@p='?' (DbType = Int32), @p1='?' (DbType = Int32)], CommandType='"Text"', CommandTimeout='30']
SELECT [c1].[Id], [c1].[CategoryId], [c1].[CreatedAt], [c1].[Description], [c1].[EnrollmentDeadline], [c1].[ImageUrl], [c1].[InstructorId], [c1].[Price], [c1].[Title], [c0].[Id], [c0].[Name], [a].[Id], [a].[AccessFailedCount], [a].[ConcurrencyStamp], [a].[Email], [a].[EmailConfirmed], [a].[FullName], [a].[LockoutEnabled], [a].[LockoutEnd], [a].[NormalizedEmail], [a].[NormalizedUserName], [a].[PasswordHash], [a].[PhoneNumber], [a].[PhoneNumberConfirmed], [a].[SecurityStamp], [a].[TwoFactorEnabled], [a].[UserName]
FROM (
    SELECT [c].[Id], [c].[CategoryId], [c].[CreatedAt], [c].[Description], [c].[EnrollmentDeadline], [c].[ImageUrl], [c].[InstructorId], [c].[Price], [c].[Title]
    FROM [Courses] AS [c]
    ORDER BY [c].[CreatedAt] DESC
    OFFSET @p ROWS FETCH NEXT @p1 ROWS ONLY
) AS [c1]
INNER JOIN [Categories] AS [c0] ON [c1].[CategoryId] = [c0].[Id]
INNER JOIN [AspNetUsers] AS [a] ON [c1].[InstructorId] = [a].[Id]
ORDER BY [c1].[CreatedAt] DESC
2026-08-16 18:35:04.895 +03:00 [INF] Executed DbCommand (1ms) [Parameters=[], CommandType='"Text"', CommandTimeout='30']
SELECT [c].[Id], [c].[Name]
FROM [Categories] AS [c]
ORDER BY [c].[Name]
2026-08-16 18:35:04.906 +03:00 [INF] Executing ViewResult, running view Index.
2026-08-16 18:35:04.948 +03:00 [INF] Executed ViewResult - view Index executed in 41.9079ms.
2026-08-16 18:35:04.948 +03:00 [INF] Executed action CourseHub.Controllers.CoursesController.Index (CourseHub) in 192.5695ms
2026-08-16 18:35:04.949 +03:00 [INF] Executed endpoint 'CourseHub.Controllers.CoursesController.Index (CourseHub)'
2026-08-16 18:35:04.950 +03:00 [INF] Request finished HTTP/2 GET https://localhost:7242/Courses - 200 null text/html; charset=utf-8 210.1448ms
2026-08-16 18:35:04.983 +03:00 [INF] Request starting HTTP/2 GET https://localhost:7242/css/site.css?v=b6IV5EtzygGHuRqFID1oxFHdfxFbAiZW-xrt1Fvp6Xw - null null
2026-08-16 18:35:04.984 +03:00 [INF] Request starting HTTP/2 GET https://localhost:7242/_vs/browserLink - null null
2026-08-16 18:35:04.984 +03:00 [INF] Request starting HTTP/2 GET https://localhost:7242/_framework/aspnetcore-browser-refresh.js - null null
2026-08-16 18:35:04.986 +03:00 [INF] The file /css/site.css was not modified
2026-08-16 18:35:04.989 +03:00 [INF] Request finished HTTP/2 GET https://localhost:7242/_framework/aspnetcore-browser-refresh.js - 200 14923 application/javascript; charset=utf-8 5.6826ms
2026-08-16 18:35:04.990 +03:00 [INF] Request finished HTTP/2 GET https://localhost:7242/css/site.css?v=b6IV5EtzygGHuRqFID1oxFHdfxFbAiZW-xrt1Fvp6Xw - 304 null text/css 6.508ms
2026-08-16 18:35:04.991 +03:00 [INF] Request finished HTTP/2 GET https://localhost:7242/_vs/browserLink - 200 null text/javascript; charset=UTF-8 7.2515ms
2026-08-16 18:35:08.363 +03:00 [INF] Request starting HTTP/2 GET https://localhost:7242/Courses?page=2 - null null
2026-08-16 18:35:08.367 +03:00 [INF] Executing endpoint 'CourseHub.Controllers.CoursesController.Index (CourseHub)'
2026-08-16 18:35:08.368 +03:00 [INF] Route matched with {action = "Index", controller = "Courses"}. Executing controller action with signature System.Threading.Tasks.Task`1[Microsoft.AspNetCore.Mvc.IActionResult] Index(System.String, System.Nullable`1[System.Int32], Int32) on controller CourseHub.Controllers.CoursesController (CourseHub).
2026-08-16 18:35:08.374 +03:00 [INF] Executed DbCommand (0ms) [Parameters=[], CommandType='"Text"', CommandTimeout='30']
SELECT COUNT(*)
FROM [Courses] AS [c]
2026-08-16 18:35:08.391 +03:00 [INF] Executed DbCommand (6ms) [Parameters=[@p='?' (DbType = Int32)], CommandType='"Text"', CommandTimeout='30']
SELECT [c1].[Id], [c1].[CategoryId], [c1].[CreatedAt], [c1].[Description], [c1].[EnrollmentDeadline], [c1].[ImageUrl], [c1].[InstructorId], [c1].[Price], [c1].[Title], [c0].[Id], [c0].[Name], [a].[Id], [a].[AccessFailedCount], [a].[ConcurrencyStamp], [a].[Email], [a].[EmailConfirmed], [a].[FullName], [a].[LockoutEnabled], [a].[LockoutEnd], [a].[NormalizedEmail], [a].[NormalizedUserName], [a].[PasswordHash], [a].[PhoneNumber], [a].[PhoneNumberConfirmed], [a].[SecurityStamp], [a].[TwoFactorEnabled], [a].[UserName]
FROM (
    SELECT [c].[Id], [c].[CategoryId], [c].[CreatedAt], [c].[Description], [c].[EnrollmentDeadline], [c].[ImageUrl], [c].[InstructorId], [c].[Price], [c].[Title]
    FROM [Courses] AS [c]
    ORDER BY [c].[CreatedAt] DESC
    OFFSET @p ROWS FETCH NEXT @p ROWS ONLY
) AS [c1]
INNER JOIN [Categories] AS [c0] ON [c1].[CategoryId] = [c0].[Id]
INNER JOIN [AspNetUsers] AS [a] ON [c1].[InstructorId] = [a].[Id]
ORDER BY [c1].[CreatedAt] DESC
2026-08-16 18:35:08.394 +03:00 [INF] Executed DbCommand (0ms) [Parameters=[], CommandType='"Text"', CommandTimeout='30']
SELECT [c].[Id], [c].[Name]
FROM [Categories] AS [c]
ORDER BY [c].[Name]
2026-08-16 18:35:08.395 +03:00 [INF] Executing ViewResult, running view Index.
2026-08-16 18:35:08.398 +03:00 [INF] Executed ViewResult - view Index executed in 2.9088ms.
2026-08-16 18:35:08.398 +03:00 [INF] Executed action CourseHub.Controllers.CoursesController.Index (CourseHub) in 30.0746ms
2026-08-16 18:35:08.399 +03:00 [INF] Executed endpoint 'CourseHub.Controllers.CoursesController.Index (CourseHub)'
2026-08-16 18:35:08.400 +03:00 [INF] Request finished HTTP/2 GET https://localhost:7242/Courses?page=2 - 200 null text/html; charset=utf-8 36.5182ms
2026-08-16 18:35:08.434 +03:00 [INF] Request starting HTTP/2 GET https://localhost:7242/css/site.css?v=b6IV5EtzygGHuRqFID1oxFHdfxFbAiZW-xrt1Fvp6Xw - null null
2026-08-16 18:35:08.434 +03:00 [INF] Request starting HTTP/2 GET https://localhost:7242/_vs/browserLink - null null
2026-08-16 18:35:08.434 +03:00 [INF] Request starting HTTP/2 GET https://localhost:7242/_framework/aspnetcore-browser-refresh.js - null null
2026-08-16 18:35:08.436 +03:00 [INF] The file /css/site.css was not modified
2026-08-16 18:35:08.439 +03:00 [INF] Request finished HTTP/2 GET https://localhost:7242/_framework/aspnetcore-browser-refresh.js - 200 14923 application/javascript; charset=utf-8 4.5507ms
2026-08-16 18:35:08.439 +03:00 [INF] Request finished HTTP/2 GET https://localhost:7242/css/site.css?v=b6IV5EtzygGHuRqFID1oxFHdfxFbAiZW-xrt1Fvp6Xw - 304 null text/css 5.7568ms
2026-08-16 18:35:08.441 +03:00 [INF] Request finished HTTP/2 GET https://localhost:7242/_vs/browserLink - 200 null text/javascript; charset=UTF-8 6.2225ms
2026-08-16 18:35:25.465 +03:00 [INF] Request starting HTTP/2 GET https://localhost:7242/Admin/Dashboard - null null
2026-08-16 18:35:25.468 +03:00 [INF] Executing endpoint 'CourseHub.Controllers.AdminController.Dashboard (CourseHub)'
2026-08-16 18:35:25.469 +03:00 [INF] Route matched with {action = "Dashboard", controller = "Admin"}. Executing controller action with signature System.Threading.Tasks.Task`1[Microsoft.AspNetCore.Mvc.IActionResult] Dashboard() on controller CourseHub.Controllers.AdminController (CourseHub).
2026-08-16 18:35:25.471 +03:00 [INF] Executed DbCommand (0ms) [Parameters=[@normalizedRoleName='?' (Size = 256)], CommandType='"Text"', CommandTimeout='30']
SELECT TOP(2) [a].[Id], [a].[ConcurrencyStamp], [a].[Name], [a].[NormalizedName]
FROM [AspNetRoles] AS [a]
WHERE [a].[NormalizedName] = @normalizedRoleName
2026-08-16 18:35:25.473 +03:00 [INF] Executed DbCommand (0ms) [Parameters=[@role_Id='?' (Size = 450)], CommandType='"Text"', CommandTimeout='30']
SELECT [a0].[Id], [a0].[AccessFailedCount], [a0].[ConcurrencyStamp], [a0].[Email], [a0].[EmailConfirmed], [a0].[FullName], [a0].[LockoutEnabled], [a0].[LockoutEnd], [a0].[NormalizedEmail], [a0].[NormalizedUserName], [a0].[PasswordHash], [a0].[PhoneNumber], [a0].[PhoneNumberConfirmed], [a0].[SecurityStamp], [a0].[TwoFactorEnabled], [a0].[UserName]
FROM [AspNetUserRoles] AS [a]
INNER JOIN [AspNetUsers] AS [a0] ON [a].[UserId] = [a0].[Id]
WHERE [a].[RoleId] = @role_Id
2026-08-16 18:35:25.475 +03:00 [INF] Executed DbCommand (0ms) [Parameters=[@normalizedRoleName='?' (Size = 256)], CommandType='"Text"', CommandTimeout='30']
SELECT TOP(2) [a].[Id], [a].[ConcurrencyStamp], [a].[Name], [a].[NormalizedName]
FROM [AspNetRoles] AS [a]
WHERE [a].[NormalizedName] = @normalizedRoleName
2026-08-16 18:35:25.477 +03:00 [INF] Executed DbCommand (1ms) [Parameters=[@role_Id='?' (Size = 450)], CommandType='"Text"', CommandTimeout='30']
SELECT [a0].[Id], [a0].[AccessFailedCount], [a0].[ConcurrencyStamp], [a0].[Email], [a0].[EmailConfirmed], [a0].[FullName], [a0].[LockoutEnabled], [a0].[LockoutEnd], [a0].[NormalizedEmail], [a0].[NormalizedUserName], [a0].[PasswordHash], [a0].[PhoneNumber], [a0].[PhoneNumberConfirmed], [a0].[SecurityStamp], [a0].[TwoFactorEnabled], [a0].[UserName]
FROM [AspNetUserRoles] AS [a]
INNER JOIN [AspNetUsers] AS [a0] ON [a].[UserId] = [a0].[Id]
WHERE [a].[RoleId] = @role_Id
2026-08-16 18:35:25.479 +03:00 [INF] Executed DbCommand (0ms) [Parameters=[], CommandType='"Text"', CommandTimeout='30']
SELECT COUNT(*)
FROM [AspNetUsers] AS [a]
2026-08-16 18:35:25.480 +03:00 [INF] Executed DbCommand (0ms) [Parameters=[], CommandType='"Text"', CommandTimeout='30']
SELECT COUNT(*)
FROM [Courses] AS [c]
2026-08-16 18:35:25.482 +03:00 [INF] Executed DbCommand (0ms) [Parameters=[], CommandType='"Text"', CommandTimeout='30']
SELECT COUNT(*)
FROM [Enrollments] AS [e]
2026-08-16 18:35:25.483 +03:00 [INF] Executing ViewResult, running view Dashboard.
2026-08-16 18:35:25.485 +03:00 [INF] Executed ViewResult - view Dashboard executed in 1.9177ms.
2026-08-16 18:35:25.486 +03:00 [INF] Executed action CourseHub.Controllers.AdminController.Dashboard (CourseHub) in 16.0145ms
2026-08-16 18:35:25.487 +03:00 [INF] Executed endpoint 'CourseHub.Controllers.AdminController.Dashboard (CourseHub)'
2026-08-16 18:35:25.487 +03:00 [INF] Request finished HTTP/2 GET https://localhost:7242/Admin/Dashboard - 200 null text/html; charset=utf-8 22.2501ms
2026-08-16 18:35:25.518 +03:00 [INF] Request starting HTTP/2 GET https://localhost:7242/css/site.css?v=b6IV5EtzygGHuRqFID1oxFHdfxFbAiZW-xrt1Fvp6Xw - null null
2026-08-16 18:35:25.518 +03:00 [INF] Request starting HTTP/2 GET https://localhost:7242/_vs/browserLink - null null
2026-08-16 18:35:25.518 +03:00 [INF] Request starting HTTP/2 GET https://localhost:7242/_framework/aspnetcore-browser-refresh.js - null null
2026-08-16 18:35:25.519 +03:00 [INF] The file /css/site.css was not modified
2026-08-16 18:35:25.523 +03:00 [INF] Request finished HTTP/2 GET https://localhost:7242/_framework/aspnetcore-browser-refresh.js - 200 14923 application/javascript; charset=utf-8 5.0092ms
2026-08-16 18:35:25.523 +03:00 [INF] Request finished HTTP/2 GET https://localhost:7242/css/site.css?v=b6IV5EtzygGHuRqFID1oxFHdfxFbAiZW-xrt1Fvp6Xw - 304 null text/css 5.5868ms
2026-08-16 18:35:25.524 +03:00 [INF] Request finished HTTP/2 GET https://localhost:7242/_vs/browserLink - 200 null text/javascript; charset=UTF-8 6.7169ms
2026-08-16 18:35:47.385 +03:00 [INF] Request starting HTTP/2 GET https://localhost:7242/ - null null
2026-08-16 18:35:47.388 +03:00 [INF] Executing endpoint 'CourseHub.Controllers.HomeController.Index (CourseHub)'
2026-08-16 18:35:47.389 +03:00 [INF] Route matched with {action = "Index", controller = "Home"}. Executing controller action with signature System.Threading.Tasks.Task`1[Microsoft.AspNetCore.Mvc.IActionResult] Index() on controller CourseHub.Controllers.HomeController (CourseHub).
2026-08-16 18:35:47.393 +03:00 [INF] Executed DbCommand (2ms) [Parameters=[], CommandType='"Text"', CommandTimeout='30']
SELECT COUNT(*)
FROM [Courses] AS [c]
2026-08-16 18:35:47.395 +03:00 [INF] Executed DbCommand (1ms) [Parameters=[], CommandType='"Text"', CommandTimeout='30']
SELECT COUNT(*)
FROM [Categories] AS [c]
2026-08-16 18:35:47.397 +03:00 [INF] Executing ViewResult, running view Index.
2026-08-16 18:35:47.398 +03:00 [INF] Executed ViewResult - view Index executed in 1.3889ms.
2026-08-16 18:35:47.399 +03:00 [INF] Executed action CourseHub.Controllers.HomeController.Index (CourseHub) in 9.0645ms
2026-08-16 18:35:47.400 +03:00 [INF] Executed endpoint 'CourseHub.Controllers.HomeController.Index (CourseHub)'
2026-08-16 18:35:47.401 +03:00 [INF] Request finished HTTP/2 GET https://localhost:7242/ - 200 null text/html; charset=utf-8 15.481ms
2026-08-16 18:35:47.432 +03:00 [INF] Request starting HTTP/2 GET https://localhost:7242/css/site.css?v=b6IV5EtzygGHuRqFID1oxFHdfxFbAiZW-xrt1Fvp6Xw - null null
2026-08-16 18:35:47.432 +03:00 [INF] Request starting HTTP/2 GET https://localhost:7242/_framework/aspnetcore-browser-refresh.js - null null
2026-08-16 18:35:47.432 +03:00 [INF] Request starting HTTP/2 GET https://localhost:7242/_vs/browserLink - null null
2026-08-16 18:35:47.433 +03:00 [INF] The file /css/site.css was not modified
2026-08-16 18:35:47.435 +03:00 [INF] Request finished HTTP/2 GET https://localhost:7242/_framework/aspnetcore-browser-refresh.js - 200 14923 application/javascript; charset=utf-8 2.8786ms
2026-08-16 18:35:47.437 +03:00 [INF] Request finished HTTP/2 GET https://localhost:7242/css/site.css?v=b6IV5EtzygGHuRqFID1oxFHdfxFbAiZW-xrt1Fvp6Xw - 304 null text/css 5.0431ms
2026-08-16 18:35:47.440 +03:00 [INF] Request finished HTTP/2 GET https://localhost:7242/_vs/browserLink - 200 null text/javascript; charset=UTF-8 8.6039ms
2026-08-16 18:39:12.425 +03:00 [INF] Starting CourseHub application...
2026-08-16 18:39:12.860 +03:00 [INF] User profile is available. Using 'C:\Users\ayman\AppData\Local\ASP.NET\DataProtection-Keys' as key repository and Windows DPAPI to encrypt keys at rest.
2026-08-16 18:39:13.382 +03:00 [WRN] No store type was specified for the decimal property 'Price' on entity type 'Course'. This will cause values to be silently truncated if they do not fit in the default precision and scale. Explicitly specify the SQL server column type that can accommodate all the values in 'OnModelCreating' using 'HasColumnType', specify precision and scale using 'HasPrecision', or configure a value converter using 'HasConversion'.
2026-08-16 18:39:13.980 +03:00 [INF] Executed DbCommand (43ms) [Parameters=[@normalizedName='?' (Size = 256)], CommandType='"Text"', CommandTimeout='30']
SELECT TOP(1) [a].[Id], [a].[ConcurrencyStamp], [a].[Name], [a].[NormalizedName]
FROM [AspNetRoles] AS [a]
WHERE [a].[NormalizedName] = @normalizedName
2026-08-16 18:39:14.053 +03:00 [INF] Executed DbCommand (2ms) [Parameters=[@normalizedName='?' (Size = 256)], CommandType='"Text"', CommandTimeout='30']
SELECT TOP(1) [a].[Id], [a].[ConcurrencyStamp], [a].[Name], [a].[NormalizedName]
FROM [AspNetRoles] AS [a]
WHERE [a].[NormalizedName] = @normalizedName
2026-08-16 18:39:14.056 +03:00 [INF] Executed DbCommand (0ms) [Parameters=[@normalizedName='?' (Size = 256)], CommandType='"Text"', CommandTimeout='30']
SELECT TOP(1) [a].[Id], [a].[ConcurrencyStamp], [a].[Name], [a].[NormalizedName]
FROM [AspNetRoles] AS [a]
WHERE [a].[NormalizedName] = @normalizedName
2026-08-16 18:39:14.068 +03:00 [INF] Executed DbCommand (3ms) [Parameters=[@normalizedEmail='?' (Size = 256)], CommandType='"Text"', CommandTimeout='30']
SELECT TOP(2) [a].[Id], [a].[AccessFailedCount], [a].[ConcurrencyStamp], [a].[Email], [a].[EmailConfirmed], [a].[FullName], [a].[LockoutEnabled], [a].[LockoutEnd], [a].[NormalizedEmail], [a].[NormalizedUserName], [a].[PasswordHash], [a].[PhoneNumber], [a].[PhoneNumberConfirmed], [a].[SecurityStamp], [a].[TwoFactorEnabled], [a].[UserName]
FROM [AspNetUsers] AS [a]
WHERE [a].[NormalizedEmail] = @normalizedEmail
2026-08-16 18:39:14.100 +03:00 [INF] CourseHub application started successfully.
2026-08-16 18:39:14.298 +03:00 [INF] Now listening on: https://localhost:7242
2026-08-16 18:39:14.299 +03:00 [INF] Now listening on: http://localhost:5164
2026-08-16 18:39:14.332 +03:00 [INF] Application started. Press Ctrl+C to shut down.
2026-08-16 18:39:14.333 +03:00 [INF] Hosting environment: Development
2026-08-16 18:39:14.334 +03:00 [INF] Content root path: D:\Real Projects\Mvc Projects\CourseHub\CourseHub
2026-08-16 18:39:14.780 +03:00 [INF] Request starting HTTP/2 GET https://localhost:7242/ - null null
2026-08-16 18:39:14.965 +03:00 [INF] Executing endpoint 'CourseHub.Controllers.HomeController.Index (CourseHub)'
2026-08-16 18:39:14.992 +03:00 [INF] Route matched with {action = "Index", controller = "Home"}. Executing controller action with signature System.Threading.Tasks.Task`1[Microsoft.AspNetCore.Mvc.IActionResult] Index() on controller CourseHub.Controllers.HomeController (CourseHub).
2026-08-16 18:39:15.103 +03:00 [INF] Executed DbCommand (3ms) [Parameters=[], CommandType='"Text"', CommandTimeout='30']
SELECT COUNT(*)
FROM [Courses] AS [c]
2026-08-16 18:39:15.111 +03:00 [INF] Executed DbCommand (1ms) [Parameters=[], CommandType='"Text"', CommandTimeout='30']
SELECT COUNT(*)
FROM [Categories] AS [c]
2026-08-16 18:39:15.157 +03:00 [INF] Executing ViewResult, running view Index.
2026-08-16 18:39:15.258 +03:00 [INF] Executed ViewResult - view Index executed in 102.7507ms.
2026-08-16 18:39:15.263 +03:00 [INF] Executed action CourseHub.Controllers.HomeController.Index (CourseHub) in 267.4638ms
2026-08-16 18:39:15.264 +03:00 [INF] Executed endpoint 'CourseHub.Controllers.HomeController.Index (CourseHub)'
2026-08-16 18:39:15.275 +03:00 [INF] Request finished HTTP/2 GET https://localhost:7242/ - 200 null text/html; charset=utf-8 502.5631ms
2026-08-16 18:39:15.280 +03:00 [INF] Request starting HTTP/2 GET https://localhost:7242/css/site.css?v=b6IV5EtzygGHuRqFID1oxFHdfxFbAiZW-xrt1Fvp6Xw - null null
2026-08-16 18:39:15.286 +03:00 [INF] Request starting HTTP/2 GET https://localhost:7242/_framework/aspnetcore-browser-refresh.js - null null
2026-08-16 18:39:15.287 +03:00 [INF] The file /css/site.css was not modified
2026-08-16 18:39:15.290 +03:00 [INF] Request finished HTTP/2 GET https://localhost:7242/css/site.css?v=b6IV5EtzygGHuRqFID1oxFHdfxFbAiZW-xrt1Fvp6Xw - 304 null text/css 9.7686ms
2026-08-16 18:39:15.293 +03:00 [INF] Request finished HTTP/2 GET https://localhost:7242/_framework/aspnetcore-browser-refresh.js - 200 14923 application/javascript; charset=utf-8 6.7507ms
2026-08-16 18:39:15.296 +03:00 [INF] Request starting HTTP/2 GET https://localhost:7242/_vs/browserLink - null null
2026-08-16 18:39:15.338 +03:00 [INF] Request finished HTTP/2 GET https://localhost:7242/_vs/browserLink - 200 null text/javascript; charset=UTF-8 42.1443ms
2026-08-16 18:39:39.934 +03:00 [INF] Request starting HTTP/2 POST https://localhost:7242/Account/Logout - application/x-www-form-urlencoded 225
2026-08-16 18:39:39.949 +03:00 [INF] Executing endpoint 'CourseHub.Controllers.AccountController.Logout (CourseHub)'
2026-08-16 18:39:39.956 +03:00 [INF] Route matched with {action = "Logout", controller = "Account"}. Executing controller action with signature System.Threading.Tasks.Task`1[Microsoft.AspNetCore.Mvc.IActionResult] Logout() on controller CourseHub.Controllers.AccountController (CourseHub).
2026-08-16 18:39:39.967 +03:00 [INF] AuthenticationScheme: Identity.Application signed out.
2026-08-16 18:39:39.970 +03:00 [INF] AuthenticationScheme: Identity.External signed out.
2026-08-16 18:39:39.971 +03:00 [INF] AuthenticationScheme: Identity.TwoFactorUserId signed out.
2026-08-16 18:39:39.973 +03:00 [INF] Executing RedirectResult, redirecting to /.
2026-08-16 18:39:39.975 +03:00 [INF] Executed action CourseHub.Controllers.AccountController.Logout (CourseHub) in 17.3429ms
2026-08-16 18:39:39.976 +03:00 [INF] Executed endpoint 'CourseHub.Controllers.AccountController.Logout (CourseHub)'
2026-08-16 18:39:39.977 +03:00 [INF] Request finished HTTP/2 POST https://localhost:7242/Account/Logout - 302 null null 43.2171ms
2026-08-16 18:39:39.980 +03:00 [INF] Request starting HTTP/2 GET https://localhost:7242/ - null null
2026-08-16 18:39:39.984 +03:00 [INF] Executing endpoint 'CourseHub.Controllers.HomeController.Index (CourseHub)'
2026-08-16 18:39:39.985 +03:00 [INF] Route matched with {action = "Index", controller = "Home"}. Executing controller action with signature System.Threading.Tasks.Task`1[Microsoft.AspNetCore.Mvc.IActionResult] Index() on controller CourseHub.Controllers.HomeController (CourseHub).
2026-08-16 18:39:39.999 +03:00 [INF] Executed DbCommand (0ms) [Parameters=[], CommandType='"Text"', CommandTimeout='30']
SELECT COUNT(*)
FROM [Courses] AS [c]
2026-08-16 18:39:40.001 +03:00 [INF] Executed DbCommand (0ms) [Parameters=[], CommandType='"Text"', CommandTimeout='30']
SELECT COUNT(*)
FROM [Categories] AS [c]
2026-08-16 18:39:40.003 +03:00 [INF] Executing ViewResult, running view Index.
2026-08-16 18:39:40.009 +03:00 [INF] Executed ViewResult - view Index executed in 6.5437ms.
2026-08-16 18:39:40.010 +03:00 [INF] Executed action CourseHub.Controllers.HomeController.Index (CourseHub) in 24.1192ms
2026-08-16 18:39:40.011 +03:00 [INF] Executed endpoint 'CourseHub.Controllers.HomeController.Index (CourseHub)'
2026-08-16 18:39:40.012 +03:00 [INF] Request finished HTTP/2 GET https://localhost:7242/ - 200 null text/html; charset=utf-8 31.9673ms
2026-08-16 18:39:40.201 +03:00 [INF] Request starting HTTP/2 GET https://localhost:7242/_framework/aspnetcore-browser-refresh.js - null null
2026-08-16 18:39:40.201 +03:00 [INF] Request starting HTTP/2 GET https://localhost:7242/_vs/browserLink - null null
2026-08-16 18:39:40.203 +03:00 [INF] Request finished HTTP/2 GET https://localhost:7242/_framework/aspnetcore-browser-refresh.js - 200 14923 application/javascript; charset=utf-8 2.0201ms
2026-08-16 18:39:40.215 +03:00 [INF] Request finished HTTP/2 GET https://localhost:7242/_vs/browserLink - 200 null text/javascript; charset=UTF-8 14.1004ms
2026-08-16 18:41:45.394 +03:00 [INF] Request starting HTTP/2 GET https://localhost:7242/Courses - null null
2026-08-16 18:41:45.402 +03:00 [INF] Executing endpoint 'CourseHub.Controllers.CoursesController.Index (CourseHub)'
2026-08-16 18:41:45.417 +03:00 [INF] Route matched with {action = "Index", controller = "Courses"}. Executing controller action with signature System.Threading.Tasks.Task`1[Microsoft.AspNetCore.Mvc.IActionResult] Index(System.String, System.Nullable`1[System.Int32], Int32) on controller CourseHub.Controllers.CoursesController (CourseHub).
2026-08-16 18:41:45.516 +03:00 [WRN] You do not have a valid license key for the Lucky Penny software AutoMapper. This is allowed for development and testing scenarios. If you are running in production you are required to have a licensed version. Please visit https://luckypennysoftware.com to obtain a valid license.
2026-08-16 18:41:45.535 +03:00 [INF] Executed DbCommand (2ms) [Parameters=[], CommandType='"Text"', CommandTimeout='30']
SELECT COUNT(*)
FROM [Courses] AS [c]
2026-08-16 18:41:45.602 +03:00 [INF] Executed DbCommand (5ms) [Parameters=[@p='?' (DbType = Int32), @p1='?' (DbType = Int32)], CommandType='"Text"', CommandTimeout='30']
SELECT [c1].[Id], [c1].[CategoryId], [c1].[CreatedAt], [c1].[Description], [c1].[EnrollmentDeadline], [c1].[ImageUrl], [c1].[InstructorId], [c1].[Price], [c1].[Title], [c0].[Id], [c0].[Name], [a].[Id], [a].[AccessFailedCount], [a].[ConcurrencyStamp], [a].[Email], [a].[EmailConfirmed], [a].[FullName], [a].[LockoutEnabled], [a].[LockoutEnd], [a].[NormalizedEmail], [a].[NormalizedUserName], [a].[PasswordHash], [a].[PhoneNumber], [a].[PhoneNumberConfirmed], [a].[SecurityStamp], [a].[TwoFactorEnabled], [a].[UserName]
FROM (
    SELECT [c].[Id], [c].[CategoryId], [c].[CreatedAt], [c].[Description], [c].[EnrollmentDeadline], [c].[ImageUrl], [c].[InstructorId], [c].[Price], [c].[Title]
    FROM [Courses] AS [c]
    ORDER BY [c].[CreatedAt] DESC
    OFFSET @p ROWS FETCH NEXT @p1 ROWS ONLY
) AS [c1]
INNER JOIN [Categories] AS [c0] ON [c1].[CategoryId] = [c0].[Id]
INNER JOIN [AspNetUsers] AS [a] ON [c1].[InstructorId] = [a].[Id]
ORDER BY [c1].[CreatedAt] DESC
2026-08-16 18:41:45.617 +03:00 [INF] Executed DbCommand (1ms) [Parameters=[], CommandType='"Text"', CommandTimeout='30']
SELECT [c].[Id], [c].[Name]
FROM [Categories] AS [c]
ORDER BY [c].[Name]
2026-08-16 18:41:45.630 +03:00 [INF] Executing ViewResult, running view Index.
2026-08-16 18:41:45.679 +03:00 [INF] Executed ViewResult - view Index executed in 50.3032ms.
2026-08-16 18:41:45.680 +03:00 [INF] Executed action CourseHub.Controllers.CoursesController.Index (CourseHub) in 262.0833ms
2026-08-16 18:41:45.681 +03:00 [INF] Executed endpoint 'CourseHub.Controllers.CoursesController.Index (CourseHub)'
2026-08-16 18:41:45.682 +03:00 [INF] Request finished HTTP/2 GET https://localhost:7242/Courses - 200 null text/html; charset=utf-8 288.7185ms
2026-08-16 18:41:45.709 +03:00 [INF] Request starting HTTP/2 GET https://localhost:7242/css/site.css?v=b6IV5EtzygGHuRqFID1oxFHdfxFbAiZW-xrt1Fvp6Xw - null null
2026-08-16 18:41:45.710 +03:00 [INF] Request starting HTTP/2 GET https://localhost:7242/_framework/aspnetcore-browser-refresh.js - null null
2026-08-16 18:41:45.710 +03:00 [INF] Request starting HTTP/2 GET https://localhost:7242/_vs/browserLink - null null
2026-08-16 18:41:45.712 +03:00 [INF] The file /css/site.css was not modified
2026-08-16 18:41:45.714 +03:00 [INF] Request finished HTTP/2 GET https://localhost:7242/_framework/aspnetcore-browser-refresh.js - 200 14923 application/javascript; charset=utf-8 3.4608ms
2026-08-16 18:41:45.716 +03:00 [INF] Request finished HTTP/2 GET https://localhost:7242/css/site.css?v=b6IV5EtzygGHuRqFID1oxFHdfxFbAiZW-xrt1Fvp6Xw - 304 null text/css 6.4389ms
2026-08-16 18:41:45.719 +03:00 [INF] Request finished HTTP/2 GET https://localhost:7242/_vs/browserLink - 200 null text/javascript; charset=UTF-8 8.9519ms
2026-08-16 18:43:05.963 +03:00 [INF] Request starting HTTP/2 GET https://localhost:7242/Courses/Details/22 - null null
2026-08-16 18:43:05.967 +03:00 [INF] Executing endpoint 'CourseHub.Controllers.CoursesController.Details (CourseHub)'
2026-08-16 18:43:05.975 +03:00 [INF] Route matched with {action = "Details", controller = "Courses"}. Executing controller action with signature System.Threading.Tasks.Task`1[Microsoft.AspNetCore.Mvc.IActionResult] Details(System.Nullable`1[System.Int32]) on controller CourseHub.Controllers.CoursesController (CourseHub).
2026-08-16 18:43:06.003 +03:00 [INF] Executed DbCommand (7ms) [Parameters=[@id='?' (DbType = Int32)], CommandType='"Text"', CommandTimeout='30']
SELECT TOP(1) [c].[Id], [c].[CategoryId], [c].[CreatedAt], [c].[Description], [c].[EnrollmentDeadline], [c].[ImageUrl], [c].[InstructorId], [c].[Price], [c].[Title], [c0].[Id], [c0].[Name], [a].[Id], [a].[AccessFailedCount], [a].[ConcurrencyStamp], [a].[Email], [a].[EmailConfirmed], [a].[FullName], [a].[LockoutEnabled], [a].[LockoutEnd], [a].[NormalizedEmail], [a].[NormalizedUserName], [a].[PasswordHash], [a].[PhoneNumber], [a].[PhoneNumberConfirmed], [a].[SecurityStamp], [a].[TwoFactorEnabled], [a].[UserName]
FROM [Courses] AS [c]
INNER JOIN [Categories] AS [c0] ON [c].[CategoryId] = [c0].[Id]
INNER JOIN [AspNetUsers] AS [a] ON [c].[InstructorId] = [a].[Id]
WHERE [c].[Id] = @id
2026-08-16 18:43:06.015 +03:00 [INF] Executing ViewResult, running view Details.
2026-08-16 18:43:06.027 +03:00 [INF] Executed ViewResult - view Details executed in 12.7499ms.
2026-08-16 18:43:06.028 +03:00 [INF] Executed action CourseHub.Controllers.CoursesController.Details (CourseHub) in 51.605ms
2026-08-16 18:43:06.029 +03:00 [INF] Executed endpoint 'CourseHub.Controllers.CoursesController.Details (CourseHub)'
2026-08-16 18:43:06.030 +03:00 [INF] Request finished HTTP/2 GET https://localhost:7242/Courses/Details/22 - 200 null text/html; charset=utf-8 67.3747ms
2026-08-16 18:43:06.069 +03:00 [INF] Request starting HTTP/2 GET https://localhost:7242/css/site.css?v=b6IV5EtzygGHuRqFID1oxFHdfxFbAiZW-xrt1Fvp6Xw - null null
2026-08-16 18:43:06.071 +03:00 [INF] The file /css/site.css was not modified
2026-08-16 18:43:06.071 +03:00 [INF] Request finished HTTP/2 GET https://localhost:7242/css/site.css?v=b6IV5EtzygGHuRqFID1oxFHdfxFbAiZW-xrt1Fvp6Xw - 304 null text/css 2.8742ms
2026-08-16 18:43:06.074 +03:00 [INF] Request starting HTTP/2 GET https://localhost:7242/_vs/browserLink - null null
2026-08-16 18:43:06.082 +03:00 [INF] Request finished HTTP/2 GET https://localhost:7242/_vs/browserLink - 200 null text/javascript; charset=UTF-8 7.9481ms
2026-08-16 18:43:06.122 +03:00 [INF] Request starting HTTP/2 GET https://localhost:7242/_framework/aspnetcore-browser-refresh.js - null null
2026-08-16 18:43:06.124 +03:00 [INF] Request finished HTTP/2 GET https://localhost:7242/_framework/aspnetcore-browser-refresh.js - 200 14923 application/javascript; charset=utf-8 1.8209ms
2026-08-16 18:43:55.530 +03:00 [INF] Request starting HTTP/2 GET https://localhost:7242/Account/Login - null null
2026-08-16 18:43:55.535 +03:00 [INF] Executing endpoint 'CourseHub.Controllers.AccountController.Login (CourseHub)'
2026-08-16 18:43:55.537 +03:00 [INF] Route matched with {action = "Login", controller = "Account"}. Executing controller action with signature Microsoft.AspNetCore.Mvc.IActionResult Login(System.String) on controller CourseHub.Controllers.AccountController (CourseHub).
2026-08-16 18:43:55.542 +03:00 [INF] Executing ViewResult, running view Login.
2026-08-16 18:43:55.586 +03:00 [INF] Executed ViewResult - view Login executed in 44.6449ms.
2026-08-16 18:43:55.588 +03:00 [INF] Executed action CourseHub.Controllers.AccountController.Login (CourseHub) in 49.9565ms
2026-08-16 18:43:55.588 +03:00 [INF] Executed endpoint 'CourseHub.Controllers.AccountController.Login (CourseHub)'
2026-08-16 18:43:55.589 +03:00 [INF] Request finished HTTP/2 GET https://localhost:7242/Account/Login - 200 null text/html; charset=utf-8 59.0927ms
2026-08-16 18:43:55.619 +03:00 [INF] Request starting HTTP/2 GET https://localhost:7242/css/site.css?v=b6IV5EtzygGHuRqFID1oxFHdfxFbAiZW-xrt1Fvp6Xw - null null
2026-08-16 18:43:55.620 +03:00 [INF] Request starting HTTP/2 GET https://localhost:7242/_vs/browserLink - null null
2026-08-16 18:43:55.619 +03:00 [INF] Request starting HTTP/2 GET https://localhost:7242/lib/jquery-validation/dist/jquery.validate.min.js - null null
2026-08-16 18:43:55.622 +03:00 [INF] The file /css/site.css was not modified
2026-08-16 18:43:55.624 +03:00 [INF] The file /lib/jquery-validation/dist/jquery.validate.min.js was not modified
2026-08-16 18:43:55.653 +03:00 [INF] Request finished HTTP/2 GET https://localhost:7242/css/site.css?v=b6IV5EtzygGHuRqFID1oxFHdfxFbAiZW-xrt1Fvp6Xw - 304 null text/css 33.8916ms
2026-08-16 18:43:55.654 +03:00 [INF] Request finished HTTP/2 GET https://localhost:7242/lib/jquery-validation/dist/jquery.validate.min.js - 304 null text/javascript 34.6493ms
2026-08-16 18:43:55.619 +03:00 [INF] Request starting HTTP/2 GET https://localhost:7242/lib/jquery-validation-unobtrusive/dist/jquery.validate.unobtrusive.min.js - null null
2026-08-16 18:43:55.619 +03:00 [INF] Request starting HTTP/2 GET https://localhost:7242/_framework/aspnetcore-browser-refresh.js - null null
2026-08-16 18:43:55.656 +03:00 [INF] Request finished HTTP/2 GET https://localhost:7242/_vs/browserLink - 200 null text/javascript; charset=UTF-8 35.6912ms
2026-08-16 18:43:55.659 +03:00 [INF] The file /lib/jquery-validation-unobtrusive/dist/jquery.validate.unobtrusive.min.js was not modified
2026-08-16 18:43:55.661 +03:00 [INF] Request finished HTTP/2 GET https://localhost:7242/_framework/aspnetcore-browser-refresh.js - 200 14923 application/javascript; charset=utf-8 41.4812ms
2026-08-16 18:43:55.663 +03:00 [INF] Request finished HTTP/2 GET https://localhost:7242/lib/jquery-validation-unobtrusive/dist/jquery.validate.unobtrusive.min.js - 304 null text/javascript 43.2112ms
2026-08-16 18:44:37.059 +03:00 [INF] Request starting HTTP/2 GET https://localhost:7242/Account/Login - null null
2026-08-16 18:44:37.063 +03:00 [INF] Executing endpoint 'CourseHub.Controllers.AccountController.Login (CourseHub)'
2026-08-16 18:44:37.064 +03:00 [INF] Route matched with {action = "Login", controller = "Account"}. Executing controller action with signature Microsoft.AspNetCore.Mvc.IActionResult Login(System.String) on controller CourseHub.Controllers.AccountController (CourseHub).
2026-08-16 18:44:37.072 +03:00 [INF] Executing ViewResult, running view Login.
2026-08-16 18:44:37.075 +03:00 [INF] Executed ViewResult - view Login executed in 3.2321ms.
2026-08-16 18:44:37.076 +03:00 [INF] Executed action CourseHub.Controllers.AccountController.Login (CourseHub) in 10.9977ms
2026-08-16 18:44:37.077 +03:00 [INF] Executed endpoint 'CourseHub.Controllers.AccountController.Login (CourseHub)'
2026-08-16 18:44:37.078 +03:00 [INF] Request finished HTTP/2 GET https://localhost:7242/Account/Login - 200 null text/html; charset=utf-8 18.9374ms
2026-08-16 18:44:37.114 +03:00 [INF] Request starting HTTP/2 GET https://localhost:7242/_framework/aspnetcore-browser-refresh.js - null null
2026-08-16 18:44:37.114 +03:00 [INF] Request starting HTTP/2 GET https://localhost:7242/_vs/browserLink - null null
2026-08-16 18:44:37.116 +03:00 [INF] Request finished HTTP/2 GET https://localhost:7242/_framework/aspnetcore-browser-refresh.js - 200 14923 application/javascript; charset=utf-8 2.4327ms
2026-08-16 18:44:37.123 +03:00 [INF] Request finished HTTP/2 GET https://localhost:7242/_vs/browserLink - 200 null text/javascript; charset=UTF-8 9.6265ms
2026-08-16 18:44:38.724 +03:00 [INF] Request starting HTTP/2 GET https://localhost:7242/Account/Login - null null
2026-08-16 18:44:38.727 +03:00 [INF] Executing endpoint 'CourseHub.Controllers.AccountController.Login (CourseHub)'
2026-08-16 18:44:38.728 +03:00 [INF] Route matched with {action = "Login", controller = "Account"}. Executing controller action with signature Microsoft.AspNetCore.Mvc.IActionResult Login(System.String) on controller CourseHub.Controllers.AccountController (CourseHub).
2026-08-16 18:44:38.730 +03:00 [INF] Executing ViewResult, running view Login.
2026-08-16 18:44:38.732 +03:00 [INF] Executed ViewResult - view Login executed in 2.588ms.
2026-08-16 18:44:38.733 +03:00 [INF] Executed action CourseHub.Controllers.AccountController.Login (CourseHub) in 4.0483ms
2026-08-16 18:44:38.734 +03:00 [INF] Executed endpoint 'CourseHub.Controllers.AccountController.Login (CourseHub)'
2026-08-16 18:44:38.735 +03:00 [INF] Request finished HTTP/2 GET https://localhost:7242/Account/Login - 200 null text/html; charset=utf-8 10.5807ms
2026-08-16 18:44:38.771 +03:00 [INF] Request starting HTTP/2 GET https://localhost:7242/_vs/browserLink - null null
2026-08-16 18:44:38.774 +03:00 [INF] Request starting HTTP/2 GET https://localhost:7242/_framework/aspnetcore-browser-refresh.js - null null
2026-08-16 18:44:38.776 +03:00 [INF] Request finished HTTP/2 GET https://localhost:7242/_framework/aspnetcore-browser-refresh.js - 200 14923 application/javascript; charset=utf-8 2.0412ms
2026-08-16 18:44:38.777 +03:00 [INF] Request finished HTTP/2 GET https://localhost:7242/_vs/browserLink - 200 null text/javascript; charset=UTF-8 5.7639ms
2026-08-16 18:44:39.203 +03:00 [INF] Request starting HTTP/2 GET https://localhost:7242/Account/Register - null null
2026-08-16 18:44:39.206 +03:00 [INF] Executing endpoint 'CourseHub.Controllers.AccountController.Register (CourseHub)'
2026-08-16 18:44:39.207 +03:00 [INF] Route matched with {action = "Register", controller = "Account"}. Executing controller action with signature Microsoft.AspNetCore.Mvc.IActionResult Register() on controller CourseHub.Controllers.AccountController (CourseHub).
2026-08-16 18:44:39.210 +03:00 [INF] Executing ViewResult, running view Register.
2026-08-16 18:44:39.233 +03:00 [INF] Executed ViewResult - view Register executed in 23.8177ms.
2026-08-16 18:44:39.234 +03:00 [INF] Executed action CourseHub.Controllers.AccountController.Register (CourseHub) in 25.3051ms
2026-08-16 18:44:39.234 +03:00 [INF] Executed endpoint 'CourseHub.Controllers.AccountController.Register (CourseHub)'
2026-08-16 18:44:39.235 +03:00 [INF] Request finished HTTP/2 GET https://localhost:7242/Account/Register - 200 null text/html; charset=utf-8 32.2774ms
2026-08-16 18:44:39.269 +03:00 [INF] Request starting HTTP/2 GET https://localhost:7242/_vs/browserLink - null null
2026-08-16 18:44:39.269 +03:00 [INF] Request starting HTTP/2 GET https://localhost:7242/_framework/aspnetcore-browser-refresh.js - null null
2026-08-16 18:44:39.272 +03:00 [INF] Request finished HTTP/2 GET https://localhost:7242/_framework/aspnetcore-browser-refresh.js - 200 14923 application/javascript; charset=utf-8 3.4973ms
2026-08-16 18:44:39.274 +03:00 [INF] Request finished HTTP/2 GET https://localhost:7242/_vs/browserLink - 200 null text/javascript; charset=UTF-8 5.5574ms
2026-08-16 18:45:25.171 +03:00 [INF] Request starting HTTP/2 GET https://localhost:7242/Account/Login - null null
2026-08-16 18:45:25.177 +03:00 [INF] Executing endpoint 'CourseHub.Controllers.AccountController.Login (CourseHub)'
2026-08-16 18:45:25.178 +03:00 [INF] Route matched with {action = "Login", controller = "Account"}. Executing controller action with signature Microsoft.AspNetCore.Mvc.IActionResult Login(System.String) on controller CourseHub.Controllers.AccountController (CourseHub).
2026-08-16 18:45:25.180 +03:00 [INF] Executing ViewResult, running view Login.
2026-08-16 18:45:25.182 +03:00 [INF] Executed ViewResult - view Login executed in 2.2187ms.
2026-08-16 18:45:25.184 +03:00 [INF] Executed action CourseHub.Controllers.AccountController.Login (CourseHub) in 4.6122ms
2026-08-16 18:45:25.185 +03:00 [INF] Executed endpoint 'CourseHub.Controllers.AccountController.Login (CourseHub)'
2026-08-16 18:45:25.186 +03:00 [INF] Request finished HTTP/2 GET https://localhost:7242/Account/Login - 200 null text/html; charset=utf-8 14.1905ms
2026-08-16 18:45:25.273 +03:00 [INF] Request starting HTTP/2 GET https://localhost:7242/css/site.css?v=b6IV5EtzygGHuRqFID1oxFHdfxFbAiZW-xrt1Fvp6Xw - null null
2026-08-16 18:45:25.274 +03:00 [INF] Request starting HTTP/2 GET https://localhost:7242/_vs/browserLink - null null
2026-08-16 18:45:25.274 +03:00 [INF] Request starting HTTP/2 GET https://localhost:7242/_framework/aspnetcore-browser-refresh.js - null null
2026-08-16 18:45:25.275 +03:00 [INF] The file /css/site.css was not modified
2026-08-16 18:45:25.279 +03:00 [INF] Request finished HTTP/2 GET https://localhost:7242/_framework/aspnetcore-browser-refresh.js - 200 14923 application/javascript; charset=utf-8 4.83ms
2026-08-16 18:45:25.279 +03:00 [INF] Request finished HTTP/2 GET https://localhost:7242/css/site.css?v=b6IV5EtzygGHuRqFID1oxFHdfxFbAiZW-xrt1Fvp6Xw - 304 null text/css 5.8635ms
2026-08-16 18:45:25.283 +03:00 [INF] Request finished HTTP/2 GET https://localhost:7242/_vs/browserLink - 200 null text/javascript; charset=UTF-8 8.9127ms
2026-08-16 18:45:26.921 +03:00 [INF] Request starting HTTP/2 POST https://localhost:7242/Account/Login - application/x-www-form-urlencoded 255
2026-08-16 18:45:26.925 +03:00 [INF] Executing endpoint 'CourseHub.Controllers.AccountController.Login (CourseHub)'
2026-08-16 18:45:26.934 +03:00 [INF] Route matched with {action = "Login", controller = "Account"}. Executing controller action with signature System.Threading.Tasks.Task`1[Microsoft.AspNetCore.Mvc.IActionResult] Login(CourseHub.ViewModels.LoginViewModel, System.String) on controller CourseHub.Controllers.AccountController (CourseHub).
2026-08-16 18:45:26.958 +03:00 [INF] Executed DbCommand (3ms) [Parameters=[@normalizedEmail='?' (Size = 256)], CommandType='"Text"', CommandTimeout='30']
SELECT TOP(2) [a].[Id], [a].[AccessFailedCount], [a].[ConcurrencyStamp], [a].[Email], [a].[EmailConfirmed], [a].[FullName], [a].[LockoutEnabled], [a].[LockoutEnd], [a].[NormalizedEmail], [a].[NormalizedUserName], [a].[PasswordHash], [a].[PhoneNumber], [a].[PhoneNumberConfirmed], [a].[SecurityStamp], [a].[TwoFactorEnabled], [a].[UserName]
FROM [AspNetUsers] AS [a]
WHERE [a].[NormalizedEmail] = @normalizedEmail
2026-08-16 18:45:27.085 +03:00 [INF] Executed DbCommand (3ms) [Parameters=[@user_Id='?' (Size = 450)], CommandType='"Text"', CommandTimeout='30']
SELECT [a].[Id], [a].[ClaimType], [a].[ClaimValue], [a].[UserId]
FROM [AspNetUserClaims] AS [a]
WHERE [a].[UserId] = @user_Id
2026-08-16 18:45:27.108 +03:00 [INF] Executed DbCommand (3ms) [Parameters=[@userId='?' (Size = 450)], CommandType='"Text"', CommandTimeout='30']
SELECT [a0].[Name]
FROM [AspNetUserRoles] AS [a]
INNER JOIN [AspNetRoles] AS [a0] ON [a].[RoleId] = [a0].[Id]
WHERE [a].[UserId] = @userId
2026-08-16 18:45:27.113 +03:00 [INF] Executed DbCommand (2ms) [Parameters=[@normalizedName='?' (Size = 256)], CommandType='"Text"', CommandTimeout='30']
SELECT TOP(1) [a].[Id], [a].[ConcurrencyStamp], [a].[Name], [a].[NormalizedName]
FROM [AspNetRoles] AS [a]
WHERE [a].[NormalizedName] = @normalizedName
2026-08-16 18:45:27.121 +03:00 [INF] Executed DbCommand (2ms) [Parameters=[@role_Id='?' (Size = 450)], CommandType='"Text"', CommandTimeout='30']
SELECT [a].[ClaimType], [a].[ClaimValue]
FROM [AspNetRoleClaims] AS [a]
WHERE [a].[RoleId] = @role_Id
2026-08-16 18:45:27.127 +03:00 [INF] AuthenticationScheme: Identity.Application signed in.
2026-08-16 18:45:27.137 +03:00 [INF] Executed DbCommand (2ms) [Parameters=[@normalizedRoleName='?' (Size = 256)], CommandType='"Text"', CommandTimeout='30']
SELECT TOP(2) [a].[Id], [a].[ConcurrencyStamp], [a].[Name], [a].[NormalizedName]
FROM [AspNetRoles] AS [a]
WHERE [a].[NormalizedName] = @normalizedRoleName
2026-08-16 18:45:27.157 +03:00 [INF] Executed DbCommand (2ms) [Parameters=[@p='?' (Size = 450), @p1='?' (Size = 450)], CommandType='"Text"', CommandTimeout='30']
SELECT TOP(1) [a].[UserId], [a].[RoleId]
FROM [AspNetUserRoles] AS [a]
WHERE [a].[UserId] = @p AND [a].[RoleId] = @p1
2026-08-16 18:45:27.160 +03:00 [INF] Executed DbCommand (0ms) [Parameters=[@normalizedRoleName='?' (Size = 256)], CommandType='"Text"', CommandTimeout='30']
SELECT TOP(2) [a].[Id], [a].[ConcurrencyStamp], [a].[Name], [a].[NormalizedName]
FROM [AspNetRoles] AS [a]
WHERE [a].[NormalizedName] = @normalizedRoleName
2026-08-16 18:45:27.163 +03:00 [INF] Executed DbCommand (0ms) [Parameters=[@p='?' (Size = 450), @p1='?' (Size = 450)], CommandType='"Text"', CommandTimeout='30']
SELECT TOP(1) [a].[UserId], [a].[RoleId]
FROM [AspNetUserRoles] AS [a]
WHERE [a].[UserId] = @p AND [a].[RoleId] = @p1
2026-08-16 18:45:27.174 +03:00 [INF] Executing RedirectResult, redirecting to /Instructor/Dashboard.
2026-08-16 18:45:27.175 +03:00 [INF] Executed action CourseHub.Controllers.AccountController.Login (CourseHub) in 239.4707ms
2026-08-16 18:45:27.175 +03:00 [INF] Executed endpoint 'CourseHub.Controllers.AccountController.Login (CourseHub)'
2026-08-16 18:45:27.176 +03:00 [INF] Request finished HTTP/2 POST https://localhost:7242/Account/Login - 302 null null 254.591ms
2026-08-16 18:45:27.179 +03:00 [INF] Request starting HTTP/2 GET https://localhost:7242/Instructor/Dashboard - null null
2026-08-16 18:45:27.184 +03:00 [INF] Executing endpoint 'CourseHub.Controllers.InstructorController.Dashboard (CourseHub)'
2026-08-16 18:45:27.191 +03:00 [INF] Route matched with {action = "Dashboard", controller = "Instructor"}. Executing controller action with signature System.Threading.Tasks.Task`1[Microsoft.AspNetCore.Mvc.IActionResult] Dashboard() on controller CourseHub.Controllers.InstructorController (CourseHub).
2026-08-16 18:45:27.203 +03:00 [INF] Executed DbCommand (2ms) [Parameters=[@p='?' (Size = 450)], CommandType='"Text"', CommandTimeout='30']
SELECT TOP(1) [a].[Id], [a].[AccessFailedCount], [a].[ConcurrencyStamp], [a].[Email], [a].[EmailConfirmed], [a].[FullName], [a].[LockoutEnabled], [a].[LockoutEnd], [a].[NormalizedEmail], [a].[NormalizedUserName], [a].[PasswordHash], [a].[PhoneNumber], [a].[PhoneNumberConfirmed], [a].[SecurityStamp], [a].[TwoFactorEnabled], [a].[UserName]
FROM [AspNetUsers] AS [a]
WHERE [a].[Id] = @p
2026-08-16 18:45:27.210 +03:00 [INF] Executed DbCommand (2ms) [Parameters=[@user_Id='?' (Size = 450)], CommandType='"Text"', CommandTimeout='30']
SELECT COUNT(*)
FROM [Courses] AS [c]
WHERE [c].[InstructorId] = @user_Id
2026-08-16 18:45:27.218 +03:00 [INF] Executed DbCommand (4ms) [Parameters=[@user_Id='?' (Size = 450)], CommandType='"Text"', CommandTimeout='30']
SELECT COUNT(*)
FROM [Enrollments] AS [e]
INNER JOIN [Courses] AS [c] ON [e].[CourseId] = [c].[Id]
WHERE [c].[InstructorId] = @user_Id
2026-08-16 18:45:27.233 +03:00 [INF] Executed DbCommand (4ms) [Parameters=[@user_Id='?' (Size = 450)], CommandType='"Text"', CommandTimeout='30']
SELECT COUNT(*)
FROM (
    SELECT DISTINCT [e].[StudentId]
    FROM [Enrollments] AS [e]
    INNER JOIN [Courses] AS [c] ON [e].[CourseId] = [c].[Id]
    WHERE [c].[InstructorId] = @user_Id
) AS [s]
2026-08-16 18:45:27.236 +03:00 [INF] Executing ViewResult, running view Dashboard.
2026-08-16 18:45:27.248 +03:00 [INF] Executed ViewResult - view Dashboard executed in 12.9879ms.
2026-08-16 18:45:27.249 +03:00 [INF] Executed action CourseHub.Controllers.InstructorController.Dashboard (CourseHub) in 56.9799ms
2026-08-16 18:45:27.250 +03:00 [INF] Executed endpoint 'CourseHub.Controllers.InstructorController.Dashboard (CourseHub)'
2026-08-16 18:45:27.251 +03:00 [INF] Request finished HTTP/2 GET https://localhost:7242/Instructor/Dashboard - 200 null text/html; charset=utf-8 72.0504ms
2026-08-16 18:45:27.324 +03:00 [INF] Request starting HTTP/2 GET https://localhost:7242/_vs/browserLink - null null
2026-08-16 18:45:27.324 +03:00 [INF] Request starting HTTP/2 GET https://localhost:7242/_framework/aspnetcore-browser-refresh.js - null null
2026-08-16 18:45:27.327 +03:00 [INF] Request finished HTTP/2 GET https://localhost:7242/_framework/aspnetcore-browser-refresh.js - 200 14923 application/javascript; charset=utf-8 3.1848ms
2026-08-16 18:45:27.329 +03:00 [INF] Request finished HTTP/2 GET https://localhost:7242/_vs/browserLink - 200 null text/javascript; charset=UTF-8 5.1604ms
2026-08-16 18:46:20.170 +03:00 [INF] Request starting HTTP/2 GET https://localhost:7242/Instructor/MyCourses - null null
2026-08-16 18:46:20.176 +03:00 [INF] Executing endpoint 'CourseHub.Controllers.InstructorController.MyCourses (CourseHub)'
2026-08-16 18:46:20.185 +03:00 [INF] Route matched with {action = "MyCourses", controller = "Instructor"}. Executing controller action with signature System.Threading.Tasks.Task`1[Microsoft.AspNetCore.Mvc.IActionResult] MyCourses() on controller CourseHub.Controllers.InstructorController (CourseHub).
2026-08-16 18:46:20.191 +03:00 [INF] Executed DbCommand (2ms) [Parameters=[@p='?' (Size = 450)], CommandType='"Text"', CommandTimeout='30']
SELECT TOP(1) [a].[Id], [a].[AccessFailedCount], [a].[ConcurrencyStamp], [a].[Email], [a].[EmailConfirmed], [a].[FullName], [a].[LockoutEnabled], [a].[LockoutEnd], [a].[NormalizedEmail], [a].[NormalizedUserName], [a].[PasswordHash], [a].[PhoneNumber], [a].[PhoneNumberConfirmed], [a].[SecurityStamp], [a].[TwoFactorEnabled], [a].[UserName]
FROM [AspNetUsers] AS [a]
WHERE [a].[Id] = @p
2026-08-16 18:46:20.203 +03:00 [INF] Executed DbCommand (3ms) [Parameters=[@user_Id='?' (Size = 450)], CommandType='"Text"', CommandTimeout='30']
SELECT [c].[Id], [c].[CategoryId], [c].[CreatedAt], [c].[Description], [c].[EnrollmentDeadline], [c].[ImageUrl], [c].[InstructorId], [c].[Price], [c].[Title], [c0].[Id], [c0].[Name]
FROM [Courses] AS [c]
INNER JOIN [Categories] AS [c0] ON [c].[CategoryId] = [c0].[Id]
WHERE [c].[InstructorId] = @user_Id
ORDER BY [c].[CreatedAt] DESC
2026-08-16 18:46:20.206 +03:00 [INF] Executing ViewResult, running view MyCourses.
2026-08-16 18:46:20.215 +03:00 [INF] Executed ViewResult - view MyCourses executed in 9.9003ms.
2026-08-16 18:46:20.216 +03:00 [INF] Executed action CourseHub.Controllers.InstructorController.MyCourses (CourseHub) in 29.9706ms
2026-08-16 18:46:20.217 +03:00 [INF] Executed endpoint 'CourseHub.Controllers.InstructorController.MyCourses (CourseHub)'
2026-08-16 18:46:20.218 +03:00 [INF] Request finished HTTP/2 GET https://localhost:7242/Instructor/MyCourses - 200 null text/html; charset=utf-8 48.0825ms
2026-08-16 18:46:20.296 +03:00 [INF] Request starting HTTP/2 GET https://localhost:7242/_framework/aspnetcore-browser-refresh.js - null null
2026-08-16 18:46:20.297 +03:00 [INF] Request starting HTTP/2 GET https://localhost:7242/_vs/browserLink - null null
2026-08-16 18:46:20.298 +03:00 [INF] Request finished HTTP/2 GET https://localhost:7242/_framework/aspnetcore-browser-refresh.js - 200 14923 application/javascript; charset=utf-8 1.9089ms
2026-08-16 18:46:20.303 +03:00 [INF] Request finished HTTP/2 GET https://localhost:7242/_vs/browserLink - 200 null text/javascript; charset=UTF-8 6.1607ms
2026-08-16 18:46:23.514 +03:00 [INF] Request starting HTTP/2 GET https://localhost:7242/Courses/Create - null null
2026-08-16 18:46:23.518 +03:00 [INF] Executing endpoint 'CourseHub.Controllers.CoursesController.Create (CourseHub)'
2026-08-16 18:46:23.525 +03:00 [INF] Route matched with {action = "Create", controller = "Courses"}. Executing controller action with signature System.Threading.Tasks.Task`1[Microsoft.AspNetCore.Mvc.IActionResult] Create() on controller CourseHub.Controllers.CoursesController (CourseHub).
2026-08-16 18:46:23.548 +03:00 [INF] Executed DbCommand (2ms) [Parameters=[], CommandType='"Text"', CommandTimeout='30']
SELECT CONVERT(varchar(11), [c].[Id]) AS [Value], [c].[Name] AS [Text]
FROM [Categories] AS [c]
ORDER BY [c].[Name]
2026-08-16 18:46:23.552 +03:00 [INF] Executing ViewResult, running view Create.
2026-08-16 18:46:23.593 +03:00 [INF] Executed ViewResult - view Create executed in 42.1767ms.
2026-08-16 18:46:23.594 +03:00 [INF] Executed action CourseHub.Controllers.CoursesController.Create (CourseHub) in 68.0799ms
2026-08-16 18:46:23.595 +03:00 [INF] Executed endpoint 'CourseHub.Controllers.CoursesController.Create (CourseHub)'
2026-08-16 18:46:23.596 +03:00 [INF] Request finished HTTP/2 GET https://localhost:7242/Courses/Create - 200 null text/html; charset=utf-8 82.2322ms
2026-08-16 18:46:23.716 +03:00 [INF] Request starting HTTP/2 GET https://localhost:7242/_vs/browserLink - null null
2026-08-16 18:46:23.717 +03:00 [INF] Request starting HTTP/2 GET https://localhost:7242/_framework/aspnetcore-browser-refresh.js - null null
2026-08-16 18:46:23.719 +03:00 [INF] Request finished HTTP/2 GET https://localhost:7242/_framework/aspnetcore-browser-refresh.js - 200 14923 application/javascript; charset=utf-8 1.7693ms
2026-08-16 18:46:23.722 +03:00 [INF] Request finished HTTP/2 GET https://localhost:7242/_vs/browserLink - 200 null text/javascript; charset=UTF-8 6.8599ms
2026-08-16 18:46:59.589 +03:00 [INF] Request starting HTTP/2 POST https://localhost:7242/Account/Logout - application/x-www-form-urlencoded 225
2026-08-16 18:46:59.592 +03:00 [INF] Executing endpoint 'CourseHub.Controllers.AccountController.Logout (CourseHub)'
2026-08-16 18:46:59.593 +03:00 [INF] Route matched with {action = "Logout", controller = "Account"}. Executing controller action with signature System.Threading.Tasks.Task`1[Microsoft.AspNetCore.Mvc.IActionResult] Logout() on controller CourseHub.Controllers.AccountController (CourseHub).
2026-08-16 18:46:59.595 +03:00 [INF] AuthenticationScheme: Identity.Application signed out.
2026-08-16 18:46:59.595 +03:00 [INF] AuthenticationScheme: Identity.External signed out.
2026-08-16 18:46:59.596 +03:00 [INF] AuthenticationScheme: Identity.TwoFactorUserId signed out.
2026-08-16 18:46:59.597 +03:00 [INF] Executing RedirectResult, redirecting to /.
2026-08-16 18:46:59.598 +03:00 [INF] Executed action CourseHub.Controllers.AccountController.Logout (CourseHub) in 3.3588ms
2026-08-16 18:46:59.599 +03:00 [INF] Executed endpoint 'CourseHub.Controllers.AccountController.Logout (CourseHub)'
2026-08-16 18:46:59.600 +03:00 [INF] Request finished HTTP/2 POST https://localhost:7242/Account/Logout - 302 null null 10.8322ms
2026-08-16 18:46:59.603 +03:00 [INF] Request starting HTTP/2 GET https://localhost:7242/ - null null
2026-08-16 18:46:59.606 +03:00 [INF] Executing endpoint 'CourseHub.Controllers.HomeController.Index (CourseHub)'
2026-08-16 18:46:59.607 +03:00 [INF] Route matched with {action = "Index", controller = "Home"}. Executing controller action with signature System.Threading.Tasks.Task`1[Microsoft.AspNetCore.Mvc.IActionResult] Index() on controller CourseHub.Controllers.HomeController (CourseHub).
2026-08-16 18:46:59.611 +03:00 [INF] Executed DbCommand (2ms) [Parameters=[], CommandType='"Text"', CommandTimeout='30']
SELECT COUNT(*)
FROM [Courses] AS [c]
2026-08-16 18:46:59.614 +03:00 [INF] Executed DbCommand (1ms) [Parameters=[], CommandType='"Text"', CommandTimeout='30']
SELECT COUNT(*)
FROM [Categories] AS [c]
2026-08-16 18:46:59.615 +03:00 [INF] Executing ViewResult, running view Index.
2026-08-16 18:46:59.618 +03:00 [INF] Executed ViewResult - view Index executed in 2.3363ms.
2026-08-16 18:46:59.619 +03:00 [INF] Executed action CourseHub.Controllers.HomeController.Index (CourseHub) in 10.9544ms
2026-08-16 18:46:59.619 +03:00 [INF] Executed endpoint 'CourseHub.Controllers.HomeController.Index (CourseHub)'
2026-08-16 18:46:59.620 +03:00 [INF] Request finished HTTP/2 GET https://localhost:7242/ - 200 null text/html; charset=utf-8 17.4527ms
2026-08-16 18:46:59.872 +03:00 [INF] Request starting HTTP/2 GET https://localhost:7242/css/site.css?v=b6IV5EtzygGHuRqFID1oxFHdfxFbAiZW-xrt1Fvp6Xw - null null
2026-08-16 18:46:59.875 +03:00 [INF] The file /css/site.css was not modified
2026-08-16 18:46:59.875 +03:00 [INF] Request finished HTTP/2 GET https://localhost:7242/css/site.css?v=b6IV5EtzygGHuRqFID1oxFHdfxFbAiZW-xrt1Fvp6Xw - 304 null text/css 3.1904ms
2026-08-16 18:46:59.881 +03:00 [INF] Request starting HTTP/2 GET https://localhost:7242/_vs/browserLink - null null
2026-08-16 18:46:59.882 +03:00 [INF] Request starting HTTP/2 GET https://localhost:7242/_framework/aspnetcore-browser-refresh.js - null null
2026-08-16 18:46:59.885 +03:00 [INF] Request finished HTTP/2 GET https://localhost:7242/_framework/aspnetcore-browser-refresh.js - 200 14923 application/javascript; charset=utf-8 2.9964ms
2026-08-16 18:46:59.889 +03:00 [INF] Request finished HTTP/2 GET https://localhost:7242/_vs/browserLink - 200 null text/javascript; charset=UTF-8 7.8992ms
2026-08-16 18:47:02.026 +03:00 [INF] Request starting HTTP/2 GET https://localhost:7242/Account/Login - null null
2026-08-16 18:47:02.029 +03:00 [INF] Executing endpoint 'CourseHub.Controllers.AccountController.Login (CourseHub)'
2026-08-16 18:47:02.029 +03:00 [INF] Route matched with {action = "Login", controller = "Account"}. Executing controller action with signature Microsoft.AspNetCore.Mvc.IActionResult Login(System.String) on controller CourseHub.Controllers.AccountController (CourseHub).
2026-08-16 18:47:02.031 +03:00 [INF] Executing ViewResult, running view Login.
2026-08-16 18:47:02.033 +03:00 [INF] Executed ViewResult - view Login executed in 1.9157ms.
2026-08-16 18:47:02.034 +03:00 [INF] Executed action CourseHub.Controllers.AccountController.Login (CourseHub) in 3.3686ms
2026-08-16 18:47:02.035 +03:00 [INF] Executed endpoint 'CourseHub.Controllers.AccountController.Login (CourseHub)'
2026-08-16 18:47:02.035 +03:00 [INF] Request finished HTTP/2 GET https://localhost:7242/Account/Login - 200 null text/html; charset=utf-8 9.3948ms
2026-08-16 18:47:02.081 +03:00 [INF] Request starting HTTP/2 GET https://localhost:7242/_framework/aspnetcore-browser-refresh.js - null null
2026-08-16 18:47:02.081 +03:00 [INF] Request starting HTTP/2 GET https://localhost:7242/_vs/browserLink - null null
2026-08-16 18:47:02.084 +03:00 [INF] Request finished HTTP/2 GET https://localhost:7242/_framework/aspnetcore-browser-refresh.js - 200 14923 application/javascript; charset=utf-8 2.18ms
2026-08-16 18:47:02.089 +03:00 [INF] Request finished HTTP/2 GET https://localhost:7242/_vs/browserLink - 200 null text/javascript; charset=UTF-8 7.6745ms
2026-08-16 18:47:04.668 +03:00 [INF] Request starting HTTP/2 POST https://localhost:7242/Account/Login - application/x-www-form-urlencoded 252
2026-08-16 18:47:04.671 +03:00 [INF] Executing endpoint 'CourseHub.Controllers.AccountController.Login (CourseHub)'
2026-08-16 18:47:04.672 +03:00 [INF] Route matched with {action = "Login", controller = "Account"}. Executing controller action with signature System.Threading.Tasks.Task`1[Microsoft.AspNetCore.Mvc.IActionResult] Login(CourseHub.ViewModels.LoginViewModel, System.String) on controller CourseHub.Controllers.AccountController (CourseHub).
2026-08-16 18:47:04.677 +03:00 [INF] Executed DbCommand (3ms) [Parameters=[@normalizedEmail='?' (Size = 256)], CommandType='"Text"', CommandTimeout='30']
SELECT TOP(2) [a].[Id], [a].[AccessFailedCount], [a].[ConcurrencyStamp], [a].[Email], [a].[EmailConfirmed], [a].[FullName], [a].[LockoutEnabled], [a].[LockoutEnd], [a].[NormalizedEmail], [a].[NormalizedUserName], [a].[PasswordHash], [a].[PhoneNumber], [a].[PhoneNumberConfirmed], [a].[SecurityStamp], [a].[TwoFactorEnabled], [a].[UserName]
FROM [AspNetUsers] AS [a]
WHERE [a].[NormalizedEmail] = @normalizedEmail
2026-08-16 18:47:04.751 +03:00 [INF] Executed DbCommand (3ms) [Parameters=[@user_Id='?' (Size = 450)], CommandType='"Text"', CommandTimeout='30']
SELECT [a].[Id], [a].[ClaimType], [a].[ClaimValue], [a].[UserId]
FROM [AspNetUserClaims] AS [a]
WHERE [a].[UserId] = @user_Id
2026-08-16 18:47:04.757 +03:00 [INF] Executed DbCommand (3ms) [Parameters=[@userId='?' (Size = 450)], CommandType='"Text"', CommandTimeout='30']
SELECT [a0].[Name]
FROM [AspNetUserRoles] AS [a]
INNER JOIN [AspNetRoles] AS [a0] ON [a].[RoleId] = [a0].[Id]
WHERE [a].[UserId] = @userId
2026-08-16 18:47:04.761 +03:00 [INF] Executed DbCommand (2ms) [Parameters=[@normalizedName='?' (Size = 256)], CommandType='"Text"', CommandTimeout='30']
SELECT TOP(1) [a].[Id], [a].[ConcurrencyStamp], [a].[Name], [a].[NormalizedName]
FROM [AspNetRoles] AS [a]
WHERE [a].[NormalizedName] = @normalizedName
2026-08-16 18:47:04.765 +03:00 [INF] Executed DbCommand (2ms) [Parameters=[@role_Id='?' (Size = 450)], CommandType='"Text"', CommandTimeout='30']
SELECT [a].[ClaimType], [a].[ClaimValue]
FROM [AspNetRoleClaims] AS [a]
WHERE [a].[RoleId] = @role_Id
2026-08-16 18:47:04.767 +03:00 [INF] AuthenticationScheme: Identity.Application signed in.
2026-08-16 18:47:04.769 +03:00 [INF] Executed DbCommand (2ms) [Parameters=[@normalizedRoleName='?' (Size = 256)], CommandType='"Text"', CommandTimeout='30']
SELECT TOP(2) [a].[Id], [a].[ConcurrencyStamp], [a].[Name], [a].[NormalizedName]
FROM [AspNetRoles] AS [a]
WHERE [a].[NormalizedName] = @normalizedRoleName
2026-08-16 18:47:04.773 +03:00 [INF] Executed DbCommand (1ms) [Parameters=[@p='?' (Size = 450), @p1='?' (Size = 450)], CommandType='"Text"', CommandTimeout='30']
SELECT TOP(1) [a].[UserId], [a].[RoleId]
FROM [AspNetUserRoles] AS [a]
WHERE [a].[UserId] = @p AND [a].[RoleId] = @p1
2026-08-16 18:47:04.775 +03:00 [INF] Executed DbCommand (0ms) [Parameters=[@normalizedRoleName='?' (Size = 256)], CommandType='"Text"', CommandTimeout='30']
SELECT TOP(2) [a].[Id], [a].[ConcurrencyStamp], [a].[Name], [a].[NormalizedName]
FROM [AspNetRoles] AS [a]
WHERE [a].[NormalizedName] = @normalizedRoleName
2026-08-16 18:47:04.777 +03:00 [INF] Executed DbCommand (0ms) [Parameters=[@p='?' (Size = 450), @p1='?' (Size = 450)], CommandType='"Text"', CommandTimeout='30']
SELECT TOP(1) [a].[UserId], [a].[RoleId]
FROM [AspNetUserRoles] AS [a]
WHERE [a].[UserId] = @p AND [a].[RoleId] = @p1
2026-08-16 18:47:04.778 +03:00 [INF] Executing RedirectResult, redirecting to /Student/Dashboard.
2026-08-16 18:47:04.779 +03:00 [INF] Executed action CourseHub.Controllers.AccountController.Login (CourseHub) in 106.3414ms
2026-08-16 18:47:04.780 +03:00 [INF] Executed endpoint 'CourseHub.Controllers.AccountController.Login (CourseHub)'
2026-08-16 18:47:04.781 +03:00 [INF] Request finished HTTP/2 POST https://localhost:7242/Account/Login - 302 null null 112.7247ms
2026-08-16 18:47:04.784 +03:00 [INF] Request starting HTTP/2 GET https://localhost:7242/Student/Dashboard - null null
2026-08-16 18:47:04.787 +03:00 [INF] Executing endpoint 'CourseHub.Controllers.StudentController.Dashboard (CourseHub)'
2026-08-16 18:47:04.795 +03:00 [INF] Route matched with {action = "Dashboard", controller = "Student"}. Executing controller action with signature System.Threading.Tasks.Task`1[Microsoft.AspNetCore.Mvc.IActionResult] Dashboard() on controller CourseHub.Controllers.StudentController (CourseHub).
2026-08-16 18:47:04.805 +03:00 [INF] Executed DbCommand (4ms) [Parameters=[@p='?' (Size = 450)], CommandType='"Text"', CommandTimeout='30']
SELECT TOP(1) [a].[Id], [a].[AccessFailedCount], [a].[ConcurrencyStamp], [a].[Email], [a].[EmailConfirmed], [a].[FullName], [a].[LockoutEnabled], [a].[LockoutEnd], [a].[NormalizedEmail], [a].[NormalizedUserName], [a].[PasswordHash], [a].[PhoneNumber], [a].[PhoneNumberConfirmed], [a].[SecurityStamp], [a].[TwoFactorEnabled], [a].[UserName]
FROM [AspNetUsers] AS [a]
WHERE [a].[Id] = @p
2026-08-16 18:47:04.813 +03:00 [INF] Executed DbCommand (3ms) [Parameters=[@user_Id='?' (Size = 450)], CommandType='"Text"', CommandTimeout='30']
SELECT COUNT(*)
FROM [Enrollments] AS [e]
WHERE [e].[StudentId] = @user_Id
2026-08-16 18:47:04.818 +03:00 [INF] Executing ViewResult, running view Dashboard.
2026-08-16 18:47:04.832 +03:00 [INF] Executed ViewResult - view Dashboard executed in 14.4513ms.
2026-08-16 18:47:04.833 +03:00 [INF] Executed action CourseHub.Controllers.StudentController.Dashboard (CourseHub) in 36.1114ms
2026-08-16 18:47:04.834 +03:00 [INF] Executed endpoint 'CourseHub.Controllers.StudentController.Dashboard (CourseHub)'
2026-08-16 18:47:04.835 +03:00 [INF] Request finished HTTP/2 GET https://localhost:7242/Student/Dashboard - 200 null text/html; charset=utf-8 50.8809ms
2026-08-16 18:47:05.068 +03:00 [INF] Request starting HTTP/2 GET https://localhost:7242/_vs/browserLink - null null
2026-08-16 18:47:05.069 +03:00 [INF] Request starting HTTP/2 GET https://localhost:7242/_framework/aspnetcore-browser-refresh.js - null null
2026-08-16 18:47:05.073 +03:00 [INF] Request finished HTTP/2 GET https://localhost:7242/_framework/aspnetcore-browser-refresh.js - 200 14923 application/javascript; charset=utf-8 4.4042ms
2026-08-16 18:47:05.074 +03:00 [INF] Request finished HTTP/2 GET https://localhost:7242/_vs/browserLink - 200 null text/javascript; charset=UTF-8 5.9725ms
2026-08-16 18:47:05.596 +03:00 [INF] Request starting HTTP/2 GET https://localhost:7242/Student/Dashboard - null null
2026-08-16 18:47:05.599 +03:00 [INF] Executing endpoint 'CourseHub.Controllers.StudentController.Dashboard (CourseHub)'
2026-08-16 18:47:05.600 +03:00 [INF] Route matched with {action = "Dashboard", controller = "Student"}. Executing controller action with signature System.Threading.Tasks.Task`1[Microsoft.AspNetCore.Mvc.IActionResult] Dashboard() on controller CourseHub.Controllers.StudentController (CourseHub).
2026-08-16 18:47:05.604 +03:00 [INF] Executed DbCommand (2ms) [Parameters=[@p='?' (Size = 450)], CommandType='"Text"', CommandTimeout='30']
SELECT TOP(1) [a].[Id], [a].[AccessFailedCount], [a].[ConcurrencyStamp], [a].[Email], [a].[EmailConfirmed], [a].[FullName], [a].[LockoutEnabled], [a].[LockoutEnd], [a].[NormalizedEmail], [a].[NormalizedUserName], [a].[PasswordHash], [a].[PhoneNumber], [a].[PhoneNumberConfirmed], [a].[SecurityStamp], [a].[TwoFactorEnabled], [a].[UserName]
FROM [AspNetUsers] AS [a]
WHERE [a].[Id] = @p
2026-08-16 18:47:05.607 +03:00 [INF] Executed DbCommand (1ms) [Parameters=[@user_Id='?' (Size = 450)], CommandType='"Text"', CommandTimeout='30']
SELECT COUNT(*)
FROM [Enrollments] AS [e]
WHERE [e].[StudentId] = @user_Id
2026-08-16 18:47:05.609 +03:00 [INF] Executing ViewResult, running view Dashboard.
2026-08-16 18:47:05.611 +03:00 [INF] Executed ViewResult - view Dashboard executed in 1.806ms.
2026-08-16 18:47:05.611 +03:00 [INF] Executed action CourseHub.Controllers.StudentController.Dashboard (CourseHub) in 10.9761ms
2026-08-16 18:47:05.612 +03:00 [INF] Executed endpoint 'CourseHub.Controllers.StudentController.Dashboard (CourseHub)'
2026-08-16 18:47:05.613 +03:00 [INF] Request finished HTTP/2 GET https://localhost:7242/Student/Dashboard - 200 null text/html; charset=utf-8 17.3035ms
2026-08-16 18:47:05.652 +03:00 [INF] Request starting HTTP/2 GET https://localhost:7242/_vs/browserLink - null null
2026-08-16 18:47:05.653 +03:00 [INF] Request starting HTTP/2 GET https://localhost:7242/_framework/aspnetcore-browser-refresh.js - null null
2026-08-16 18:47:05.656 +03:00 [INF] Request finished HTTP/2 GET https://localhost:7242/_framework/aspnetcore-browser-refresh.js - 200 14923 application/javascript; charset=utf-8 2.6918ms
2026-08-16 18:47:05.657 +03:00 [INF] Request finished HTTP/2 GET https://localhost:7242/_vs/browserLink - 200 null text/javascript; charset=UTF-8 5.2921ms
2026-08-16 18:47:06.937 +03:00 [INF] Request starting HTTP/2 GET https://localhost:7242/Student/Dashboard - null null
2026-08-16 18:47:06.941 +03:00 [INF] Executing endpoint 'CourseHub.Controllers.StudentController.Dashboard (CourseHub)'
2026-08-16 18:47:06.941 +03:00 [INF] Route matched with {action = "Dashboard", controller = "Student"}. Executing controller action with signature System.Threading.Tasks.Task`1[Microsoft.AspNetCore.Mvc.IActionResult] Dashboard() on controller CourseHub.Controllers.StudentController (CourseHub).
2026-08-16 18:47:06.946 +03:00 [INF] Executed DbCommand (3ms) [Parameters=[@p='?' (Size = 450)], CommandType='"Text"', CommandTimeout='30']
SELECT TOP(1) [a].[Id], [a].[AccessFailedCount], [a].[ConcurrencyStamp], [a].[Email], [a].[EmailConfirmed], [a].[FullName], [a].[LockoutEnabled], [a].[LockoutEnd], [a].[NormalizedEmail], [a].[NormalizedUserName], [a].[PasswordHash], [a].[PhoneNumber], [a].[PhoneNumberConfirmed], [a].[SecurityStamp], [a].[TwoFactorEnabled], [a].[UserName]
FROM [AspNetUsers] AS [a]
WHERE [a].[Id] = @p
2026-08-16 18:47:06.950 +03:00 [INF] Executed DbCommand (2ms) [Parameters=[@user_Id='?' (Size = 450)], CommandType='"Text"', CommandTimeout='30']
SELECT COUNT(*)
FROM [Enrollments] AS [e]
WHERE [e].[StudentId] = @user_Id
2026-08-16 18:47:06.951 +03:00 [INF] Executing ViewResult, running view Dashboard.
2026-08-16 18:47:06.953 +03:00 [INF] Executed ViewResult - view Dashboard executed in 1.5992ms.
2026-08-16 18:47:06.954 +03:00 [INF] Executed action CourseHub.Controllers.StudentController.Dashboard (CourseHub) in 11.714ms
2026-08-16 18:47:06.955 +03:00 [INF] Executed endpoint 'CourseHub.Controllers.StudentController.Dashboard (CourseHub)'
2026-08-16 18:47:06.957 +03:00 [INF] Request finished HTTP/2 GET https://localhost:7242/Student/Dashboard - 200 null text/html; charset=utf-8 19.5305ms
2026-08-16 18:47:06.995 +03:00 [INF] Request starting HTTP/2 GET https://localhost:7242/_vs/browserLink - null null
2026-08-16 18:47:06.996 +03:00 [INF] Request starting HTTP/2 GET https://localhost:7242/_framework/aspnetcore-browser-refresh.js - null null
2026-08-16 18:47:07.000 +03:00 [INF] Request finished HTTP/2 GET https://localhost:7242/_framework/aspnetcore-browser-refresh.js - 200 14923 application/javascript; charset=utf-8 3.9609ms
2026-08-16 18:47:07.001 +03:00 [INF] Request finished HTTP/2 GET https://localhost:7242/_vs/browserLink - 200 null text/javascript; charset=UTF-8 5.9004ms
2026-08-16 18:47:48.063 +03:00 [INF] Request starting HTTP/2 POST https://localhost:7242/Account/Logout - application/x-www-form-urlencoded 225
2026-08-16 18:47:48.068 +03:00 [INF] Executing endpoint 'CourseHub.Controllers.AccountController.Logout (CourseHub)'
2026-08-16 18:47:48.068 +03:00 [INF] Route matched with {action = "Logout", controller = "Account"}. Executing controller action with signature System.Threading.Tasks.Task`1[Microsoft.AspNetCore.Mvc.IActionResult] Logout() on controller CourseHub.Controllers.AccountController (CourseHub).
2026-08-16 18:47:48.070 +03:00 [INF] AuthenticationScheme: Identity.Application signed out.
2026-08-16 18:47:48.070 +03:00 [INF] AuthenticationScheme: Identity.External signed out.
2026-08-16 18:47:48.071 +03:00 [INF] AuthenticationScheme: Identity.TwoFactorUserId signed out.
2026-08-16 18:47:48.071 +03:00 [INF] Executing RedirectResult, redirecting to /.
2026-08-16 18:47:48.072 +03:00 [INF] Executed action CourseHub.Controllers.AccountController.Logout (CourseHub) in 2.7419ms
2026-08-16 18:47:48.073 +03:00 [INF] Executed endpoint 'CourseHub.Controllers.AccountController.Logout (CourseHub)'
2026-08-16 18:47:48.074 +03:00 [INF] Request finished HTTP/2 POST https://localhost:7242/Account/Logout - 302 null null 10.8075ms
2026-08-16 18:47:48.077 +03:00 [INF] Request starting HTTP/2 GET https://localhost:7242/ - null null
2026-08-16 18:47:48.080 +03:00 [INF] Executing endpoint 'CourseHub.Controllers.HomeController.Index (CourseHub)'
2026-08-16 18:47:48.080 +03:00 [INF] Route matched with {action = "Index", controller = "Home"}. Executing controller action with signature System.Threading.Tasks.Task`1[Microsoft.AspNetCore.Mvc.IActionResult] Index() on controller CourseHub.Controllers.HomeController (CourseHub).
2026-08-16 18:47:48.084 +03:00 [INF] Executed DbCommand (2ms) [Parameters=[], CommandType='"Text"', CommandTimeout='30']
SELECT COUNT(*)
FROM [Courses] AS [c]
2026-08-16 18:47:48.088 +03:00 [INF] Executed DbCommand (2ms) [Parameters=[], CommandType='"Text"', CommandTimeout='30']
SELECT COUNT(*)
FROM [Categories] AS [c]
2026-08-16 18:47:48.090 +03:00 [INF] Executing ViewResult, running view Index.
2026-08-16 18:47:48.091 +03:00 [INF] Executed ViewResult - view Index executed in 1.5123ms.
2026-08-16 18:47:48.092 +03:00 [INF] Executed action CourseHub.Controllers.HomeController.Index (CourseHub) in 10.6774ms
2026-08-16 18:47:48.093 +03:00 [INF] Executed endpoint 'CourseHub.Controllers.HomeController.Index (CourseHub)'
2026-08-16 18:47:48.094 +03:00 [INF] Request finished HTTP/2 GET https://localhost:7242/ - 200 null text/html; charset=utf-8 16.703ms
2026-08-16 18:47:48.360 +03:00 [INF] Request starting HTTP/2 GET https://localhost:7242/_vs/browserLink - null null
2026-08-16 18:47:48.360 +03:00 [INF] Request starting HTTP/2 GET https://localhost:7242/_framework/aspnetcore-browser-refresh.js - null null
2026-08-16 18:47:48.364 +03:00 [INF] Request finished HTTP/2 GET https://localhost:7242/_framework/aspnetcore-browser-refresh.js - 200 14923 application/javascript; charset=utf-8 3.3646ms
2026-08-16 18:47:48.367 +03:00 [INF] Request finished HTTP/2 GET https://localhost:7242/_vs/browserLink - 200 null text/javascript; charset=UTF-8 6.4565ms
2026-08-16 18:47:49.012 +03:00 [INF] Request starting HTTP/2 GET https://localhost:7242/Account/Login - null null
2026-08-16 18:47:49.015 +03:00 [INF] Executing endpoint 'CourseHub.Controllers.AccountController.Login (CourseHub)'
2026-08-16 18:47:49.016 +03:00 [INF] Route matched with {action = "Login", controller = "Account"}. Executing controller action with signature Microsoft.AspNetCore.Mvc.IActionResult Login(System.String) on controller CourseHub.Controllers.AccountController (CourseHub).
2026-08-16 18:47:49.017 +03:00 [INF] Executing ViewResult, running view Login.
2026-08-16 18:47:49.018 +03:00 [INF] Executed ViewResult - view Login executed in 1.3715ms.
2026-08-16 18:47:49.019 +03:00 [INF] Executed action CourseHub.Controllers.AccountController.Login (CourseHub) in 2.4687ms
2026-08-16 18:47:49.020 +03:00 [INF] Executed endpoint 'CourseHub.Controllers.AccountController.Login (CourseHub)'
2026-08-16 18:47:49.021 +03:00 [INF] Request finished HTTP/2 GET https://localhost:7242/Account/Login - 200 null text/html; charset=utf-8 8.5905ms
2026-08-16 18:47:49.161 +03:00 [INF] Request starting HTTP/2 GET https://localhost:7242/_vs/browserLink - null null
2026-08-16 18:47:49.161 +03:00 [INF] Request starting HTTP/2 GET https://localhost:7242/_framework/aspnetcore-browser-refresh.js - null null
2026-08-16 18:47:49.164 +03:00 [INF] Request finished HTTP/2 GET https://localhost:7242/_framework/aspnetcore-browser-refresh.js - 200 14923 application/javascript; charset=utf-8 3.1999ms
2026-08-16 18:47:49.168 +03:00 [INF] Request finished HTTP/2 GET https://localhost:7242/_vs/browserLink - 200 null text/javascript; charset=UTF-8 6.5955ms
2026-08-16 18:47:52.058 +03:00 [INF] Request starting HTTP/2 POST https://localhost:7242/Account/Login - application/x-www-form-urlencoded 259
2026-08-16 18:47:52.061 +03:00 [INF] Executing endpoint 'CourseHub.Controllers.AccountController.Login (CourseHub)'
2026-08-16 18:47:52.061 +03:00 [INF] Route matched with {action = "Login", controller = "Account"}. Executing controller action with signature System.Threading.Tasks.Task`1[Microsoft.AspNetCore.Mvc.IActionResult] Login(CourseHub.ViewModels.LoginViewModel, System.String) on controller CourseHub.Controllers.AccountController (CourseHub).
2026-08-16 18:47:52.067 +03:00 [INF] Executed DbCommand (3ms) [Parameters=[@normalizedEmail='?' (Size = 256)], CommandType='"Text"', CommandTimeout='30']
SELECT TOP(2) [a].[Id], [a].[AccessFailedCount], [a].[ConcurrencyStamp], [a].[Email], [a].[EmailConfirmed], [a].[FullName], [a].[LockoutEnabled], [a].[LockoutEnd], [a].[NormalizedEmail], [a].[NormalizedUserName], [a].[PasswordHash], [a].[PhoneNumber], [a].[PhoneNumberConfirmed], [a].[SecurityStamp], [a].[TwoFactorEnabled], [a].[UserName]
FROM [AspNetUsers] AS [a]
WHERE [a].[NormalizedEmail] = @normalizedEmail
2026-08-16 18:47:52.123 +03:00 [INF] Executed DbCommand (2ms) [Parameters=[@user_Id='?' (Size = 450)], CommandType='"Text"', CommandTimeout='30']
SELECT [a].[Id], [a].[ClaimType], [a].[ClaimValue], [a].[UserId]
FROM [AspNetUserClaims] AS [a]
WHERE [a].[UserId] = @user_Id
2026-08-16 18:47:52.129 +03:00 [INF] Executed DbCommand (3ms) [Parameters=[@userId='?' (Size = 450)], CommandType='"Text"', CommandTimeout='30']
SELECT [a0].[Name]
FROM [AspNetUserRoles] AS [a]
INNER JOIN [AspNetRoles] AS [a0] ON [a].[RoleId] = [a0].[Id]
WHERE [a].[UserId] = @userId
2026-08-16 18:47:52.133 +03:00 [INF] Executed DbCommand (3ms) [Parameters=[@normalizedName='?' (Size = 256)], CommandType='"Text"', CommandTimeout='30']
SELECT TOP(1) [a].[Id], [a].[ConcurrencyStamp], [a].[Name], [a].[NormalizedName]
FROM [AspNetRoles] AS [a]
WHERE [a].[NormalizedName] = @normalizedName
2026-08-16 18:47:52.137 +03:00 [INF] Executed DbCommand (2ms) [Parameters=[@role_Id='?' (Size = 450)], CommandType='"Text"', CommandTimeout='30']
SELECT [a].[ClaimType], [a].[ClaimValue]
FROM [AspNetRoleClaims] AS [a]
WHERE [a].[RoleId] = @role_Id
2026-08-16 18:47:52.138 +03:00 [INF] AuthenticationScheme: Identity.Application signed in.
2026-08-16 18:47:52.142 +03:00 [INF] Executed DbCommand (2ms) [Parameters=[@normalizedRoleName='?' (Size = 256)], CommandType='"Text"', CommandTimeout='30']
SELECT TOP(2) [a].[Id], [a].[ConcurrencyStamp], [a].[Name], [a].[NormalizedName]
FROM [AspNetRoles] AS [a]
WHERE [a].[NormalizedName] = @normalizedRoleName
2026-08-16 18:47:52.146 +03:00 [INF] Executed DbCommand (2ms) [Parameters=[@p='?' (Size = 450), @p1='?' (Size = 450)], CommandType='"Text"', CommandTimeout='30']
SELECT TOP(1) [a].[UserId], [a].[RoleId]
FROM [AspNetUserRoles] AS [a]
WHERE [a].[UserId] = @p AND [a].[RoleId] = @p1
2026-08-16 18:47:52.148 +03:00 [INF] Executing RedirectResult, redirecting to /Admin/Dashboard.
2026-08-16 18:47:52.148 +03:00 [INF] Executed action CourseHub.Controllers.AccountController.Login (CourseHub) in 86.0348ms
2026-08-16 18:47:52.149 +03:00 [INF] Executed endpoint 'CourseHub.Controllers.AccountController.Login (CourseHub)'
2026-08-16 18:47:52.150 +03:00 [INF] Request finished HTTP/2 POST https://localhost:7242/Account/Login - 302 null null 92.5028ms
2026-08-16 18:47:52.154 +03:00 [INF] Request starting HTTP/2 GET https://localhost:7242/Admin/Dashboard - null null
2026-08-16 18:47:52.157 +03:00 [INF] Executing endpoint 'CourseHub.Controllers.AdminController.Dashboard (CourseHub)'
2026-08-16 18:47:52.163 +03:00 [INF] Route matched with {action = "Dashboard", controller = "Admin"}. Executing controller action with signature System.Threading.Tasks.Task`1[Microsoft.AspNetCore.Mvc.IActionResult] Dashboard() on controller CourseHub.Controllers.AdminController (CourseHub).
2026-08-16 18:47:52.175 +03:00 [INF] Executed DbCommand (4ms) [Parameters=[@normalizedRoleName='?' (Size = 256)], CommandType='"Text"', CommandTimeout='30']
SELECT TOP(2) [a].[Id], [a].[ConcurrencyStamp], [a].[Name], [a].[NormalizedName]
FROM [AspNetRoles] AS [a]
WHERE [a].[NormalizedName] = @normalizedRoleName
2026-08-16 18:47:52.190 +03:00 [INF] Executed DbCommand (4ms) [Parameters=[@role_Id='?' (Size = 450)], CommandType='"Text"', CommandTimeout='30']
SELECT [a0].[Id], [a0].[AccessFailedCount], [a0].[ConcurrencyStamp], [a0].[Email], [a0].[EmailConfirmed], [a0].[FullName], [a0].[LockoutEnabled], [a0].[LockoutEnd], [a0].[NormalizedEmail], [a0].[NormalizedUserName], [a0].[PasswordHash], [a0].[PhoneNumber], [a0].[PhoneNumberConfirmed], [a0].[SecurityStamp], [a0].[TwoFactorEnabled], [a0].[UserName]
FROM [AspNetUserRoles] AS [a]
INNER JOIN [AspNetUsers] AS [a0] ON [a].[UserId] = [a0].[Id]
WHERE [a].[RoleId] = @role_Id
2026-08-16 18:47:52.195 +03:00 [INF] Executed DbCommand (3ms) [Parameters=[@normalizedRoleName='?' (Size = 256)], CommandType='"Text"', CommandTimeout='30']
SELECT TOP(2) [a].[Id], [a].[ConcurrencyStamp], [a].[Name], [a].[NormalizedName]
FROM [AspNetRoles] AS [a]
WHERE [a].[NormalizedName] = @normalizedRoleName
2026-08-16 18:47:52.197 +03:00 [INF] Executed DbCommand (0ms) [Parameters=[@role_Id='?' (Size = 450)], CommandType='"Text"', CommandTimeout='30']
SELECT [a0].[Id], [a0].[AccessFailedCount], [a0].[ConcurrencyStamp], [a0].[Email], [a0].[EmailConfirmed], [a0].[FullName], [a0].[LockoutEnabled], [a0].[LockoutEnd], [a0].[NormalizedEmail], [a0].[NormalizedUserName], [a0].[PasswordHash], [a0].[PhoneNumber], [a0].[PhoneNumberConfirmed], [a0].[SecurityStamp], [a0].[TwoFactorEnabled], [a0].[UserName]
FROM [AspNetUserRoles] AS [a]
INNER JOIN [AspNetUsers] AS [a0] ON [a].[UserId] = [a0].[Id]
WHERE [a].[RoleId] = @role_Id
2026-08-16 18:47:52.203 +03:00 [INF] Executed DbCommand (2ms) [Parameters=[], CommandType='"Text"', CommandTimeout='30']
SELECT COUNT(*)
FROM [AspNetUsers] AS [a]
2026-08-16 18:47:52.207 +03:00 [INF] Executed DbCommand (2ms) [Parameters=[], CommandType='"Text"', CommandTimeout='30']
SELECT COUNT(*)
FROM [Courses] AS [c]
2026-08-16 18:47:52.213 +03:00 [INF] Executed DbCommand (2ms) [Parameters=[], CommandType='"Text"', CommandTimeout='30']
SELECT COUNT(*)
FROM [Enrollments] AS [e]
2026-08-16 18:47:52.216 +03:00 [INF] Executing ViewResult, running view Dashboard.
2026-08-16 18:47:52.233 +03:00 [INF] Executed ViewResult - view Dashboard executed in 17.8283ms.
2026-08-16 18:47:52.234 +03:00 [INF] Executed action CourseHub.Controllers.AdminController.Dashboard (CourseHub) in 69.3444ms
2026-08-16 18:47:52.234 +03:00 [INF] Executed endpoint 'CourseHub.Controllers.AdminController.Dashboard (CourseHub)'
2026-08-16 18:47:52.235 +03:00 [INF] Request finished HTTP/2 GET https://localhost:7242/Admin/Dashboard - 200 null text/html; charset=utf-8 81.6837ms
2026-08-16 18:47:52.440 +03:00 [INF] Request starting HTTP/2 GET https://localhost:7242/_vs/browserLink - null null
2026-08-16 18:47:52.444 +03:00 [INF] Request finished HTTP/2 GET https://localhost:7242/_vs/browserLink - 200 null text/javascript; charset=UTF-8 4.3558ms
2026-08-16 18:47:52.448 +03:00 [INF] Request starting HTTP/2 GET https://localhost:7242/_framework/aspnetcore-browser-refresh.js - null null
2026-08-16 18:47:52.450 +03:00 [INF] Request finished HTTP/2 GET https://localhost:7242/_framework/aspnetcore-browser-refresh.js - 200 14923 application/javascript; charset=utf-8 1.8137ms
2026-08-16 18:47:53.896 +03:00 [INF] Request starting HTTP/2 GET https://localhost:7242/Admin/Dashboard - null null
2026-08-16 18:47:53.900 +03:00 [INF] Executing endpoint 'CourseHub.Controllers.AdminController.Dashboard (CourseHub)'
2026-08-16 18:47:53.901 +03:00 [INF] Route matched with {action = "Dashboard", controller = "Admin"}. Executing controller action with signature System.Threading.Tasks.Task`1[Microsoft.AspNetCore.Mvc.IActionResult] Dashboard() on controller CourseHub.Controllers.AdminController (CourseHub).
2026-08-16 18:47:53.906 +03:00 [INF] Executed DbCommand (4ms) [Parameters=[@normalizedRoleName='?' (Size = 256)], CommandType='"Text"', CommandTimeout='30']
SELECT TOP(2) [a].[Id], [a].[ConcurrencyStamp], [a].[Name], [a].[NormalizedName]
FROM [AspNetRoles] AS [a]
WHERE [a].[NormalizedName] = @normalizedRoleName
2026-08-16 18:47:53.914 +03:00 [INF] Executed DbCommand (4ms) [Parameters=[@role_Id='?' (Size = 450)], CommandType='"Text"', CommandTimeout='30']
SELECT [a0].[Id], [a0].[AccessFailedCount], [a0].[ConcurrencyStamp], [a0].[Email], [a0].[EmailConfirmed], [a0].[FullName], [a0].[LockoutEnabled], [a0].[LockoutEnd], [a0].[NormalizedEmail], [a0].[NormalizedUserName], [a0].[PasswordHash], [a0].[PhoneNumber], [a0].[PhoneNumberConfirmed], [a0].[SecurityStamp], [a0].[TwoFactorEnabled], [a0].[UserName]
FROM [AspNetUserRoles] AS [a]
INNER JOIN [AspNetUsers] AS [a0] ON [a].[UserId] = [a0].[Id]
WHERE [a].[RoleId] = @role_Id
2026-08-16 18:47:53.919 +03:00 [INF] Executed DbCommand (3ms) [Parameters=[@normalizedRoleName='?' (Size = 256)], CommandType='"Text"', CommandTimeout='30']
SELECT TOP(2) [a].[Id], [a].[ConcurrencyStamp], [a].[Name], [a].[NormalizedName]
FROM [AspNetRoles] AS [a]
WHERE [a].[NormalizedName] = @normalizedRoleName
2026-08-16 18:47:53.925 +03:00 [INF] Executed DbCommand (4ms) [Parameters=[@role_Id='?' (Size = 450)], CommandType='"Text"', CommandTimeout='30']
SELECT [a0].[Id], [a0].[AccessFailedCount], [a0].[ConcurrencyStamp], [a0].[Email], [a0].[EmailConfirmed], [a0].[FullName], [a0].[LockoutEnabled], [a0].[LockoutEnd], [a0].[NormalizedEmail], [a0].[NormalizedUserName], [a0].[PasswordHash], [a0].[PhoneNumber], [a0].[PhoneNumberConfirmed], [a0].[SecurityStamp], [a0].[TwoFactorEnabled], [a0].[UserName]
FROM [AspNetUserRoles] AS [a]
INNER JOIN [AspNetUsers] AS [a0] ON [a].[UserId] = [a0].[Id]
WHERE [a].[RoleId] = @role_Id
2026-08-16 18:47:53.929 +03:00 [INF] Executed DbCommand (2ms) [Parameters=[], CommandType='"Text"', CommandTimeout='30']
SELECT COUNT(*)
FROM [AspNetUsers] AS [a]
2026-08-16 18:47:53.931 +03:00 [INF] Executed DbCommand (1ms) [Parameters=[], CommandType='"Text"', CommandTimeout='30']
SELECT COUNT(*)
FROM [Courses] AS [c]
2026-08-16 18:47:53.934 +03:00 [INF] Executed DbCommand (1ms) [Parameters=[], CommandType='"Text"', CommandTimeout='30']
SELECT COUNT(*)
FROM [Enrollments] AS [e]
2026-08-16 18:47:53.936 +03:00 [INF] Executing ViewResult, running view Dashboard.
2026-08-16 18:47:53.937 +03:00 [INF] Executed ViewResult - view Dashboard executed in 1.3568ms.
2026-08-16 18:47:53.938 +03:00 [INF] Executed action CourseHub.Controllers.AdminController.Dashboard (CourseHub) in 36.2209ms
2026-08-16 18:47:53.939 +03:00 [INF] Executed endpoint 'CourseHub.Controllers.AdminController.Dashboard (CourseHub)'
2026-08-16 18:47:53.940 +03:00 [INF] Request finished HTTP/2 GET https://localhost:7242/Admin/Dashboard - 200 null text/html; charset=utf-8 43.9703ms
2026-08-16 18:47:53.978 +03:00 [INF] Request starting HTTP/2 GET https://localhost:7242/_vs/browserLink - null null
2026-08-16 18:47:53.978 +03:00 [INF] Request starting HTTP/2 GET https://localhost:7242/_framework/aspnetcore-browser-refresh.js - null null
2026-08-16 18:47:53.982 +03:00 [INF] Request finished HTTP/2 GET https://localhost:7242/_framework/aspnetcore-browser-refresh.js - 200 14923 application/javascript; charset=utf-8 3.4543ms
2026-08-16 18:47:53.984 +03:00 [INF] Request finished HTTP/2 GET https://localhost:7242/_vs/browserLink - 200 null text/javascript; charset=UTF-8 5.4871ms
2026-08-16 19:00:00.140 +03:00 [INF] Starting CourseHub application...
2026-08-16 19:00:00.610 +03:00 [INF] User profile is available. Using 'C:\Users\ayman\AppData\Local\ASP.NET\DataProtection-Keys' as key repository and Windows DPAPI to encrypt keys at rest.
2026-08-16 19:00:01.115 +03:00 [WRN] No store type was specified for the decimal property 'Price' on entity type 'Course'. This will cause values to be silently truncated if they do not fit in the default precision and scale. Explicitly specify the SQL server column type that can accommodate all the values in 'OnModelCreating' using 'HasColumnType', specify precision and scale using 'HasPrecision', or configure a value converter using 'HasConversion'.
2026-08-16 19:00:01.737 +03:00 [INF] Executed DbCommand (44ms) [Parameters=[@normalizedName='?' (Size = 256)], CommandType='"Text"', CommandTimeout='30']
SELECT TOP(1) [a].[Id], [a].[ConcurrencyStamp], [a].[Name], [a].[NormalizedName]
FROM [AspNetRoles] AS [a]
WHERE [a].[NormalizedName] = @normalizedName
2026-08-16 19:00:01.809 +03:00 [INF] Executed DbCommand (3ms) [Parameters=[@normalizedName='?' (Size = 256)], CommandType='"Text"', CommandTimeout='30']
SELECT TOP(1) [a].[Id], [a].[ConcurrencyStamp], [a].[Name], [a].[NormalizedName]
FROM [AspNetRoles] AS [a]
WHERE [a].[NormalizedName] = @normalizedName
2026-08-16 19:00:01.813 +03:00 [INF] Executed DbCommand (2ms) [Parameters=[@normalizedName='?' (Size = 256)], CommandType='"Text"', CommandTimeout='30']
SELECT TOP(1) [a].[Id], [a].[ConcurrencyStamp], [a].[Name], [a].[NormalizedName]
FROM [AspNetRoles] AS [a]
WHERE [a].[NormalizedName] = @normalizedName
2026-08-16 19:00:01.825 +03:00 [INF] Executed DbCommand (3ms) [Parameters=[@normalizedEmail='?' (Size = 256)], CommandType='"Text"', CommandTimeout='30']
SELECT TOP(2) [a].[Id], [a].[AccessFailedCount], [a].[ConcurrencyStamp], [a].[Email], [a].[EmailConfirmed], [a].[FullName], [a].[LockoutEnabled], [a].[LockoutEnd], [a].[NormalizedEmail], [a].[NormalizedUserName], [a].[PasswordHash], [a].[PhoneNumber], [a].[PhoneNumberConfirmed], [a].[SecurityStamp], [a].[TwoFactorEnabled], [a].[UserName]
FROM [AspNetUsers] AS [a]
WHERE [a].[NormalizedEmail] = @normalizedEmail
2026-08-16 19:00:01.856 +03:00 [INF] CourseHub application started successfully.
2026-08-16 19:00:02.106 +03:00 [INF] Now listening on: https://localhost:7242
2026-08-16 19:00:02.109 +03:00 [INF] Now listening on: http://localhost:5164
2026-08-16 19:00:02.163 +03:00 [INF] Application started. Press Ctrl+C to shut down.
2026-08-16 19:00:02.163 +03:00 [INF] Hosting environment: Development
2026-08-16 19:00:02.164 +03:00 [INF] Content root path: D:\Real Projects\Mvc Projects\CourseHub\CourseHub
2026-08-16 19:00:04.576 +03:00 [INF] Request starting HTTP/2 GET https://localhost:7242/ - null null
2026-08-16 19:00:04.690 +03:00 [INF] Executing endpoint 'CourseHub.Controllers.HomeController.Index (CourseHub)'
2026-08-16 19:00:04.703 +03:00 [INF] Route matched with {action = "Index", controller = "Home"}. Executing controller action with signature System.Threading.Tasks.Task`1[Microsoft.AspNetCore.Mvc.IActionResult] Index() on controller CourseHub.Controllers.HomeController (CourseHub).
2026-08-16 19:00:04.798 +03:00 [INF] Executed DbCommand (3ms) [Parameters=[], CommandType='"Text"', CommandTimeout='30']
SELECT COUNT(*)
FROM [Courses] AS [c]
2026-08-16 19:00:04.806 +03:00 [INF] Executed DbCommand (2ms) [Parameters=[], CommandType='"Text"', CommandTimeout='30']
SELECT COUNT(*)
FROM [Categories] AS [c]
2026-08-16 19:00:04.851 +03:00 [INF] Executing ViewResult, running view Index.
2026-08-16 19:00:04.960 +03:00 [INF] Executed ViewResult - view Index executed in 110.4138ms.
2026-08-16 19:00:04.964 +03:00 [INF] Executed action CourseHub.Controllers.HomeController.Index (CourseHub) in 258.6918ms
2026-08-16 19:00:04.965 +03:00 [INF] Executed endpoint 'CourseHub.Controllers.HomeController.Index (CourseHub)'
2026-08-16 19:00:04.976 +03:00 [INF] Request finished HTTP/2 GET https://localhost:7242/ - 200 null text/html; charset=utf-8 405.0999ms
2026-08-16 19:00:04.982 +03:00 [INF] Request starting HTTP/2 GET https://localhost:7242/css/site.css?v=b6IV5EtzygGHuRqFID1oxFHdfxFbAiZW-xrt1Fvp6Xw - null null
2026-08-16 19:00:04.982 +03:00 [INF] Request starting HTTP/2 GET https://localhost:7242/_framework/aspnetcore-browser-refresh.js - null null
2026-08-16 19:00:04.989 +03:00 [INF] The file /css/site.css was not modified
2026-08-16 19:00:04.989 +03:00 [INF] Request finished HTTP/2 GET https://localhost:7242/_framework/aspnetcore-browser-refresh.js - 200 14923 application/javascript; charset=utf-8 7.6447ms
2026-08-16 19:00:04.991 +03:00 [INF] Request finished HTTP/2 GET https://localhost:7242/css/site.css?v=b6IV5EtzygGHuRqFID1oxFHdfxFbAiZW-xrt1Fvp6Xw - 304 null text/css 9.098ms
2026-08-16 19:00:04.999 +03:00 [INF] Request starting HTTP/2 GET https://localhost:7242/_vs/browserLink - null null
2026-08-16 19:00:05.033 +03:00 [INF] Request finished HTTP/2 GET https://localhost:7242/_vs/browserLink - 200 null text/javascript; charset=UTF-8 33.9114ms
