2026-08-15 02:26:50.178 +03:00 [INF] User profile is available. Using 'C:\Users\ayman\AppData\Local\ASP.NET\DataProtection-Keys' as key repository and Windows DPAPI to encrypt keys at rest.
2026-08-15 02:26:50.791 +03:00 [WRN] No store type was specified for the decimal property 'Price' on entity type 'Course'. This will cause values to be silently truncated if they do not fit in the default precision and scale. Explicitly specify the SQL server column type that can accommodate all the values in 'OnModelCreating' using 'HasColumnType', specify precision and scale using 'HasPrecision', or configure a value converter using 'HasConversion'.
2026-08-15 02:26:51.397 +03:00 [INF] Executed DbCommand (37ms) [Parameters=[@normalizedName='?' (Size = 256)], CommandType='"Text"', CommandTimeout='30']
SELECT TOP(1) [a].[Id], [a].[ConcurrencyStamp], [a].[Name], [a].[NormalizedName]
FROM [AspNetRoles] AS [a]
WHERE [a].[NormalizedName] = @normalizedName
2026-08-15 02:26:51.473 +03:00 [INF] Executed DbCommand (4ms) [Parameters=[@normalizedName='?' (Size = 256)], CommandType='"Text"', CommandTimeout='30']
SELECT TOP(1) [a].[Id], [a].[ConcurrencyStamp], [a].[Name], [a].[NormalizedName]
FROM [AspNetRoles] AS [a]
WHERE [a].[NormalizedName] = @normalizedName
2026-08-15 02:26:51.477 +03:00 [INF] Executed DbCommand (2ms) [Parameters=[@normalizedName='?' (Size = 256)], CommandType='"Text"', CommandTimeout='30']
SELECT TOP(1) [a].[Id], [a].[ConcurrencyStamp], [a].[Name], [a].[NormalizedName]
FROM [AspNetRoles] AS [a]
WHERE [a].[NormalizedName] = @normalizedName
2026-08-15 02:26:51.491 +03:00 [INF] Executed DbCommand (2ms) [Parameters=[@normalizedEmail='?' (Size = 256)], CommandType='"Text"', CommandTimeout='30']
SELECT TOP(2) [a].[Id], [a].[AccessFailedCount], [a].[ConcurrencyStamp], [a].[Email], [a].[EmailConfirmed], [a].[FullName], [a].[LockoutEnabled], [a].[LockoutEnd], [a].[NormalizedEmail], [a].[NormalizedUserName], [a].[PasswordHash], [a].[PhoneNumber], [a].[PhoneNumberConfirmed], [a].[SecurityStamp], [a].[TwoFactorEnabled], [a].[UserName]
FROM [AspNetUsers] AS [a]
WHERE [a].[NormalizedEmail] = @normalizedEmail
2026-08-15 02:26:51.658 +03:00 [INF] Now listening on: https://localhost:7242
2026-08-15 02:26:51.659 +03:00 [INF] Now listening on: http://localhost:5164
2026-08-15 02:26:51.699 +03:00 [INF] Application started. Press Ctrl+C to shut down.
2026-08-15 02:26:51.700 +03:00 [INF] Hosting environment: Development
2026-08-15 02:26:51.700 +03:00 [INF] Content root path: D:\Real Projects\Mvc Projects\CourseHub\CourseHub
2026-08-15 02:26:53.579 +03:00 [INF] Request starting HTTP/2 GET https://localhost:7242/ - null null
2026-08-15 02:26:53.680 +03:00 [INF] Executing endpoint 'CourseHub.Controllers.HomeController.Index (CourseHub)'
2026-08-15 02:26:53.694 +03:00 [INF] Route matched with {action = "Index", controller = "Home"}. Executing controller action with signature System.Threading.Tasks.Task`1[Microsoft.AspNetCore.Mvc.IActionResult] Index() on controller CourseHub.Controllers.HomeController (CourseHub).
2026-08-15 02:26:53.776 +03:00 [INF] Executed DbCommand (2ms) [Parameters=[], CommandType='"Text"', CommandTimeout='30']
SELECT COUNT(*)
FROM [Courses] AS [c]
2026-08-15 02:26:53.783 +03:00 [INF] Executed DbCommand (1ms) [Parameters=[], CommandType='"Text"', CommandTimeout='30']
SELECT COUNT(*)
FROM [Categories] AS [c]
2026-08-15 02:26:53.819 +03:00 [INF] Executing ViewResult, running view Index.
2026-08-15 02:26:53.929 +03:00 [INF] Executed ViewResult - view Index executed in 111.4431ms.
2026-08-15 02:26:53.933 +03:00 [INF] Executed action CourseHub.Controllers.HomeController.Index (CourseHub) in 236.7569ms
2026-08-15 02:26:53.935 +03:00 [INF] Executed endpoint 'CourseHub.Controllers.HomeController.Index (CourseHub)'
2026-08-15 02:26:53.945 +03:00 [INF] Request finished HTTP/2 GET https://localhost:7242/ - 200 null text/html; charset=utf-8 371.9814ms
2026-08-15 02:26:53.961 +03:00 [INF] Request starting HTTP/2 GET https://localhost:7242/_framework/aspnetcore-browser-refresh.js - null null
2026-08-15 02:26:53.961 +03:00 [INF] Request starting HTTP/2 GET https://localhost:7242/_vs/browserLink - null null
2026-08-15 02:26:53.968 +03:00 [INF] Request finished HTTP/2 GET https://localhost:7242/_framework/aspnetcore-browser-refresh.js - 200 14923 application/javascript; charset=utf-8 6.6233ms
2026-08-15 02:26:54.012 +03:00 [INF] Request finished HTTP/2 GET https://localhost:7242/_vs/browserLink - 200 null text/javascript; charset=UTF-8 51.1675ms
2026-08-15 02:26:59.607 +03:00 [INF] Request starting HTTP/2 GET https://localhost:7242/Courses - null null
2026-08-15 02:26:59.618 +03:00 [INF] Executing endpoint 'CourseHub.Controllers.CoursesController.Index (CourseHub)'
2026-08-15 02:26:59.632 +03:00 [INF] Route matched with {action = "Index", controller = "Courses"}. Executing controller action with signature System.Threading.Tasks.Task`1[Microsoft.AspNetCore.Mvc.IActionResult] Index(System.String, System.Nullable`1[System.Int32], Int32) on controller CourseHub.Controllers.CoursesController (CourseHub).
2026-08-15 02:26:59.752 +03:00 [WRN] You do not have a valid license key for the Lucky Penny software AutoMapper. This is allowed for development and testing scenarios. If you are running in production you are required to have a licensed version. Please visit https://luckypennysoftware.com to obtain a valid license.
2026-08-15 02:26:59.767 +03:00 [INF] Executed DbCommand (0ms) [Parameters=[], CommandType='"Text"', CommandTimeout='30']
SELECT COUNT(*)
FROM [Courses] AS [c]
2026-08-15 02:26:59.850 +03:00 [INF] Executed DbCommand (20ms) [Parameters=[@p='?' (DbType = Int32), @p1='?' (DbType = Int32)], CommandType='"Text"', CommandTimeout='30']
SELECT [c1].[Id], [c1].[CategoryId], [c1].[CreatedAt], [c1].[Description], [c1].[EnrollmentDeadline], [c1].[ImageUrl], [c1].[InstructorId], [c1].[Price], [c1].[Title], [c0].[Id], [c0].[Name], [a].[Id], [a].[AccessFailedCount], [a].[ConcurrencyStamp], [a].[Email], [a].[EmailConfirmed], [a].[FullName], [a].[LockoutEnabled], [a].[LockoutEnd], [a].[NormalizedEmail], [a].[NormalizedUserName], [a].[PasswordHash], [a].[PhoneNumber], [a].[PhoneNumberConfirmed], [a].[SecurityStamp], [a].[TwoFactorEnabled], [a].[UserName]
FROM (
    SELECT [c].[Id], [c].[CategoryId], [c].[CreatedAt], [c].[Description], [c].[EnrollmentDeadline], [c].[ImageUrl], [c].[InstructorId], [c].[Price], [c].[Title]
    FROM [Courses] AS [c]
    ORDER BY [c].[CreatedAt] DESC
    OFFSET @p ROWS FETCH NEXT @p1 ROWS ONLY
) AS [c1]
INNER JOIN [Categories] AS [c0] ON [c1].[CategoryId] = [c0].[Id]
INNER JOIN [AspNetUsers] AS [a] ON [c1].[InstructorId] = [a].[Id]
ORDER BY [c1].[CreatedAt] DESC
2026-08-15 02:26:59.864 +03:00 [INF] Executed DbCommand (2ms) [Parameters=[], CommandType='"Text"', CommandTimeout='30']
SELECT [c].[Id], [c].[Name]
FROM [Categories] AS [c]
ORDER BY [c].[Name]
2026-08-15 02:26:59.874 +03:00 [INF] Executing ViewResult, running view Index.
2026-08-15 02:26:59.910 +03:00 [INF] Executed ViewResult - view Index executed in 36.7544ms.
2026-08-15 02:26:59.911 +03:00 [INF] Executed action CourseHub.Controllers.CoursesController.Index (CourseHub) in 278.6059ms
2026-08-15 02:26:59.912 +03:00 [INF] Executed endpoint 'CourseHub.Controllers.CoursesController.Index (CourseHub)'
2026-08-15 02:26:59.914 +03:00 [INF] Request finished HTTP/2 GET https://localhost:7242/Courses - 200 null text/html; charset=utf-8 306.8163ms
2026-08-15 02:26:59.945 +03:00 [INF] Request starting HTTP/2 GET https://localhost:7242/_vs/browserLink - null null
2026-08-15 02:26:59.945 +03:00 [INF] Request starting HTTP/2 GET https://localhost:7242/_framework/aspnetcore-browser-refresh.js - null null
2026-08-15 02:26:59.950 +03:00 [INF] Request finished HTTP/2 GET https://localhost:7242/_framework/aspnetcore-browser-refresh.js - 200 14923 application/javascript; charset=utf-8 5.2875ms
2026-08-15 02:26:59.961 +03:00 [INF] Request finished HTTP/2 GET https://localhost:7242/_vs/browserLink - 200 null text/javascript; charset=UTF-8 16.1465ms
2026-08-15 02:27:06.844 +03:00 [INF] Request starting HTTP/2 POST https://localhost:7242/Account/Logout - application/x-www-form-urlencoded 225
2026-08-15 02:27:06.865 +03:00 [INF] Executing endpoint 'CourseHub.Controllers.AccountController.Logout (CourseHub)'
2026-08-15 02:27:06.872 +03:00 [INF] Route matched with {action = "Logout", controller = "Account"}. Executing controller action with signature System.Threading.Tasks.Task`1[Microsoft.AspNetCore.Mvc.IActionResult] Logout() on controller CourseHub.Controllers.AccountController (CourseHub).
2026-08-15 02:27:06.881 +03:00 [INF] AuthenticationScheme: Identity.Application signed out.
2026-08-15 02:27:06.883 +03:00 [INF] AuthenticationScheme: Identity.External signed out.
2026-08-15 02:27:06.884 +03:00 [INF] AuthenticationScheme: Identity.TwoFactorUserId signed out.
2026-08-15 02:27:06.886 +03:00 [INF] Executing RedirectResult, redirecting to /.
2026-08-15 02:27:06.887 +03:00 [INF] Executed action CourseHub.Controllers.AccountController.Logout (CourseHub) in 14.7299ms
2026-08-15 02:27:06.888 +03:00 [INF] Executed endpoint 'CourseHub.Controllers.AccountController.Logout (CourseHub)'
2026-08-15 02:27:06.889 +03:00 [INF] Request finished HTTP/2 POST https://localhost:7242/Account/Logout - 302 null null 45.3149ms
2026-08-15 02:27:06.893 +03:00 [INF] Request starting HTTP/2 GET https://localhost:7242/ - null null
2026-08-15 02:27:06.896 +03:00 [INF] Executing endpoint 'CourseHub.Controllers.HomeController.Index (CourseHub)'
2026-08-15 02:27:06.897 +03:00 [INF] Route matched with {action = "Index", controller = "Home"}. Executing controller action with signature System.Threading.Tasks.Task`1[Microsoft.AspNetCore.Mvc.IActionResult] Index() on controller CourseHub.Controllers.HomeController (CourseHub).
2026-08-15 02:27:06.899 +03:00 [INF] Executed DbCommand (0ms) [Parameters=[], CommandType='"Text"', CommandTimeout='30']
SELECT COUNT(*)
FROM [Courses] AS [c]
2026-08-15 02:27:06.900 +03:00 [INF] Executed DbCommand (0ms) [Parameters=[], CommandType='"Text"', CommandTimeout='30']
SELECT COUNT(*)
FROM [Categories] AS [c]
2026-08-15 02:27:06.902 +03:00 [INF] Executing ViewResult, running view Index.
2026-08-15 02:27:06.907 +03:00 [INF] Executed ViewResult - view Index executed in 5.0572ms.
2026-08-15 02:27:06.908 +03:00 [INF] Executed action CourseHub.Controllers.HomeController.Index (CourseHub) in 10.2006ms
2026-08-15 02:27:06.909 +03:00 [INF] Executed endpoint 'CourseHub.Controllers.HomeController.Index (CourseHub)'
2026-08-15 02:27:06.909 +03:00 [INF] Request finished HTTP/2 GET https://localhost:7242/ - 200 null text/html; charset=utf-8 16.1626ms
2026-08-15 02:27:07.142 +03:00 [INF] Request starting HTTP/2 GET https://localhost:7242/_vs/browserLink - null null
2026-08-15 02:27:07.143 +03:00 [INF] Request starting HTTP/2 GET https://localhost:7242/_framework/aspnetcore-browser-refresh.js - null null
2026-08-15 02:27:07.148 +03:00 [INF] Request finished HTTP/2 GET https://localhost:7242/_framework/aspnetcore-browser-refresh.js - 200 14923 application/javascript; charset=utf-8 5.3174ms
2026-08-15 02:27:07.151 +03:00 [INF] Request finished HTTP/2 GET https://localhost:7242/_vs/browserLink - 200 null text/javascript; charset=UTF-8 9.1684ms
2026-08-15 02:27:08.329 +03:00 [INF] Request starting HTTP/2 GET https://localhost:7242/Account/Login - null null
2026-08-15 02:27:08.345 +03:00 [INF] Executing endpoint 'CourseHub.Controllers.AccountController.Login (CourseHub)'
2026-08-15 02:27:08.347 +03:00 [INF] Route matched with {action = "Login", controller = "Account"}. Executing controller action with signature Microsoft.AspNetCore.Mvc.IActionResult Login(System.String) on controller CourseHub.Controllers.AccountController (CourseHub).
2026-08-15 02:27:08.352 +03:00 [INF] Executing ViewResult, running view Login.
2026-08-15 02:27:08.391 +03:00 [INF] Executed ViewResult - view Login executed in 40.2469ms.
2026-08-15 02:27:08.392 +03:00 [INF] Executed action CourseHub.Controllers.AccountController.Login (CourseHub) in 43.9562ms
2026-08-15 02:27:08.393 +03:00 [INF] Executed endpoint 'CourseHub.Controllers.AccountController.Login (CourseHub)'
2026-08-15 02:27:08.394 +03:00 [INF] Request finished HTTP/2 GET https://localhost:7242/Account/Login - 200 null text/html; charset=utf-8 65.3827ms
2026-08-15 02:27:08.482 +03:00 [INF] Request starting HTTP/2 GET https://localhost:7242/_framework/aspnetcore-browser-refresh.js - null null
2026-08-15 02:27:08.484 +03:00 [INF] Request finished HTTP/2 GET https://localhost:7242/_framework/aspnetcore-browser-refresh.js - 200 14923 application/javascript; charset=utf-8 1.738ms
2026-08-15 02:27:08.522 +03:00 [INF] Request starting HTTP/2 GET https://localhost:7242/_vs/browserLink - null null
2026-08-15 02:27:08.527 +03:00 [INF] Request finished HTTP/2 GET https://localhost:7242/_vs/browserLink - 200 null text/javascript; charset=UTF-8 5.0062ms
2026-08-15 02:27:11.050 +03:00 [INF] Request starting HTTP/2 POST https://localhost:7242/Account/Login - application/x-www-form-urlencoded 259
2026-08-15 02:27:11.054 +03:00 [INF] Executing endpoint 'CourseHub.Controllers.AccountController.Login (CourseHub)'
2026-08-15 02:27:11.061 +03:00 [INF] Route matched with {action = "Login", controller = "Account"}. Executing controller action with signature System.Threading.Tasks.Task`1[Microsoft.AspNetCore.Mvc.IActionResult] Login(CourseHub.ViewModels.LoginViewModel, System.String) on controller CourseHub.Controllers.AccountController (CourseHub).
2026-08-15 02:27:11.076 +03:00 [INF] Executed DbCommand (2ms) [Parameters=[@normalizedEmail='?' (Size = 256)], CommandType='"Text"', CommandTimeout='30']
SELECT TOP(2) [a].[Id], [a].[AccessFailedCount], [a].[ConcurrencyStamp], [a].[Email], [a].[EmailConfirmed], [a].[FullName], [a].[LockoutEnabled], [a].[LockoutEnd], [a].[NormalizedEmail], [a].[NormalizedUserName], [a].[PasswordHash], [a].[PhoneNumber], [a].[PhoneNumberConfirmed], [a].[SecurityStamp], [a].[TwoFactorEnabled], [a].[UserName]
FROM [AspNetUsers] AS [a]
WHERE [a].[NormalizedEmail] = @normalizedEmail
2026-08-15 02:27:11.163 +03:00 [INF] Executed DbCommand (2ms) [Parameters=[@user_Id='?' (Size = 450)], CommandType='"Text"', CommandTimeout='30']
SELECT [a].[Id], [a].[ClaimType], [a].[ClaimValue], [a].[UserId]
FROM [AspNetUserClaims] AS [a]
WHERE [a].[UserId] = @user_Id
2026-08-15 02:27:11.180 +03:00 [INF] Executed DbCommand (3ms) [Parameters=[@userId='?' (Size = 450)], CommandType='"Text"', CommandTimeout='30']
SELECT [a0].[Name]
FROM [AspNetUserRoles] AS [a]
INNER JOIN [AspNetRoles] AS [a0] ON [a].[RoleId] = [a0].[Id]
WHERE [a].[UserId] = @userId
2026-08-15 02:27:11.184 +03:00 [INF] Executed DbCommand (2ms) [Parameters=[@normalizedName='?' (Size = 256)], CommandType='"Text"', CommandTimeout='30']
SELECT TOP(1) [a].[Id], [a].[ConcurrencyStamp], [a].[Name], [a].[NormalizedName]
FROM [AspNetRoles] AS [a]
WHERE [a].[NormalizedName] = @normalizedName
2026-08-15 02:27:11.192 +03:00 [INF] Executed DbCommand (1ms) [Parameters=[@role_Id='?' (Size = 450)], CommandType='"Text"', CommandTimeout='30']
SELECT [a].[ClaimType], [a].[ClaimValue]
FROM [AspNetRoleClaims] AS [a]
WHERE [a].[RoleId] = @role_Id
2026-08-15 02:27:11.198 +03:00 [INF] AuthenticationScheme: Identity.Application signed in.
2026-08-15 02:27:11.208 +03:00 [INF] Executed DbCommand (2ms) [Parameters=[@normalizedRoleName='?' (Size = 256)], CommandType='"Text"', CommandTimeout='30']
SELECT TOP(2) [a].[Id], [a].[ConcurrencyStamp], [a].[Name], [a].[NormalizedName]
FROM [AspNetRoles] AS [a]
WHERE [a].[NormalizedName] = @normalizedRoleName
2026-08-15 02:27:11.228 +03:00 [INF] Executed DbCommand (2ms) [Parameters=[@p='?' (Size = 450), @p1='?' (Size = 450)], CommandType='"Text"', CommandTimeout='30']
SELECT TOP(1) [a].[UserId], [a].[RoleId]
FROM [AspNetUserRoles] AS [a]
WHERE [a].[UserId] = @p AND [a].[RoleId] = @p1
2026-08-15 02:27:11.240 +03:00 [INF] Executing RedirectResult, redirecting to /Admin/Dashboard.
2026-08-15 02:27:11.241 +03:00 [INF] Executed action CourseHub.Controllers.AccountController.Login (CourseHub) in 178.8823ms
2026-08-15 02:27:11.241 +03:00 [INF] Executed endpoint 'CourseHub.Controllers.AccountController.Login (CourseHub)'
2026-08-15 02:27:11.242 +03:00 [INF] Request finished HTTP/2 POST https://localhost:7242/Account/Login - 302 null null 192.0472ms
2026-08-15 02:27:11.246 +03:00 [INF] Request starting HTTP/2 GET https://localhost:7242/Admin/Dashboard - null null
2026-08-15 02:27:11.249 +03:00 [INF] Executing endpoint 'CourseHub.Controllers.AdminController.Dashboard (CourseHub)'
2026-08-15 02:27:11.255 +03:00 [INF] Route matched with {action = "Dashboard", controller = "Admin"}. Executing controller action with signature System.Threading.Tasks.Task`1[Microsoft.AspNetCore.Mvc.IActionResult] Dashboard() on controller CourseHub.Controllers.AdminController (CourseHub).
2026-08-15 02:27:11.261 +03:00 [INF] Executed DbCommand (1ms) [Parameters=[@normalizedRoleName='?' (Size = 256)], CommandType='"Text"', CommandTimeout='30']
SELECT TOP(2) [a].[Id], [a].[ConcurrencyStamp], [a].[Name], [a].[NormalizedName]
FROM [AspNetRoles] AS [a]
WHERE [a].[NormalizedName] = @normalizedRoleName
2026-08-15 02:27:11.272 +03:00 [INF] Executed DbCommand (3ms) [Parameters=[@role_Id='?' (Size = 450)], CommandType='"Text"', CommandTimeout='30']
SELECT [a0].[Id], [a0].[AccessFailedCount], [a0].[ConcurrencyStamp], [a0].[Email], [a0].[EmailConfirmed], [a0].[FullName], [a0].[LockoutEnabled], [a0].[LockoutEnd], [a0].[NormalizedEmail], [a0].[NormalizedUserName], [a0].[PasswordHash], [a0].[PhoneNumber], [a0].[PhoneNumberConfirmed], [a0].[SecurityStamp], [a0].[TwoFactorEnabled], [a0].[UserName]
FROM [AspNetUserRoles] AS [a]
INNER JOIN [AspNetUsers] AS [a0] ON [a].[UserId] = [a0].[Id]
WHERE [a].[RoleId] = @role_Id
2026-08-15 02:27:11.274 +03:00 [INF] Executed DbCommand (0ms) [Parameters=[@normalizedRoleName='?' (Size = 256)], CommandType='"Text"', CommandTimeout='30']
SELECT TOP(2) [a].[Id], [a].[ConcurrencyStamp], [a].[Name], [a].[NormalizedName]
FROM [AspNetRoles] AS [a]
WHERE [a].[NormalizedName] = @normalizedRoleName
2026-08-15 02:27:11.277 +03:00 [INF] Executed DbCommand (0ms) [Parameters=[@role_Id='?' (Size = 450)], CommandType='"Text"', CommandTimeout='30']
SELECT [a0].[Id], [a0].[AccessFailedCount], [a0].[ConcurrencyStamp], [a0].[Email], [a0].[EmailConfirmed], [a0].[FullName], [a0].[LockoutEnabled], [a0].[LockoutEnd], [a0].[NormalizedEmail], [a0].[NormalizedUserName], [a0].[PasswordHash], [a0].[PhoneNumber], [a0].[PhoneNumberConfirmed], [a0].[SecurityStamp], [a0].[TwoFactorEnabled], [a0].[UserName]
FROM [AspNetUserRoles] AS [a]
INNER JOIN [AspNetUsers] AS [a0] ON [a].[UserId] = [a0].[Id]
WHERE [a].[RoleId] = @role_Id
2026-08-15 02:27:11.282 +03:00 [INF] Executed DbCommand (1ms) [Parameters=[], CommandType='"Text"', CommandTimeout='30']
SELECT COUNT(*)
FROM [AspNetUsers] AS [a]
2026-08-15 02:27:11.283 +03:00 [INF] Executed DbCommand (0ms) [Parameters=[], CommandType='"Text"', CommandTimeout='30']
SELECT COUNT(*)
FROM [Courses] AS [c]
2026-08-15 02:27:11.288 +03:00 [INF] Executed DbCommand (2ms) [Parameters=[], CommandType='"Text"', CommandTimeout='30']
SELECT COUNT(*)
FROM [Enrollments] AS [e]
2026-08-15 02:27:11.291 +03:00 [INF] Executing ViewResult, running view Dashboard.
2026-08-15 02:27:11.300 +03:00 [INF] Executed ViewResult - view Dashboard executed in 9.7328ms.
2026-08-15 02:27:11.301 +03:00 [INF] Executed action CourseHub.Controllers.AdminController.Dashboard (CourseHub) in 44.7568ms
2026-08-15 02:27:11.301 +03:00 [INF] Executed endpoint 'CourseHub.Controllers.AdminController.Dashboard (CourseHub)'
2026-08-15 02:27:11.303 +03:00 [INF] Request finished HTTP/2 GET https://localhost:7242/Admin/Dashboard - 200 null text/html; charset=utf-8 56.8318ms
2026-08-15 02:27:11.488 +03:00 [INF] Request starting HTTP/2 GET https://localhost:7242/_vs/browserLink - null null
2026-08-15 02:27:11.488 +03:00 [INF] Request starting HTTP/2 GET https://localhost:7242/_framework/aspnetcore-browser-refresh.js - null null
2026-08-15 02:27:11.492 +03:00 [INF] Request finished HTTP/2 GET https://localhost:7242/_framework/aspnetcore-browser-refresh.js - 200 14923 application/javascript; charset=utf-8 3.2619ms
2026-08-15 02:27:11.493 +03:00 [INF] Request finished HTTP/2 GET https://localhost:7242/_vs/browserLink - 200 null text/javascript; charset=UTF-8 4.6825ms
2026-08-15 02:27:14.168 +03:00 [INF] Request starting HTTP/2 GET https://localhost:7242/Admin/Courses - null null
2026-08-15 02:27:14.174 +03:00 [INF] Executing endpoint 'CourseHub.Controllers.AdminController.Courses (CourseHub)'
2026-08-15 02:27:14.179 +03:00 [INF] Route matched with {action = "Courses", controller = "Admin"}. Executing controller action with signature System.Threading.Tasks.Task`1[Microsoft.AspNetCore.Mvc.IActionResult] Courses() on controller CourseHub.Controllers.AdminController (CourseHub).
2026-08-15 02:27:14.194 +03:00 [INF] Executed DbCommand (5ms) [Parameters=[], CommandType='"Text"', CommandTimeout='30']
SELECT [c].[Id], [c].[CategoryId], [c].[CreatedAt], [c].[Description], [c].[EnrollmentDeadline], [c].[ImageUrl], [c].[InstructorId], [c].[Price], [c].[Title], [c0].[Id], [c0].[Name], [a].[Id], [a].[AccessFailedCount], [a].[ConcurrencyStamp], [a].[Email], [a].[EmailConfirmed], [a].[FullName], [a].[LockoutEnabled], [a].[LockoutEnd], [a].[NormalizedEmail], [a].[NormalizedUserName], [a].[PasswordHash], [a].[PhoneNumber], [a].[PhoneNumberConfirmed], [a].[SecurityStamp], [a].[TwoFactorEnabled], [a].[UserName]
FROM [Courses] AS [c]
INNER JOIN [Categories] AS [c0] ON [c].[CategoryId] = [c0].[Id]
INNER JOIN [AspNetUsers] AS [a] ON [c].[InstructorId] = [a].[Id]
ORDER BY [c].[CreatedAt] DESC
2026-08-15 02:27:14.200 +03:00 [INF] Executing ViewResult, running view Courses.
2026-08-15 02:27:14.207 +03:00 [INF] Executed ViewResult - view Courses executed in 8.4453ms.
2026-08-15 02:27:14.208 +03:00 [INF] Executed action CourseHub.Controllers.AdminController.Courses (CourseHub) in 28.214ms
2026-08-15 02:27:14.209 +03:00 [INF] Executed endpoint 'CourseHub.Controllers.AdminController.Courses (CourseHub)'
2026-08-15 02:27:14.210 +03:00 [INF] Request finished HTTP/2 GET https://localhost:7242/Admin/Courses - 200 null text/html; charset=utf-8 41.6992ms
2026-08-15 02:27:14.244 +03:00 [INF] Request starting HTTP/2 GET https://localhost:7242/_vs/browserLink - null null
2026-08-15 02:27:14.245 +03:00 [INF] Request starting HTTP/2 GET https://localhost:7242/_framework/aspnetcore-browser-refresh.js - null null
2026-08-15 02:27:14.248 +03:00 [INF] Request finished HTTP/2 GET https://localhost:7242/_framework/aspnetcore-browser-refresh.js - 200 14923 application/javascript; charset=utf-8 3.1285ms
2026-08-15 02:27:14.250 +03:00 [INF] Request finished HTTP/2 GET https://localhost:7242/_vs/browserLink - 200 null text/javascript; charset=UTF-8 5.8391ms
2026-08-15 02:27:18.349 +03:00 [INF] Request starting HTTP/2 GET https://localhost:7242/Admin/Dashboard - null null
2026-08-15 02:27:18.352 +03:00 [INF] Executing endpoint 'CourseHub.Controllers.AdminController.Dashboard (CourseHub)'
2026-08-15 02:27:18.352 +03:00 [INF] Route matched with {action = "Dashboard", controller = "Admin"}. Executing controller action with signature System.Threading.Tasks.Task`1[Microsoft.AspNetCore.Mvc.IActionResult] Dashboard() on controller CourseHub.Controllers.AdminController (CourseHub).
2026-08-15 02:27:18.354 +03:00 [INF] Executed DbCommand (0ms) [Parameters=[@normalizedRoleName='?' (Size = 256)], CommandType='"Text"', CommandTimeout='30']
SELECT TOP(2) [a].[Id], [a].[ConcurrencyStamp], [a].[Name], [a].[NormalizedName]
FROM [AspNetRoles] AS [a]
WHERE [a].[NormalizedName] = @normalizedRoleName
2026-08-15 02:27:18.356 +03:00 [INF] Executed DbCommand (0ms) [Parameters=[@role_Id='?' (Size = 450)], CommandType='"Text"', CommandTimeout='30']
SELECT [a0].[Id], [a0].[AccessFailedCount], [a0].[ConcurrencyStamp], [a0].[Email], [a0].[EmailConfirmed], [a0].[FullName], [a0].[LockoutEnabled], [a0].[LockoutEnd], [a0].[NormalizedEmail], [a0].[NormalizedUserName], [a0].[PasswordHash], [a0].[PhoneNumber], [a0].[PhoneNumberConfirmed], [a0].[SecurityStamp], [a0].[TwoFactorEnabled], [a0].[UserName]
FROM [AspNetUserRoles] AS [a]
INNER JOIN [AspNetUsers] AS [a0] ON [a].[UserId] = [a0].[Id]
WHERE [a].[RoleId] = @role_Id
2026-08-15 02:27:18.358 +03:00 [INF] Executed DbCommand (0ms) [Parameters=[@normalizedRoleName='?' (Size = 256)], CommandType='"Text"', CommandTimeout='30']
SELECT TOP(2) [a].[Id], [a].[ConcurrencyStamp], [a].[Name], [a].[NormalizedName]
FROM [AspNetRoles] AS [a]
WHERE [a].[NormalizedName] = @normalizedRoleName
2026-08-15 02:27:18.359 +03:00 [INF] Executed DbCommand (0ms) [Parameters=[@role_Id='?' (Size = 450)], CommandType='"Text"', CommandTimeout='30']
SELECT [a0].[Id], [a0].[AccessFailedCount], [a0].[ConcurrencyStamp], [a0].[Email], [a0].[EmailConfirmed], [a0].[FullName], [a0].[LockoutEnabled], [a0].[LockoutEnd], [a0].[NormalizedEmail], [a0].[NormalizedUserName], [a0].[PasswordHash], [a0].[PhoneNumber], [a0].[PhoneNumberConfirmed], [a0].[SecurityStamp], [a0].[TwoFactorEnabled], [a0].[UserName]
FROM [AspNetUserRoles] AS [a]
INNER JOIN [AspNetUsers] AS [a0] ON [a].[UserId] = [a0].[Id]
WHERE [a].[RoleId] = @role_Id
2026-08-15 02:27:18.361 +03:00 [INF] Executed DbCommand (0ms) [Parameters=[], CommandType='"Text"', CommandTimeout='30']
SELECT COUNT(*)
FROM [AspNetUsers] AS [a]
2026-08-15 02:27:18.362 +03:00 [INF] Executed DbCommand (0ms) [Parameters=[], CommandType='"Text"', CommandTimeout='30']
SELECT COUNT(*)
FROM [Courses] AS [c]
2026-08-15 02:27:18.363 +03:00 [INF] Executed DbCommand (0ms) [Parameters=[], CommandType='"Text"', CommandTimeout='30']
SELECT COUNT(*)
FROM [Enrollments] AS [e]
2026-08-15 02:27:18.364 +03:00 [INF] Executing ViewResult, running view Dashboard.
2026-08-15 02:27:18.366 +03:00 [INF] Executed ViewResult - view Dashboard executed in 1.6029ms.
2026-08-15 02:27:18.366 +03:00 [INF] Executed action CourseHub.Controllers.AdminController.Dashboard (CourseHub) in 13.2232ms
2026-08-15 02:27:18.367 +03:00 [INF] Executed endpoint 'CourseHub.Controllers.AdminController.Dashboard (CourseHub)'
2026-08-15 02:27:18.368 +03:00 [INF] Request finished HTTP/2 GET https://localhost:7242/Admin/Dashboard - 200 null text/html; charset=utf-8 19.4137ms
2026-08-15 02:27:18.402 +03:00 [INF] Request starting HTTP/2 GET https://localhost:7242/_vs/browserLink - null null
2026-08-15 02:27:18.403 +03:00 [INF] Request starting HTTP/2 GET https://localhost:7242/_framework/aspnetcore-browser-refresh.js - null null
2026-08-15 02:27:18.406 +03:00 [INF] Request finished HTTP/2 GET https://localhost:7242/_framework/aspnetcore-browser-refresh.js - 200 14923 application/javascript; charset=utf-8 2.5713ms
2026-08-15 02:27:18.407 +03:00 [INF] Request finished HTTP/2 GET https://localhost:7242/_vs/browserLink - 200 null text/javascript; charset=UTF-8 5.3722ms
2026-08-15 02:27:22.915 +03:00 [INF] Request starting HTTP/2 GET https://localhost:7242/Admin/Courses - null null
2026-08-15 02:27:22.918 +03:00 [INF] Executing endpoint 'CourseHub.Controllers.AdminController.Courses (CourseHub)'
2026-08-15 02:27:22.919 +03:00 [INF] Route matched with {action = "Courses", controller = "Admin"}. Executing controller action with signature System.Threading.Tasks.Task`1[Microsoft.AspNetCore.Mvc.IActionResult] Courses() on controller CourseHub.Controllers.AdminController (CourseHub).
2026-08-15 02:27:22.922 +03:00 [INF] Executed DbCommand (1ms) [Parameters=[], CommandType='"Text"', CommandTimeout='30']
SELECT [c].[Id], [c].[CategoryId], [c].[CreatedAt], [c].[Description], [c].[EnrollmentDeadline], [c].[ImageUrl], [c].[InstructorId], [c].[Price], [c].[Title], [c0].[Id], [c0].[Name], [a].[Id], [a].[AccessFailedCount], [a].[ConcurrencyStamp], [a].[Email], [a].[EmailConfirmed], [a].[FullName], [a].[LockoutEnabled], [a].[LockoutEnd], [a].[NormalizedEmail], [a].[NormalizedUserName], [a].[PasswordHash], [a].[PhoneNumber], [a].[PhoneNumberConfirmed], [a].[SecurityStamp], [a].[TwoFactorEnabled], [a].[UserName]
FROM [Courses] AS [c]
INNER JOIN [Categories] AS [c0] ON [c].[CategoryId] = [c0].[Id]
INNER JOIN [AspNetUsers] AS [a] ON [c].[InstructorId] = [a].[Id]
ORDER BY [c].[CreatedAt] DESC
2026-08-15 02:27:22.923 +03:00 [INF] Executing ViewResult, running view Courses.
2026-08-15 02:27:22.926 +03:00 [INF] Executed ViewResult - view Courses executed in 2.9736ms.
2026-08-15 02:27:22.927 +03:00 [INF] Executed action CourseHub.Controllers.AdminController.Courses (CourseHub) in 6.9477ms
2026-08-15 02:27:22.928 +03:00 [INF] Executed endpoint 'CourseHub.Controllers.AdminController.Courses (CourseHub)'
2026-08-15 02:27:22.928 +03:00 [INF] Request finished HTTP/2 GET https://localhost:7242/Admin/Courses - 200 null text/html; charset=utf-8 13.3058ms
2026-08-15 02:27:23.074 +03:00 [INF] Request starting HTTP/2 GET https://localhost:7242/_vs/browserLink - null null
2026-08-15 02:27:23.076 +03:00 [INF] Request starting HTTP/2 GET https://localhost:7242/_framework/aspnetcore-browser-refresh.js - null null
2026-08-15 02:27:23.078 +03:00 [INF] Request finished HTTP/2 GET https://localhost:7242/_framework/aspnetcore-browser-refresh.js - 200 14923 application/javascript; charset=utf-8 2.3227ms
2026-08-15 02:27:23.079 +03:00 [INF] Request finished HTTP/2 GET https://localhost:7242/_vs/browserLink - 200 null text/javascript; charset=UTF-8 4.8447ms
2026-08-15 02:27:31.719 +03:00 [INF] Request starting HTTP/2 GET https://localhost:7242/Admin/Dashboard - null null
2026-08-15 02:27:31.722 +03:00 [INF] Executing endpoint 'CourseHub.Controllers.AdminController.Dashboard (CourseHub)'
2026-08-15 02:27:31.723 +03:00 [INF] Route matched with {action = "Dashboard", controller = "Admin"}. Executing controller action with signature System.Threading.Tasks.Task`1[Microsoft.AspNetCore.Mvc.IActionResult] Dashboard() on controller CourseHub.Controllers.AdminController (CourseHub).
2026-08-15 02:27:31.726 +03:00 [INF] Executed DbCommand (1ms) [Parameters=[@normalizedRoleName='?' (Size = 256)], CommandType='"Text"', CommandTimeout='30']
SELECT TOP(2) [a].[Id], [a].[ConcurrencyStamp], [a].[Name], [a].[NormalizedName]
FROM [AspNetRoles] AS [a]
WHERE [a].[NormalizedName] = @normalizedRoleName
2026-08-15 02:27:31.728 +03:00 [INF] Executed DbCommand (0ms) [Parameters=[@role_Id='?' (Size = 450)], CommandType='"Text"', CommandTimeout='30']
SELECT [a0].[Id], [a0].[AccessFailedCount], [a0].[ConcurrencyStamp], [a0].[Email], [a0].[EmailConfirmed], [a0].[FullName], [a0].[LockoutEnabled], [a0].[LockoutEnd], [a0].[NormalizedEmail], [a0].[NormalizedUserName], [a0].[PasswordHash], [a0].[PhoneNumber], [a0].[PhoneNumberConfirmed], [a0].[SecurityStamp], [a0].[TwoFactorEnabled], [a0].[UserName]
FROM [AspNetUserRoles] AS [a]
INNER JOIN [AspNetUsers] AS [a0] ON [a].[UserId] = [a0].[Id]
WHERE [a].[RoleId] = @role_Id
2026-08-15 02:27:31.729 +03:00 [INF] Executed DbCommand (0ms) [Parameters=[@normalizedRoleName='?' (Size = 256)], CommandType='"Text"', CommandTimeout='30']
SELECT TOP(2) [a].[Id], [a].[ConcurrencyStamp], [a].[Name], [a].[NormalizedName]
FROM [AspNetRoles] AS [a]
WHERE [a].[NormalizedName] = @normalizedRoleName
2026-08-15 02:27:31.731 +03:00 [INF] Executed DbCommand (0ms) [Parameters=[@role_Id='?' (Size = 450)], CommandType='"Text"', CommandTimeout='30']
SELECT [a0].[Id], [a0].[AccessFailedCount], [a0].[ConcurrencyStamp], [a0].[Email], [a0].[EmailConfirmed], [a0].[FullName], [a0].[LockoutEnabled], [a0].[LockoutEnd], [a0].[NormalizedEmail], [a0].[NormalizedUserName], [a0].[PasswordHash], [a0].[PhoneNumber], [a0].[PhoneNumberConfirmed], [a0].[SecurityStamp], [a0].[TwoFactorEnabled], [a0].[UserName]
FROM [AspNetUserRoles] AS [a]
INNER JOIN [AspNetUsers] AS [a0] ON [a].[UserId] = [a0].[Id]
WHERE [a].[RoleId] = @role_Id
2026-08-15 02:27:31.732 +03:00 [INF] Executed DbCommand (0ms) [Parameters=[], CommandType='"Text"', CommandTimeout='30']
SELECT COUNT(*)
FROM [AspNetUsers] AS [a]
2026-08-15 02:27:31.734 +03:00 [INF] Executed DbCommand (0ms) [Parameters=[], CommandType='"Text"', CommandTimeout='30']
SELECT COUNT(*)
FROM [Courses] AS [c]
2026-08-15 02:27:31.735 +03:00 [INF] Executed DbCommand (0ms) [Parameters=[], CommandType='"Text"', CommandTimeout='30']
SELECT COUNT(*)
FROM [Enrollments] AS [e]
2026-08-15 02:27:31.736 +03:00 [INF] Executing ViewResult, running view Dashboard.
2026-08-15 02:27:31.738 +03:00 [INF] Executed ViewResult - view Dashboard executed in 1.7118ms.
2026-08-15 02:27:31.739 +03:00 [INF] Executed action CourseHub.Controllers.AdminController.Dashboard (CourseHub) in 14.9374ms
2026-08-15 02:27:31.740 +03:00 [INF] Executed endpoint 'CourseHub.Controllers.AdminController.Dashboard (CourseHub)'
2026-08-15 02:27:31.741 +03:00 [INF] Request finished HTTP/2 GET https://localhost:7242/Admin/Dashboard - 200 null text/html; charset=utf-8 21.6999ms
2026-08-15 02:27:31.777 +03:00 [INF] Request starting HTTP/2 GET https://localhost:7242/_vs/browserLink - null null
2026-08-15 02:27:31.777 +03:00 [INF] Request starting HTTP/2 GET https://localhost:7242/_framework/aspnetcore-browser-refresh.js - null null
2026-08-15 02:27:31.780 +03:00 [INF] Request finished HTTP/2 GET https://localhost:7242/_framework/aspnetcore-browser-refresh.js - 200 14923 application/javascript; charset=utf-8 3.151ms
2026-08-15 02:27:31.782 +03:00 [INF] Request finished HTTP/2 GET https://localhost:7242/_vs/browserLink - 200 null text/javascript; charset=UTF-8 4.8616ms
2026-08-15 02:27:35.184 +03:00 [INF] Request starting HTTP/2 GET https://localhost:7242/Admin/Enrollments - null null
2026-08-15 02:27:35.187 +03:00 [INF] Executing endpoint 'CourseHub.Controllers.AdminController.Enrollments (CourseHub)'
2026-08-15 02:27:35.193 +03:00 [INF] Route matched with {action = "Enrollments", controller = "Admin"}. Executing controller action with signature System.Threading.Tasks.Task`1[Microsoft.AspNetCore.Mvc.IActionResult] Enrollments() on controller CourseHub.Controllers.AdminController (CourseHub).
2026-08-15 02:27:35.216 +03:00 [INF] Executed DbCommand (6ms) [Parameters=[], CommandType='"Text"', CommandTimeout='30']
SELECT [e].[Id], [e].[CourseId], [e].[EnrolledAt], [e].[StudentId], [a].[Id], [a].[AccessFailedCount], [a].[ConcurrencyStamp], [a].[Email], [a].[EmailConfirmed], [a].[FullName], [a].[LockoutEnabled], [a].[LockoutEnd], [a].[NormalizedEmail], [a].[NormalizedUserName], [a].[PasswordHash], [a].[PhoneNumber], [a].[PhoneNumberConfirmed], [a].[SecurityStamp], [a].[TwoFactorEnabled], [a].[UserName], [c].[Id], [c].[CategoryId], [c].[CreatedAt], [c].[Description], [c].[EnrollmentDeadline], [c].[ImageUrl], [c].[InstructorId], [c].[Price], [c].[Title]
FROM [Enrollments] AS [e]
INNER JOIN [AspNetUsers] AS [a] ON [e].[StudentId] = [a].[Id]
INNER JOIN [Courses] AS [c] ON [e].[CourseId] = [c].[Id]
ORDER BY [e].[EnrolledAt] DESC
2026-08-15 02:27:35.219 +03:00 [INF] Executing ViewResult, running view Enrollments.
2026-08-15 02:27:35.227 +03:00 [INF] Executed ViewResult - view Enrollments executed in 8.7803ms.
2026-08-15 02:27:35.228 +03:00 [INF] Executed action CourseHub.Controllers.AdminController.Enrollments (CourseHub) in 33.1198ms
2026-08-15 02:27:35.228 +03:00 [INF] Executed endpoint 'CourseHub.Controllers.AdminController.Enrollments (CourseHub)'
2026-08-15 02:27:35.229 +03:00 [INF] Request finished HTTP/2 GET https://localhost:7242/Admin/Enrollments - 200 null text/html; charset=utf-8 45.168ms
2026-08-15 02:27:35.312 +03:00 [INF] Request starting HTTP/2 GET https://localhost:7242/_vs/browserLink - null null
2026-08-15 02:27:35.317 +03:00 [INF] Request finished HTTP/2 GET https://localhost:7242/_vs/browserLink - 200 null text/javascript; charset=UTF-8 4.4163ms
2026-08-15 02:27:35.351 +03:00 [INF] Request starting HTTP/2 GET https://localhost:7242/_framework/aspnetcore-browser-refresh.js - null null
2026-08-15 02:27:35.353 +03:00 [INF] Request finished HTTP/2 GET https://localhost:7242/_framework/aspnetcore-browser-refresh.js - 200 14923 application/javascript; charset=utf-8 1.6943ms
2026-08-15 02:27:36.726 +03:00 [INF] Request starting HTTP/2 GET https://localhost:7242/Admin/Dashboard - null null
2026-08-15 02:27:36.728 +03:00 [INF] Executing endpoint 'CourseHub.Controllers.AdminController.Dashboard (CourseHub)'
2026-08-15 02:27:36.729 +03:00 [INF] Route matched with {action = "Dashboard", controller = "Admin"}. Executing controller action with signature System.Threading.Tasks.Task`1[Microsoft.AspNetCore.Mvc.IActionResult] Dashboard() on controller CourseHub.Controllers.AdminController (CourseHub).
2026-08-15 02:27:36.733 +03:00 [INF] Executed DbCommand (2ms) [Parameters=[@normalizedRoleName='?' (Size = 256)], CommandType='"Text"', CommandTimeout='30']
SELECT TOP(2) [a].[Id], [a].[ConcurrencyStamp], [a].[Name], [a].[NormalizedName]
FROM [AspNetRoles] AS [a]
WHERE [a].[NormalizedName] = @normalizedRoleName
2026-08-15 02:27:36.736 +03:00 [INF] Executed DbCommand (2ms) [Parameters=[@role_Id='?' (Size = 450)], CommandType='"Text"', CommandTimeout='30']
SELECT [a0].[Id], [a0].[AccessFailedCount], [a0].[ConcurrencyStamp], [a0].[Email], [a0].[EmailConfirmed], [a0].[FullName], [a0].[LockoutEnabled], [a0].[LockoutEnd], [a0].[NormalizedEmail], [a0].[NormalizedUserName], [a0].[PasswordHash], [a0].[PhoneNumber], [a0].[PhoneNumberConfirmed], [a0].[SecurityStamp], [a0].[TwoFactorEnabled], [a0].[UserName]
FROM [AspNetUserRoles] AS [a]
INNER JOIN [AspNetUsers] AS [a0] ON [a].[UserId] = [a0].[Id]
WHERE [a].[RoleId] = @role_Id
2026-08-15 02:27:36.738 +03:00 [INF] Executed DbCommand (0ms) [Parameters=[@normalizedRoleName='?' (Size = 256)], CommandType='"Text"', CommandTimeout='30']
SELECT TOP(2) [a].[Id], [a].[ConcurrencyStamp], [a].[Name], [a].[NormalizedName]
FROM [AspNetRoles] AS [a]
WHERE [a].[NormalizedName] = @normalizedRoleName
2026-08-15 02:27:36.739 +03:00 [INF] Executed DbCommand (0ms) [Parameters=[@role_Id='?' (Size = 450)], CommandType='"Text"', CommandTimeout='30']
SELECT [a0].[Id], [a0].[AccessFailedCount], [a0].[ConcurrencyStamp], [a0].[Email], [a0].[EmailConfirmed], [a0].[FullName], [a0].[LockoutEnabled], [a0].[LockoutEnd], [a0].[NormalizedEmail], [a0].[NormalizedUserName], [a0].[PasswordHash], [a0].[PhoneNumber], [a0].[PhoneNumberConfirmed], [a0].[SecurityStamp], [a0].[TwoFactorEnabled], [a0].[UserName]
FROM [AspNetUserRoles] AS [a]
INNER JOIN [AspNetUsers] AS [a0] ON [a].[UserId] = [a0].[Id]
WHERE [a].[RoleId] = @role_Id
2026-08-15 02:27:36.742 +03:00 [INF] Executed DbCommand (1ms) [Parameters=[], CommandType='"Text"', CommandTimeout='30']
SELECT COUNT(*)
FROM [AspNetUsers] AS [a]
2026-08-15 02:27:36.744 +03:00 [INF] Executed DbCommand (1ms) [Parameters=[], CommandType='"Text"', CommandTimeout='30']
SELECT COUNT(*)
FROM [Courses] AS [c]
2026-08-15 02:27:36.746 +03:00 [INF] Executed DbCommand (1ms) [Parameters=[], CommandType='"Text"', CommandTimeout='30']
SELECT COUNT(*)
FROM [Enrollments] AS [e]
2026-08-15 02:27:36.748 +03:00 [INF] Executing ViewResult, running view Dashboard.
2026-08-15 02:27:36.749 +03:00 [INF] Executed ViewResult - view Dashboard executed in 1.6581ms.
2026-08-15 02:27:36.750 +03:00 [INF] Executed action CourseHub.Controllers.AdminController.Dashboard (CourseHub) in 20.0909ms
2026-08-15 02:27:36.751 +03:00 [INF] Executed endpoint 'CourseHub.Controllers.AdminController.Dashboard (CourseHub)'
2026-08-15 02:27:36.752 +03:00 [INF] Request finished HTTP/2 GET https://localhost:7242/Admin/Dashboard - 200 null text/html; charset=utf-8 26.0687ms
2026-08-15 02:27:36.789 +03:00 [INF] Request starting HTTP/2 GET https://localhost:7242/_vs/browserLink - null null
2026-08-15 02:27:36.789 +03:00 [INF] Request starting HTTP/2 GET https://localhost:7242/_framework/aspnetcore-browser-refresh.js - null null
2026-08-15 02:27:36.793 +03:00 [INF] Request finished HTTP/2 GET https://localhost:7242/_framework/aspnetcore-browser-refresh.js - 200 14923 application/javascript; charset=utf-8 3.7594ms
2026-08-15 02:27:36.795 +03:00 [INF] Request finished HTTP/2 GET https://localhost:7242/_vs/browserLink - 200 null text/javascript; charset=UTF-8 5.7246ms
2026-08-15 02:27:40.079 +03:00 [INF] Request starting HTTP/2 POST https://localhost:7242/Account/Logout - application/x-www-form-urlencoded 225
2026-08-15 02:27:40.081 +03:00 [INF] Executing endpoint 'CourseHub.Controllers.AccountController.Logout (CourseHub)'
2026-08-15 02:27:40.082 +03:00 [INF] Route matched with {action = "Logout", controller = "Account"}. Executing controller action with signature System.Threading.Tasks.Task`1[Microsoft.AspNetCore.Mvc.IActionResult] Logout() on controller CourseHub.Controllers.AccountController (CourseHub).
2026-08-15 02:27:40.083 +03:00 [INF] AuthenticationScheme: Identity.Application signed out.
2026-08-15 02:27:40.084 +03:00 [INF] AuthenticationScheme: Identity.External signed out.
2026-08-15 02:27:40.084 +03:00 [INF] AuthenticationScheme: Identity.TwoFactorUserId signed out.
2026-08-15 02:27:40.085 +03:00 [INF] Executing RedirectResult, redirecting to /.
2026-08-15 02:27:40.085 +03:00 [INF] Executed action CourseHub.Controllers.AccountController.Logout (CourseHub) in 2.8269ms
2026-08-15 02:27:40.086 +03:00 [INF] Executed endpoint 'CourseHub.Controllers.AccountController.Logout (CourseHub)'
2026-08-15 02:27:40.087 +03:00 [INF] Request finished HTTP/2 POST https://localhost:7242/Account/Logout - 302 null null 8.0167ms
2026-08-15 02:27:40.090 +03:00 [INF] Request starting HTTP/2 GET https://localhost:7242/ - null null
2026-08-15 02:27:40.092 +03:00 [INF] Executing endpoint 'CourseHub.Controllers.HomeController.Index (CourseHub)'
2026-08-15 02:27:40.093 +03:00 [INF] Route matched with {action = "Index", controller = "Home"}. Executing controller action with signature System.Threading.Tasks.Task`1[Microsoft.AspNetCore.Mvc.IActionResult] Index() on controller CourseHub.Controllers.HomeController (CourseHub).
2026-08-15 02:27:40.095 +03:00 [INF] Executed DbCommand (0ms) [Parameters=[], CommandType='"Text"', CommandTimeout='30']
SELECT COUNT(*)
FROM [Courses] AS [c]
2026-08-15 02:27:40.097 +03:00 [INF] Executed DbCommand (1ms) [Parameters=[], CommandType='"Text"', CommandTimeout='30']
SELECT COUNT(*)
FROM [Categories] AS [c]
2026-08-15 02:27:40.098 +03:00 [INF] Executing ViewResult, running view Index.
2026-08-15 02:27:40.100 +03:00 [INF] Executed ViewResult - view Index executed in 1.4725ms.
2026-08-15 02:27:40.100 +03:00 [INF] Executed action CourseHub.Controllers.HomeController.Index (CourseHub) in 6.6415ms
2026-08-15 02:27:40.101 +03:00 [INF] Executed endpoint 'CourseHub.Controllers.HomeController.Index (CourseHub)'
2026-08-15 02:27:40.102 +03:00 [INF] Request finished HTTP/2 GET https://localhost:7242/ - 200 null text/html; charset=utf-8 11.8682ms
2026-08-15 02:27:40.255 +03:00 [INF] Request starting HTTP/2 GET https://localhost:7242/_vs/browserLink - null null
2026-08-15 02:27:40.259 +03:00 [INF] Request finished HTTP/2 GET https://localhost:7242/_vs/browserLink - 200 null text/javascript; charset=UTF-8 4.0634ms
2026-08-15 02:27:40.300 +03:00 [INF] Request starting HTTP/2 GET https://localhost:7242/_framework/aspnetcore-browser-refresh.js - null null
2026-08-15 02:27:40.302 +03:00 [INF] Request finished HTTP/2 GET https://localhost:7242/_framework/aspnetcore-browser-refresh.js - 200 14923 application/javascript; charset=utf-8 1.7931ms
2026-08-15 02:27:42.227 +03:00 [INF] Request starting HTTP/2 GET https://localhost:7242/Account/Login - null null
2026-08-15 02:27:42.230 +03:00 [INF] Executing endpoint 'CourseHub.Controllers.AccountController.Login (CourseHub)'
2026-08-15 02:27:42.230 +03:00 [INF] Route matched with {action = "Login", controller = "Account"}. Executing controller action with signature Microsoft.AspNetCore.Mvc.IActionResult Login(System.String) on controller CourseHub.Controllers.AccountController (CourseHub).
2026-08-15 02:27:42.232 +03:00 [INF] Executing ViewResult, running view Login.
2026-08-15 02:27:42.234 +03:00 [INF] Executed ViewResult - view Login executed in 2.0129ms.
2026-08-15 02:27:42.234 +03:00 [INF] Executed action CourseHub.Controllers.AccountController.Login (CourseHub) in 3.1999ms
2026-08-15 02:27:42.235 +03:00 [INF] Executed endpoint 'CourseHub.Controllers.AccountController.Login (CourseHub)'
2026-08-15 02:27:42.236 +03:00 [INF] Request finished HTTP/2 GET https://localhost:7242/Account/Login - 200 null text/html; charset=utf-8 8.8377ms
2026-08-15 02:27:42.273 +03:00 [INF] Request starting HTTP/2 GET https://localhost:7242/_vs/browserLink - null null
2026-08-15 02:27:42.273 +03:00 [INF] Request starting HTTP/2 GET https://localhost:7242/_framework/aspnetcore-browser-refresh.js - null null
2026-08-15 02:27:42.277 +03:00 [INF] Request finished HTTP/2 GET https://localhost:7242/_framework/aspnetcore-browser-refresh.js - 200 14923 application/javascript; charset=utf-8 3.2687ms
2026-08-15 02:27:42.278 +03:00 [INF] Request finished HTTP/2 GET https://localhost:7242/_vs/browserLink - 200 null text/javascript; charset=UTF-8 5.1254ms
2026-08-15 02:27:44.447 +03:00 [INF] Request starting HTTP/2 POST https://localhost:7242/Account/Login - application/x-www-form-urlencoded 255
2026-08-15 02:27:44.450 +03:00 [INF] Executing endpoint 'CourseHub.Controllers.AccountController.Login (CourseHub)'
2026-08-15 02:27:44.450 +03:00 [INF] Route matched with {action = "Login", controller = "Account"}. Executing controller action with signature System.Threading.Tasks.Task`1[Microsoft.AspNetCore.Mvc.IActionResult] Login(CourseHub.ViewModels.LoginViewModel, System.String) on controller CourseHub.Controllers.AccountController (CourseHub).
2026-08-15 02:27:44.455 +03:00 [INF] Executed DbCommand (2ms) [Parameters=[@normalizedEmail='?' (Size = 256)], CommandType='"Text"', CommandTimeout='30']
SELECT TOP(2) [a].[Id], [a].[AccessFailedCount], [a].[ConcurrencyStamp], [a].[Email], [a].[EmailConfirmed], [a].[FullName], [a].[LockoutEnabled], [a].[LockoutEnd], [a].[NormalizedEmail], [a].[NormalizedUserName], [a].[PasswordHash], [a].[PhoneNumber], [a].[PhoneNumberConfirmed], [a].[SecurityStamp], [a].[TwoFactorEnabled], [a].[UserName]
FROM [AspNetUsers] AS [a]
WHERE [a].[NormalizedEmail] = @normalizedEmail
2026-08-15 02:27:44.509 +03:00 [INF] Executed DbCommand (1ms) [Parameters=[@user_Id='?' (Size = 450)], CommandType='"Text"', CommandTimeout='30']
SELECT [a].[Id], [a].[ClaimType], [a].[ClaimValue], [a].[UserId]
FROM [AspNetUserClaims] AS [a]
WHERE [a].[UserId] = @user_Id
2026-08-15 02:27:44.513 +03:00 [INF] Executed DbCommand (2ms) [Parameters=[@userId='?' (Size = 450)], CommandType='"Text"', CommandTimeout='30']
SELECT [a0].[Name]
FROM [AspNetUserRoles] AS [a]
INNER JOIN [AspNetRoles] AS [a0] ON [a].[RoleId] = [a0].[Id]
WHERE [a].[UserId] = @userId
2026-08-15 02:27:44.515 +03:00 [INF] Executed DbCommand (1ms) [Parameters=[@normalizedName='?' (Size = 256)], CommandType='"Text"', CommandTimeout='30']
SELECT TOP(1) [a].[Id], [a].[ConcurrencyStamp], [a].[Name], [a].[NormalizedName]
FROM [AspNetRoles] AS [a]
WHERE [a].[NormalizedName] = @normalizedName
2026-08-15 02:27:44.518 +03:00 [INF] Executed DbCommand (1ms) [Parameters=[@role_Id='?' (Size = 450)], CommandType='"Text"', CommandTimeout='30']
SELECT [a].[ClaimType], [a].[ClaimValue]
FROM [AspNetRoleClaims] AS [a]
WHERE [a].[RoleId] = @role_Id
2026-08-15 02:27:44.519 +03:00 [INF] AuthenticationScheme: Identity.Application signed in.
2026-08-15 02:27:44.520 +03:00 [INF] Executed DbCommand (0ms) [Parameters=[@normalizedRoleName='?' (Size = 256)], CommandType='"Text"', CommandTimeout='30']
SELECT TOP(2) [a].[Id], [a].[ConcurrencyStamp], [a].[Name], [a].[NormalizedName]
FROM [AspNetRoles] AS [a]
WHERE [a].[NormalizedName] = @normalizedRoleName
2026-08-15 02:27:44.523 +03:00 [INF] Executed DbCommand (1ms) [Parameters=[@p='?' (Size = 450), @p1='?' (Size = 450)], CommandType='"Text"', CommandTimeout='30']
SELECT TOP(1) [a].[UserId], [a].[RoleId]
FROM [AspNetUserRoles] AS [a]
WHERE [a].[UserId] = @p AND [a].[RoleId] = @p1
2026-08-15 02:27:44.524 +03:00 [INF] Executed DbCommand (0ms) [Parameters=[@normalizedRoleName='?' (Size = 256)], CommandType='"Text"', CommandTimeout='30']
SELECT TOP(2) [a].[Id], [a].[ConcurrencyStamp], [a].[Name], [a].[NormalizedName]
FROM [AspNetRoles] AS [a]
WHERE [a].[NormalizedName] = @normalizedRoleName
2026-08-15 02:27:44.526 +03:00 [INF] Executed DbCommand (0ms) [Parameters=[@p='?' (Size = 450), @p1='?' (Size = 450)], CommandType='"Text"', CommandTimeout='30']
SELECT TOP(1) [a].[UserId], [a].[RoleId]
FROM [AspNetUserRoles] AS [a]
WHERE [a].[UserId] = @p AND [a].[RoleId] = @p1
2026-08-15 02:27:44.527 +03:00 [INF] Executing RedirectResult, redirecting to /Instructor/Dashboard.
2026-08-15 02:27:44.528 +03:00 [INF] Executed action CourseHub.Controllers.AccountController.Login (CourseHub) in 76.6389ms
2026-08-15 02:27:44.529 +03:00 [INF] Executed endpoint 'CourseHub.Controllers.AccountController.Login (CourseHub)'
2026-08-15 02:27:44.529 +03:00 [INF] Request finished HTTP/2 POST https://localhost:7242/Account/Login - 302 null null 82.5452ms
2026-08-15 02:27:44.532 +03:00 [INF] Request starting HTTP/2 GET https://localhost:7242/Instructor/Dashboard - null null
2026-08-15 02:27:44.535 +03:00 [INF] Executing endpoint 'CourseHub.Controllers.InstructorController.Dashboard (CourseHub)'
2026-08-15 02:27:44.542 +03:00 [INF] Route matched with {action = "Dashboard", controller = "Instructor"}. Executing controller action with signature System.Threading.Tasks.Task`1[Microsoft.AspNetCore.Mvc.IActionResult] Dashboard() on controller CourseHub.Controllers.InstructorController (CourseHub).
2026-08-15 02:27:44.553 +03:00 [INF] Executed DbCommand (2ms) [Parameters=[@p='?' (Size = 450)], CommandType='"Text"', CommandTimeout='30']
SELECT TOP(1) [a].[Id], [a].[AccessFailedCount], [a].[ConcurrencyStamp], [a].[Email], [a].[EmailConfirmed], [a].[FullName], [a].[LockoutEnabled], [a].[LockoutEnd], [a].[NormalizedEmail], [a].[NormalizedUserName], [a].[PasswordHash], [a].[PhoneNumber], [a].[PhoneNumberConfirmed], [a].[SecurityStamp], [a].[TwoFactorEnabled], [a].[UserName]
FROM [AspNetUsers] AS [a]
WHERE [a].[Id] = @p
2026-08-15 02:27:44.559 +03:00 [INF] Executed DbCommand (2ms) [Parameters=[@user_Id='?' (Size = 450)], CommandType='"Text"', CommandTimeout='30']
SELECT COUNT(*)
FROM [Courses] AS [c]
WHERE [c].[InstructorId] = @user_Id
2026-08-15 02:27:44.569 +03:00 [INF] Executed DbCommand (5ms) [Parameters=[@user_Id='?' (Size = 450)], CommandType='"Text"', CommandTimeout='30']
SELECT COUNT(*)
FROM [Enrollments] AS [e]
INNER JOIN [Courses] AS [c] ON [e].[CourseId] = [c].[Id]
WHERE [c].[InstructorId] = @user_Id
2026-08-15 02:27:44.583 +03:00 [INF] Executed DbCommand (5ms) [Parameters=[@user_Id='?' (Size = 450)], CommandType='"Text"', CommandTimeout='30']
SELECT COUNT(*)
FROM (
    SELECT DISTINCT [e].[StudentId]
    FROM [Enrollments] AS [e]
    INNER JOIN [Courses] AS [c] ON [e].[CourseId] = [c].[Id]
    WHERE [c].[InstructorId] = @user_Id
) AS [s]
2026-08-15 02:27:44.586 +03:00 [INF] Executing ViewResult, running view Dashboard.
2026-08-15 02:27:44.596 +03:00 [INF] Executed ViewResult - view Dashboard executed in 10.409ms.
2026-08-15 02:27:44.597 +03:00 [INF] Executed action CourseHub.Controllers.InstructorController.Dashboard (CourseHub) in 53.267ms
2026-08-15 02:27:44.597 +03:00 [INF] Executed endpoint 'CourseHub.Controllers.InstructorController.Dashboard (CourseHub)'
2026-08-15 02:27:44.598 +03:00 [INF] Request finished HTTP/2 GET https://localhost:7242/Instructor/Dashboard - 200 null text/html; charset=utf-8 65.647ms
2026-08-15 02:27:44.797 +03:00 [INF] Request starting HTTP/2 GET https://localhost:7242/_vs/browserLink - null null
2026-08-15 02:27:44.800 +03:00 [INF] Request starting HTTP/2 GET https://localhost:7242/_framework/aspnetcore-browser-refresh.js - null null
2026-08-15 02:27:44.801 +03:00 [INF] Request finished HTTP/2 GET https://localhost:7242/_vs/browserLink - 200 null text/javascript; charset=UTF-8 4.374ms
2026-08-15 02:27:44.802 +03:00 [INF] Request finished HTTP/2 GET https://localhost:7242/_framework/aspnetcore-browser-refresh.js - 200 14923 application/javascript; charset=utf-8 1.8727ms
2026-08-15 02:27:46.329 +03:00 [INF] Request starting HTTP/2 GET https://localhost:7242/Instructor/MyCourses - null null
2026-08-15 02:27:46.333 +03:00 [INF] Executing endpoint 'CourseHub.Controllers.InstructorController.MyCourses (CourseHub)'
2026-08-15 02:27:46.340 +03:00 [INF] Route matched with {action = "MyCourses", controller = "Instructor"}. Executing controller action with signature System.Threading.Tasks.Task`1[Microsoft.AspNetCore.Mvc.IActionResult] MyCourses() on controller CourseHub.Controllers.InstructorController (CourseHub).
2026-08-15 02:27:46.344 +03:00 [INF] Executed DbCommand (0ms) [Parameters=[@p='?' (Size = 450)], CommandType='"Text"', CommandTimeout='30']
SELECT TOP(1) [a].[Id], [a].[AccessFailedCount], [a].[ConcurrencyStamp], [a].[Email], [a].[EmailConfirmed], [a].[FullName], [a].[LockoutEnabled], [a].[LockoutEnd], [a].[NormalizedEmail], [a].[NormalizedUserName], [a].[PasswordHash], [a].[PhoneNumber], [a].[PhoneNumberConfirmed], [a].[SecurityStamp], [a].[TwoFactorEnabled], [a].[UserName]
FROM [AspNetUsers] AS [a]
WHERE [a].[Id] = @p
2026-08-15 02:27:46.354 +03:00 [INF] Executed DbCommand (4ms) [Parameters=[@user_Id='?' (Size = 450)], CommandType='"Text"', CommandTimeout='30']
SELECT [c].[Id], [c].[CategoryId], [c].[CreatedAt], [c].[Description], [c].[EnrollmentDeadline], [c].[ImageUrl], [c].[InstructorId], [c].[Price], [c].[Title], [c0].[Id], [c0].[Name]
FROM [Courses] AS [c]
INNER JOIN [Categories] AS [c0] ON [c].[CategoryId] = [c0].[Id]
WHERE [c].[InstructorId] = @user_Id
ORDER BY [c].[CreatedAt] DESC
2026-08-15 02:27:46.356 +03:00 [INF] Executing ViewResult, running view MyCourses.
2026-08-15 02:27:46.362 +03:00 [INF] Executed ViewResult - view MyCourses executed in 6.9865ms.
2026-08-15 02:27:46.364 +03:00 [INF] Executed action CourseHub.Controllers.InstructorController.MyCourses (CourseHub) in 22.8868ms
2026-08-15 02:27:46.365 +03:00 [INF] Executed endpoint 'CourseHub.Controllers.InstructorController.MyCourses (CourseHub)'
2026-08-15 02:27:46.365 +03:00 [INF] Request finished HTTP/2 GET https://localhost:7242/Instructor/MyCourses - 200 null text/html; charset=utf-8 36.0181ms
2026-08-15 02:27:46.400 +03:00 [INF] Request starting HTTP/2 GET https://localhost:7242/_vs/browserLink - null null
2026-08-15 02:27:46.400 +03:00 [INF] Request starting HTTP/2 GET https://localhost:7242/_framework/aspnetcore-browser-refresh.js - null null
2026-08-15 02:27:46.403 +03:00 [INF] Request finished HTTP/2 GET https://localhost:7242/_framework/aspnetcore-browser-refresh.js - 200 14923 application/javascript; charset=utf-8 2.7613ms
2026-08-15 02:27:46.405 +03:00 [INF] Request finished HTTP/2 GET https://localhost:7242/_vs/browserLink - 200 null text/javascript; charset=UTF-8 5.1158ms
2026-08-15 02:27:47.889 +03:00 [INF] Request starting HTTP/2 GET https://localhost:7242/Courses/Create - null null
2026-08-15 02:27:47.892 +03:00 [INF] Executing endpoint 'CourseHub.Controllers.CoursesController.Create (CourseHub)'
2026-08-15 02:27:47.897 +03:00 [INF] Route matched with {action = "Create", controller = "Courses"}. Executing controller action with signature System.Threading.Tasks.Task`1[Microsoft.AspNetCore.Mvc.IActionResult] Create() on controller CourseHub.Controllers.CoursesController (CourseHub).
2026-08-15 02:27:47.915 +03:00 [INF] Executed DbCommand (3ms) [Parameters=[], CommandType='"Text"', CommandTimeout='30']
SELECT CONVERT(varchar(11), [c].[Id]) AS [Value], [c].[Name] AS [Text]
FROM [Categories] AS [c]
ORDER BY [c].[Name]
2026-08-15 02:27:47.918 +03:00 [INF] Executing ViewResult, running view Create.
2026-08-15 02:27:47.951 +03:00 [INF] Executed ViewResult - view Create executed in 33.7813ms.
2026-08-15 02:27:47.952 +03:00 [INF] Executed action CourseHub.Controllers.CoursesController.Create (CourseHub) in 54.0226ms
2026-08-15 02:27:47.953 +03:00 [INF] Executed endpoint 'CourseHub.Controllers.CoursesController.Create (CourseHub)'
2026-08-15 02:27:47.954 +03:00 [INF] Request finished HTTP/2 GET https://localhost:7242/Courses/Create - 200 null text/html; charset=utf-8 64.8939ms
2026-08-15 02:27:48.088 +03:00 [INF] Request starting HTTP/2 GET https://localhost:7242/_framework/aspnetcore-browser-refresh.js - null null
2026-08-15 02:27:48.088 +03:00 [INF] Request starting HTTP/2 GET https://localhost:7242/images/courses/default-course.jpg - null null
2026-08-15 02:27:48.088 +03:00 [INF] Request starting HTTP/2 GET https://localhost:7242/_vs/browserLink - null null
2026-08-15 02:27:48.090 +03:00 [INF] Request finished HTTP/2 GET https://localhost:7242/_framework/aspnetcore-browser-refresh.js - 200 14923 application/javascript; charset=utf-8 1.7165ms
2026-08-15 02:27:48.096 +03:00 [INF] Request finished HTTP/2 GET https://localhost:7242/_vs/browserLink - 200 null text/javascript; charset=UTF-8 8.0517ms
2026-08-15 02:27:48.098 +03:00 [INF] Executing endpoint 'CourseHub.Controllers.ErrorController.StatusCode (CourseHub)'
2026-08-15 02:27:48.101 +03:00 [INF] Route matched with {action = "StatusCode", controller = "Error"}. Executing controller action with signature Microsoft.AspNetCore.Mvc.IActionResult StatusCode(Int32) on controller CourseHub.Controllers.ErrorController (CourseHub).
2026-08-15 02:27:48.107 +03:00 [WRN] HTTP Status Code 404 occurred for /Error/StatusCode
2026-08-15 02:27:48.109 +03:00 [INF] Executing ViewResult, running view StatusCode.
2026-08-15 02:27:48.119 +03:00 [INF] Executed ViewResult - view StatusCode executed in 10.2245ms.
2026-08-15 02:27:48.120 +03:00 [INF] Executed action CourseHub.Controllers.ErrorController.StatusCode (CourseHub) in 18.0286ms
2026-08-15 02:27:48.121 +03:00 [INF] Executed endpoint 'CourseHub.Controllers.ErrorController.StatusCode (CourseHub)'
2026-08-15 02:27:48.122 +03:00 [INF] Request finished HTTP/2 GET https://localhost:7242/images/courses/default-course.jpg - 404 null text/html; charset=utf-8 34.0362ms
2026-08-15 02:27:48.125 +03:00 [INF] Request reached the end of the middleware pipeline without being handled by application code. Request path: GET https://localhost:7242/images/courses/default-course.jpg, Response status code: 404
2026-08-15 02:28:15.702 +03:00 [INF] Request starting HTTP/2 POST https://localhost:7242/Courses/Create - multipart/form-data; boundary=----WebKitFormBoundaryqov3CqtRM6symAjy 1233
2026-08-15 02:28:15.706 +03:00 [INF] Executing endpoint 'CourseHub.Controllers.CoursesController.Create (CourseHub)'
2026-08-15 02:28:15.714 +03:00 [INF] Route matched with {action = "Create", controller = "Courses"}. Executing controller action with signature System.Threading.Tasks.Task`1[Microsoft.AspNetCore.Mvc.IActionResult] Create(CourseHub.ViewModels.CreateCourseViewModel) on controller CourseHub.Controllers.CoursesController (CourseHub).
2026-08-15 02:28:15.743 +03:00 [INF] Executed DbCommand (2ms) [Parameters=[@p='?' (Size = 450)], CommandType='"Text"', CommandTimeout='30']
SELECT TOP(1) [a].[Id], [a].[AccessFailedCount], [a].[ConcurrencyStamp], [a].[Email], [a].[EmailConfirmed], [a].[FullName], [a].[LockoutEnabled], [a].[LockoutEnd], [a].[NormalizedEmail], [a].[NormalizedUserName], [a].[PasswordHash], [a].[PhoneNumber], [a].[PhoneNumberConfirmed], [a].[SecurityStamp], [a].[TwoFactorEnabled], [a].[UserName]
FROM [AspNetUsers] AS [a]
WHERE [a].[Id] = @p
2026-08-15 02:28:15.897 +03:00 [INF] Executed DbCommand (24ms) [Parameters=[@p0='?' (DbType = Int32), @p1='?' (DbType = DateTime2), @p2='?' (Size = 2000), @p3='?' (DbType = DateTime2), @p4='?' (Size = 4000), @p5='?' (Size = 450), @p6='?' (Precision = 18) (Scale = 2) (DbType = Decimal), @p7='?' (Size = 150)], CommandType='"Text"', CommandTimeout='30']
SET IMPLICIT_TRANSACTIONS OFF;
SET NOCOUNT ON;
INSERT INTO [Courses] ([CategoryId], [CreatedAt], [Description], [EnrollmentDeadline], [ImageUrl], [InstructorId], [Price], [Title])
OUTPUT INSERTED.[Id]
VALUES (@p0, @p1, @p2, @p3, @p4, @p5, @p6, @p7);
2026-08-15 02:28:15.920 +03:00 [INF] Executing RedirectResult, redirecting to /Courses.
2026-08-15 02:28:15.921 +03:00 [INF] Executed action CourseHub.Controllers.CoursesController.Create (CourseHub) in 206.1319ms
2026-08-15 02:28:15.921 +03:00 [INF] Executed endpoint 'CourseHub.Controllers.CoursesController.Create (CourseHub)'
2026-08-15 02:28:15.922 +03:00 [INF] Request finished HTTP/2 POST https://localhost:7242/Courses/Create - 302 null null 219.9428ms
2026-08-15 02:28:15.925 +03:00 [INF] Request starting HTTP/2 GET https://localhost:7242/Courses - null null
2026-08-15 02:28:15.928 +03:00 [INF] Executing endpoint 'CourseHub.Controllers.CoursesController.Index (CourseHub)'
2026-08-15 02:28:15.928 +03:00 [INF] Route matched with {action = "Index", controller = "Courses"}. Executing controller action with signature System.Threading.Tasks.Task`1[Microsoft.AspNetCore.Mvc.IActionResult] Index(System.String, System.Nullable`1[System.Int32], Int32) on controller CourseHub.Controllers.CoursesController (CourseHub).
2026-08-15 02:28:15.931 +03:00 [INF] Executed DbCommand (1ms) [Parameters=[], CommandType='"Text"', CommandTimeout='30']
SELECT COUNT(*)
FROM [Courses] AS [c]
2026-08-15 02:28:15.937 +03:00 [INF] Executed DbCommand (5ms) [Parameters=[@p='?' (DbType = Int32), @p1='?' (DbType = Int32)], CommandType='"Text"', CommandTimeout='30']
SELECT [c1].[Id], [c1].[CategoryId], [c1].[CreatedAt], [c1].[Description], [c1].[EnrollmentDeadline], [c1].[ImageUrl], [c1].[InstructorId], [c1].[Price], [c1].[Title], [c0].[Id], [c0].[Name], [a].[Id], [a].[AccessFailedCount], [a].[ConcurrencyStamp], [a].[Email], [a].[EmailConfirmed], [a].[FullName], [a].[LockoutEnabled], [a].[LockoutEnd], [a].[NormalizedEmail], [a].[NormalizedUserName], [a].[PasswordHash], [a].[PhoneNumber], [a].[PhoneNumberConfirmed], [a].[SecurityStamp], [a].[TwoFactorEnabled], [a].[UserName]
FROM (
    SELECT [c].[Id], [c].[CategoryId], [c].[CreatedAt], [c].[Description], [c].[EnrollmentDeadline], [c].[ImageUrl], [c].[InstructorId], [c].[Price], [c].[Title]
    FROM [Courses] AS [c]
    ORDER BY [c].[CreatedAt] DESC
    OFFSET @p ROWS FETCH NEXT @p1 ROWS ONLY
) AS [c1]
INNER JOIN [Categories] AS [c0] ON [c1].[CategoryId] = [c0].[Id]
INNER JOIN [AspNetUsers] AS [a] ON [c1].[InstructorId] = [a].[Id]
ORDER BY [c1].[CreatedAt] DESC
2026-08-15 02:28:15.940 +03:00 [INF] Executed DbCommand (1ms) [Parameters=[], CommandType='"Text"', CommandTimeout='30']
SELECT [c].[Id], [c].[Name]
FROM [Categories] AS [c]
ORDER BY [c].[Name]
2026-08-15 02:28:15.941 +03:00 [INF] Executing ViewResult, running view Index.
2026-08-15 02:28:15.943 +03:00 [INF] Executed ViewResult - view Index executed in 2.1648ms.
2026-08-15 02:28:15.944 +03:00 [INF] Executed action CourseHub.Controllers.CoursesController.Index (CourseHub) in 14.0845ms
2026-08-15 02:28:15.944 +03:00 [INF] Executed endpoint 'CourseHub.Controllers.CoursesController.Index (CourseHub)'
2026-08-15 02:28:15.945 +03:00 [INF] Request finished HTTP/2 GET https://localhost:7242/Courses - 200 null text/html; charset=utf-8 19.8731ms
2026-08-15 02:28:16.156 +03:00 [INF] Request starting HTTP/2 GET https://localhost:7242/_framework/aspnetcore-browser-refresh.js - null null
2026-08-15 02:28:16.156 +03:00 [INF] Request starting HTTP/2 GET https://localhost:7242/images/courses/default-course.jpg - null null
2026-08-15 02:28:16.156 +03:00 [INF] Request starting HTTP/2 GET https://localhost:7242/_vs/browserLink - null null
2026-08-15 02:28:16.158 +03:00 [INF] Request finished HTTP/2 GET https://localhost:7242/_framework/aspnetcore-browser-refresh.js - 200 14923 application/javascript; charset=utf-8 1.9674ms
2026-08-15 02:28:16.161 +03:00 [INF] Executing endpoint 'CourseHub.Controllers.ErrorController.StatusCode (CourseHub)'
2026-08-15 02:28:16.164 +03:00 [INF] Route matched with {action = "StatusCode", controller = "Error"}. Executing controller action with signature Microsoft.AspNetCore.Mvc.IActionResult StatusCode(Int32) on controller CourseHub.Controllers.ErrorController (CourseHub).
2026-08-15 02:28:16.165 +03:00 [INF] Request finished HTTP/2 GET https://localhost:7242/_vs/browserLink - 200 null text/javascript; charset=UTF-8 9.5655ms
2026-08-15 02:28:16.166 +03:00 [WRN] HTTP Status Code 404 occurred for /Error/StatusCode
2026-08-15 02:28:16.168 +03:00 [INF] Executing ViewResult, running view StatusCode.
2026-08-15 02:28:16.169 +03:00 [INF] Executed ViewResult - view StatusCode executed in 1.6035ms.
2026-08-15 02:28:16.170 +03:00 [INF] Executed action CourseHub.Controllers.ErrorController.StatusCode (CourseHub) in 4.8794ms
2026-08-15 02:28:16.171 +03:00 [INF] Executed endpoint 'CourseHub.Controllers.ErrorController.StatusCode (CourseHub)'
2026-08-15 02:28:16.172 +03:00 [INF] Request finished HTTP/2 GET https://localhost:7242/images/courses/default-course.jpg - 404 null text/html; charset=utf-8 16.2438ms
2026-08-15 02:28:16.174 +03:00 [INF] Request reached the end of the middleware pipeline without being handled by application code. Request path: GET https://localhost:7242/images/courses/default-course.jpg, Response status code: 404
2026-08-15 02:28:26.276 +03:00 [INF] Request starting HTTP/2 GET https://localhost:7242/Courses/Create - null null
2026-08-15 02:28:26.278 +03:00 [INF] Executing endpoint 'CourseHub.Controllers.CoursesController.Create (CourseHub)'
2026-08-15 02:28:26.279 +03:00 [INF] Route matched with {action = "Create", controller = "Courses"}. Executing controller action with signature System.Threading.Tasks.Task`1[Microsoft.AspNetCore.Mvc.IActionResult] Create() on controller CourseHub.Controllers.CoursesController (CourseHub).
2026-08-15 02:28:26.283 +03:00 [INF] Executed DbCommand (2ms) [Parameters=[], CommandType='"Text"', CommandTimeout='30']
SELECT CONVERT(varchar(11), [c].[Id]) AS [Value], [c].[Name] AS [Text]
FROM [Categories] AS [c]
ORDER BY [c].[Name]
2026-08-15 02:28:26.284 +03:00 [INF] Executing ViewResult, running view Create.
2026-08-15 02:28:26.286 +03:00 [INF] Executed ViewResult - view Create executed in 2.3245ms.
2026-08-15 02:28:26.287 +03:00 [INF] Executed action CourseHub.Controllers.CoursesController.Create (CourseHub) in 7.1428ms
2026-08-15 02:28:26.288 +03:00 [INF] Executed endpoint 'CourseHub.Controllers.CoursesController.Create (CourseHub)'
2026-08-15 02:28:26.289 +03:00 [INF] Request finished HTTP/2 GET https://localhost:7242/Courses/Create - 200 null text/html; charset=utf-8 12.6838ms
2026-08-15 02:28:26.409 +03:00 [INF] Request starting HTTP/2 GET https://localhost:7242/images/courses/default-course.jpg - null null
2026-08-15 02:28:26.410 +03:00 [INF] Request starting HTTP/2 GET https://localhost:7242/_framework/aspnetcore-browser-refresh.js - null null
2026-08-15 02:28:26.410 +03:00 [INF] Request starting HTTP/2 GET https://localhost:7242/_vs/browserLink - null null
2026-08-15 02:28:26.411 +03:00 [INF] Executing endpoint 'CourseHub.Controllers.ErrorController.StatusCode (CourseHub)'
2026-08-15 02:28:26.411 +03:00 [INF] Request finished HTTP/2 GET https://localhost:7242/_framework/aspnetcore-browser-refresh.js - 200 14923 application/javascript; charset=utf-8 1.7217ms
2026-08-15 02:28:26.413 +03:00 [INF] Route matched with {action = "StatusCode", controller = "Error"}. Executing controller action with signature Microsoft.AspNetCore.Mvc.IActionResult StatusCode(Int32) on controller CourseHub.Controllers.ErrorController (CourseHub).
2026-08-15 02:28:26.417 +03:00 [INF] Request finished HTTP/2 GET https://localhost:7242/_vs/browserLink - 200 null text/javascript; charset=UTF-8 7.5492ms
2026-08-15 02:28:26.418 +03:00 [WRN] HTTP Status Code 404 occurred for /Error/StatusCode
2026-08-15 02:28:26.420 +03:00 [INF] Executing ViewResult, running view StatusCode.
2026-08-15 02:28:26.421 +03:00 [INF] Executed ViewResult - view StatusCode executed in 1.3718ms.
2026-08-15 02:28:26.422 +03:00 [INF] Executed action CourseHub.Controllers.ErrorController.StatusCode (CourseHub) in 4.4221ms
2026-08-15 02:28:26.422 +03:00 [INF] Executed endpoint 'CourseHub.Controllers.ErrorController.StatusCode (CourseHub)'
2026-08-15 02:28:26.423 +03:00 [INF] Request finished HTTP/2 GET https://localhost:7242/images/courses/default-course.jpg - 404 null text/html; charset=utf-8 14.4841ms
2026-08-15 02:28:26.425 +03:00 [INF] Request reached the end of the middleware pipeline without being handled by application code. Request path: GET https://localhost:7242/images/courses/default-course.jpg, Response status code: 404
2026-08-15 02:41:29.237 +03:00 [INF] User profile is available. Using 'C:\Users\ayman\AppData\Local\ASP.NET\DataProtection-Keys' as key repository and Windows DPAPI to encrypt keys at rest.
2026-08-15 02:41:29.806 +03:00 [WRN] No store type was specified for the decimal property 'Price' on entity type 'Course'. This will cause values to be silently truncated if they do not fit in the default precision and scale. Explicitly specify the SQL server column type that can accommodate all the values in 'OnModelCreating' using 'HasColumnType', specify precision and scale using 'HasPrecision', or configure a value converter using 'HasConversion'.
2026-08-15 02:41:30.431 +03:00 [INF] Executed DbCommand (41ms) [Parameters=[@normalizedName='?' (Size = 256)], CommandType='"Text"', CommandTimeout='30']
SELECT TOP(1) [a].[Id], [a].[ConcurrencyStamp], [a].[Name], [a].[NormalizedName]
FROM [AspNetRoles] AS [a]
WHERE [a].[NormalizedName] = @normalizedName
2026-08-15 02:41:30.500 +03:00 [INF] Executed DbCommand (2ms) [Parameters=[@normalizedName='?' (Size = 256)], CommandType='"Text"', CommandTimeout='30']
SELECT TOP(1) [a].[Id], [a].[ConcurrencyStamp], [a].[Name], [a].[NormalizedName]
FROM [AspNetRoles] AS [a]
WHERE [a].[NormalizedName] = @normalizedName
2026-08-15 02:41:30.502 +03:00 [INF] Executed DbCommand (0ms) [Parameters=[@normalizedName='?' (Size = 256)], CommandType='"Text"', CommandTimeout='30']
SELECT TOP(1) [a].[Id], [a].[ConcurrencyStamp], [a].[Name], [a].[NormalizedName]
FROM [AspNetRoles] AS [a]
WHERE [a].[NormalizedName] = @normalizedName
2026-08-15 02:41:30.515 +03:00 [INF] Executed DbCommand (3ms) [Parameters=[@normalizedEmail='?' (Size = 256)], CommandType='"Text"', CommandTimeout='30']
SELECT TOP(2) [a].[Id], [a].[AccessFailedCount], [a].[ConcurrencyStamp], [a].[Email], [a].[EmailConfirmed], [a].[FullName], [a].[LockoutEnabled], [a].[LockoutEnd], [a].[NormalizedEmail], [a].[NormalizedUserName], [a].[PasswordHash], [a].[PhoneNumber], [a].[PhoneNumberConfirmed], [a].[SecurityStamp], [a].[TwoFactorEnabled], [a].[UserName]
FROM [AspNetUsers] AS [a]
WHERE [a].[NormalizedEmail] = @normalizedEmail
2026-08-15 02:41:30.680 +03:00 [INF] Now listening on: https://localhost:7242
2026-08-15 02:41:30.681 +03:00 [INF] Now listening on: http://localhost:5164
2026-08-15 02:41:30.712 +03:00 [INF] Application started. Press Ctrl+C to shut down.
2026-08-15 02:41:30.713 +03:00 [INF] Hosting environment: Development
2026-08-15 02:41:30.714 +03:00 [INF] Content root path: D:\Real Projects\Mvc Projects\CourseHub\CourseHub
2026-08-15 02:41:31.351 +03:00 [INF] Request starting HTTP/2 GET https://localhost:7242/ - null null
2026-08-15 02:41:31.450 +03:00 [INF] Executing endpoint 'CourseHub.Controllers.HomeController.Index (CourseHub)'
2026-08-15 02:41:31.463 +03:00 [INF] Route matched with {action = "Index", controller = "Home"}. Executing controller action with signature System.Threading.Tasks.Task`1[Microsoft.AspNetCore.Mvc.IActionResult] Index() on controller CourseHub.Controllers.HomeController (CourseHub).
2026-08-15 02:41:31.547 +03:00 [INF] Executed DbCommand (2ms) [Parameters=[], CommandType='"Text"', CommandTimeout='30']
SELECT COUNT(*)
FROM [Courses] AS [c]
2026-08-15 02:41:31.554 +03:00 [INF] Executed DbCommand (1ms) [Parameters=[], CommandType='"Text"', CommandTimeout='30']
SELECT COUNT(*)
FROM [Categories] AS [c]
2026-08-15 02:41:31.590 +03:00 [INF] Executing ViewResult, running view Index.
2026-08-15 02:41:31.702 +03:00 [INF] Executed ViewResult - view Index executed in 112.1812ms.
2026-08-15 02:41:31.706 +03:00 [INF] Executed action CourseHub.Controllers.HomeController.Index (CourseHub) in 240.3833ms
2026-08-15 02:41:31.707 +03:00 [INF] Executed endpoint 'CourseHub.Controllers.HomeController.Index (CourseHub)'
2026-08-15 02:41:31.718 +03:00 [INF] Request finished HTTP/2 GET https://localhost:7242/ - 200 null text/html; charset=utf-8 372.1887ms
2026-08-15 02:41:31.729 +03:00 [INF] Request starting HTTP/2 GET https://localhost:7242/_framework/aspnetcore-browser-refresh.js - null null
2026-08-15 02:41:31.730 +03:00 [INF] Request starting HTTP/2 GET https://localhost:7242/_vs/browserLink - null null
2026-08-15 02:41:31.735 +03:00 [INF] Request finished HTTP/2 GET https://localhost:7242/_framework/aspnetcore-browser-refresh.js - 200 14923 application/javascript; charset=utf-8 6.7277ms
2026-08-15 02:41:31.761 +03:00 [INF] Request finished HTTP/2 GET https://localhost:7242/_vs/browserLink - 200 null text/javascript; charset=UTF-8 30.8091ms
2026-08-15 02:41:44.870 +03:00 [INF] Request starting HTTP/2 GET https://localhost:7242/Courses/Create - null null
2026-08-15 02:41:44.885 +03:00 [INF] Executing endpoint 'CourseHub.Controllers.CoursesController.Create (CourseHub)'
2026-08-15 02:41:44.892 +03:00 [INF] Route matched with {action = "Create", controller = "Courses"}. Executing controller action with signature System.Threading.Tasks.Task`1[Microsoft.AspNetCore.Mvc.IActionResult] Create() on controller CourseHub.Controllers.CoursesController (CourseHub).
2026-08-15 02:41:44.972 +03:00 [WRN] You do not have a valid license key for the Lucky Penny software AutoMapper. This is allowed for development and testing scenarios. If you are running in production you are required to have a licensed version. Please visit https://luckypennysoftware.com to obtain a valid license.
2026-08-15 02:41:45.011 +03:00 [INF] Executed DbCommand (2ms) [Parameters=[], CommandType='"Text"', CommandTimeout='30']
SELECT CONVERT(varchar(11), [c].[Id]) AS [Value], [c].[Name] AS [Text]
FROM [Categories] AS [c]
ORDER BY [c].[Name]
2026-08-15 02:41:45.015 +03:00 [INF] Executing ViewResult, running view Create.
2026-08-15 02:41:45.078 +03:00 [INF] Executed ViewResult - view Create executed in 63.1514ms.
2026-08-15 02:41:45.079 +03:00 [INF] Executed action CourseHub.Controllers.CoursesController.Create (CourseHub) in 186.0577ms
2026-08-15 02:41:45.080 +03:00 [INF] Executed endpoint 'CourseHub.Controllers.CoursesController.Create (CourseHub)'
2026-08-15 02:41:45.081 +03:00 [INF] Request finished HTTP/2 GET https://localhost:7242/Courses/Create - 200 null text/html; charset=utf-8 210.6464ms
2026-08-15 02:41:45.116 +03:00 [INF] Request starting HTTP/2 GET https://localhost:7242/_framework/aspnetcore-browser-refresh.js - null null
2026-08-15 02:41:45.116 +03:00 [INF] Request starting HTTP/2 GET https://localhost:7242/_vs/browserLink - null null
2026-08-15 02:41:45.118 +03:00 [INF] Request finished HTTP/2 GET https://localhost:7242/_framework/aspnetcore-browser-refresh.js - 200 14923 application/javascript; charset=utf-8 2.4324ms
2026-08-15 02:41:45.131 +03:00 [INF] Request finished HTTP/2 GET https://localhost:7242/_vs/browserLink - 200 null text/javascript; charset=UTF-8 14.5879ms
2026-08-15 02:42:32.099 +03:00 [INF] Request starting HTTP/2 POST https://localhost:7242/Courses/Create - multipart/form-data; boundary=----WebKitFormBoundaryitCINIc955X9mz1E 1238
2026-08-15 02:42:32.118 +03:00 [INF] Executing endpoint 'CourseHub.Controllers.CoursesController.Create (CourseHub)'
2026-08-15 02:42:32.132 +03:00 [INF] Route matched with {action = "Create", controller = "Courses"}. Executing controller action with signature System.Threading.Tasks.Task`1[Microsoft.AspNetCore.Mvc.IActionResult] Create(CourseHub.ViewModels.CreateCourseViewModel) on controller CourseHub.Controllers.CoursesController (CourseHub).
2026-08-15 02:42:32.188 +03:00 [INF] Executed DbCommand (3ms) [Parameters=[@p='?' (Size = 450)], CommandType='"Text"', CommandTimeout='30']
SELECT TOP(1) [a].[Id], [a].[AccessFailedCount], [a].[ConcurrencyStamp], [a].[Email], [a].[EmailConfirmed], [a].[FullName], [a].[LockoutEnabled], [a].[LockoutEnd], [a].[NormalizedEmail], [a].[NormalizedUserName], [a].[PasswordHash], [a].[PhoneNumber], [a].[PhoneNumberConfirmed], [a].[SecurityStamp], [a].[TwoFactorEnabled], [a].[UserName]
FROM [AspNetUsers] AS [a]
WHERE [a].[Id] = @p
2026-08-15 02:42:32.335 +03:00 [INF] Executed DbCommand (11ms) [Parameters=[@p0='?' (DbType = Int32), @p1='?' (DbType = DateTime2), @p2='?' (Size = 2000), @p3='?' (DbType = DateTime2), @p4='?' (Size = 4000), @p5='?' (Size = 450), @p6='?' (Precision = 18) (Scale = 2) (DbType = Decimal), @p7='?' (Size = 150)], CommandType='"Text"', CommandTimeout='30']
SET IMPLICIT_TRANSACTIONS OFF;
SET NOCOUNT ON;
INSERT INTO [Courses] ([CategoryId], [CreatedAt], [Description], [EnrollmentDeadline], [ImageUrl], [InstructorId], [Price], [Title])
OUTPUT INSERTED.[Id]
VALUES (@p0, @p1, @p2, @p3, @p4, @p5, @p6, @p7);
2026-08-15 02:42:32.358 +03:00 [INF] Executing RedirectResult, redirecting to /Courses.
2026-08-15 02:42:32.360 +03:00 [INF] Executed action CourseHub.Controllers.CoursesController.Create (CourseHub) in 227.0271ms
2026-08-15 02:42:32.360 +03:00 [INF] Executed endpoint 'CourseHub.Controllers.CoursesController.Create (CourseHub)'
2026-08-15 02:42:32.361 +03:00 [INF] Request finished HTTP/2 POST https://localhost:7242/Courses/Create - 302 null null 261.8269ms
2026-08-15 02:42:32.364 +03:00 [INF] Request starting HTTP/2 GET https://localhost:7242/Courses - null null
2026-08-15 02:42:32.367 +03:00 [INF] Executing endpoint 'CourseHub.Controllers.CoursesController.Index (CourseHub)'
2026-08-15 02:42:32.373 +03:00 [INF] Route matched with {action = "Index", controller = "Courses"}. Executing controller action with signature System.Threading.Tasks.Task`1[Microsoft.AspNetCore.Mvc.IActionResult] Index(System.String, System.Nullable`1[System.Int32], Int32) on controller CourseHub.Controllers.CoursesController (CourseHub).
2026-08-15 02:42:32.383 +03:00 [INF] Executed DbCommand (1ms) [Parameters=[], CommandType='"Text"', CommandTimeout='30']
SELECT COUNT(*)
FROM [Courses] AS [c]
2026-08-15 02:42:32.430 +03:00 [INF] Executed DbCommand (4ms) [Parameters=[@p='?' (DbType = Int32), @p1='?' (DbType = Int32)], CommandType='"Text"', CommandTimeout='30']
SELECT [c1].[Id], [c1].[CategoryId], [c1].[CreatedAt], [c1].[Description], [c1].[EnrollmentDeadline], [c1].[ImageUrl], [c1].[InstructorId], [c1].[Price], [c1].[Title], [c0].[Id], [c0].[Name], [a].[Id], [a].[AccessFailedCount], [a].[ConcurrencyStamp], [a].[Email], [a].[EmailConfirmed], [a].[FullName], [a].[LockoutEnabled], [a].[LockoutEnd], [a].[NormalizedEmail], [a].[NormalizedUserName], [a].[PasswordHash], [a].[PhoneNumber], [a].[PhoneNumberConfirmed], [a].[SecurityStamp], [a].[TwoFactorEnabled], [a].[UserName]
FROM (
    SELECT [c].[Id], [c].[CategoryId], [c].[CreatedAt], [c].[Description], [c].[EnrollmentDeadline], [c].[ImageUrl], [c].[InstructorId], [c].[Price], [c].[Title]
    FROM [Courses] AS [c]
    ORDER BY [c].[CreatedAt] DESC
    OFFSET @p ROWS FETCH NEXT @p1 ROWS ONLY
) AS [c1]
INNER JOIN [Categories] AS [c0] ON [c1].[CategoryId] = [c0].[Id]
INNER JOIN [AspNetUsers] AS [a] ON [c1].[InstructorId] = [a].[Id]
ORDER BY [c1].[CreatedAt] DESC
2026-08-15 02:42:32.442 +03:00 [INF] Executed DbCommand (1ms) [Parameters=[], CommandType='"Text"', CommandTimeout='30']
SELECT [c].[Id], [c].[Name]
FROM [Categories] AS [c]
ORDER BY [c].[Name]
2026-08-15 02:42:32.451 +03:00 [INF] Executing ViewResult, running view Index.
2026-08-15 02:42:32.485 +03:00 [INF] Executed ViewResult - view Index executed in 35.0276ms.
2026-08-15 02:42:32.486 +03:00 [INF] Executed action CourseHub.Controllers.CoursesController.Index (CourseHub) in 112.2613ms
2026-08-15 02:42:32.487 +03:00 [INF] Executed endpoint 'CourseHub.Controllers.CoursesController.Index (CourseHub)'
2026-08-15 02:42:32.488 +03:00 [INF] Request finished HTTP/2 GET https://localhost:7242/Courses - 200 null text/html; charset=utf-8 123.9575ms
2026-08-15 02:42:32.521 +03:00 [INF] Request starting HTTP/2 GET https://localhost:7242/images/courses/default-course.png - null null
2026-08-15 02:42:32.521 +03:00 [INF] Request starting HTTP/2 GET https://localhost:7242/images/courses/default-course.jpg - null null
2026-08-15 02:42:32.521 +03:00 [INF] Request starting HTTP/2 GET https://localhost:7242/_framework/aspnetcore-browser-refresh.js - null null
2026-08-15 02:42:32.522 +03:00 [INF] Request starting HTTP/2 GET https://localhost:7242/_vs/browserLink - null null
2026-08-15 02:42:32.527 +03:00 [INF] Request finished HTTP/2 GET https://localhost:7242/_framework/aspnetcore-browser-refresh.js - 200 14923 application/javascript; charset=utf-8 5.5745ms
2026-08-15 02:42:32.563 +03:00 [INF] Executing endpoint 'CourseHub.Controllers.ErrorController.StatusCode (CourseHub)'
2026-08-15 02:42:32.565 +03:00 [INF] Request finished HTTP/2 GET https://localhost:7242/_vs/browserLink - 200 null text/javascript; charset=UTF-8 42.8024ms
2026-08-15 02:42:32.566 +03:00 [INF] Route matched with {action = "StatusCode", controller = "Error"}. Executing controller action with signature Microsoft.AspNetCore.Mvc.IActionResult StatusCode(Int32) on controller CourseHub.Controllers.ErrorController (CourseHub).
2026-08-15 02:42:32.572 +03:00 [WRN] HTTP Status Code 404 occurred for /Error/StatusCode
2026-08-15 02:42:32.575 +03:00 [INF] Executing ViewResult, running view StatusCode.
2026-08-15 02:42:32.585 +03:00 [INF] Executed ViewResult - view StatusCode executed in 10.8261ms.
2026-08-15 02:42:32.586 +03:00 [INF] Executed action CourseHub.Controllers.ErrorController.StatusCode (CourseHub) in 18.9597ms
2026-08-15 02:42:32.587 +03:00 [INF] Executed endpoint 'CourseHub.Controllers.ErrorController.StatusCode (CourseHub)'
2026-08-15 02:42:32.589 +03:00 [INF] Request finished HTTP/2 GET https://localhost:7242/images/courses/default-course.jpg - 404 null text/html; charset=utf-8 67.5277ms
2026-08-15 02:42:32.591 +03:00 [INF] Request reached the end of the middleware pipeline without being handled by application code. Request path: GET https://localhost:7242/images/courses/default-course.jpg, Response status code: 404
2026-08-15 02:42:32.591 +03:00 [INF] Sending file. Request path: '/images/courses/default-course.png'. Physical path: 'D:\Real Projects\Mvc Projects\CourseHub\CourseHub\wwwroot\images\courses\default-course.png'
2026-08-15 02:42:32.592 +03:00 [INF] Request finished HTTP/2 GET https://localhost:7242/images/courses/default-course.png - 200 1666521 image/png 71.2916ms
2026-08-15 02:42:53.708 +03:00 [INF] Request starting HTTP/2 GET https://localhost:7242/Courses/Create - null null
2026-08-15 02:42:53.713 +03:00 [INF] Executing endpoint 'CourseHub.Controllers.CoursesController.Create (CourseHub)'
2026-08-15 02:42:53.713 +03:00 [INF] Route matched with {action = "Create", controller = "Courses"}. Executing controller action with signature System.Threading.Tasks.Task`1[Microsoft.AspNetCore.Mvc.IActionResult] Create() on controller CourseHub.Controllers.CoursesController (CourseHub).
2026-08-15 02:42:53.717 +03:00 [INF] Executed DbCommand (1ms) [Parameters=[], CommandType='"Text"', CommandTimeout='30']
SELECT CONVERT(varchar(11), [c].[Id]) AS [Value], [c].[Name] AS [Text]
FROM [Categories] AS [c]
ORDER BY [c].[Name]
2026-08-15 02:42:53.719 +03:00 [INF] Executing ViewResult, running view Create.
2026-08-15 02:42:53.721 +03:00 [INF] Executed ViewResult - view Create executed in 2.7929ms.
2026-08-15 02:42:53.722 +03:00 [INF] Executed action CourseHub.Controllers.CoursesController.Create (CourseHub) in 7.8987ms
2026-08-15 02:42:53.723 +03:00 [INF] Executed endpoint 'CourseHub.Controllers.CoursesController.Create (CourseHub)'
2026-08-15 02:42:53.724 +03:00 [INF] Request finished HTTP/2 GET https://localhost:7242/Courses/Create - 200 null text/html; charset=utf-8 15.5314ms
2026-08-15 02:42:53.756 +03:00 [INF] Request starting HTTP/2 GET https://localhost:7242/_framework/aspnetcore-browser-refresh.js - null null
2026-08-15 02:42:53.756 +03:00 [INF] Request starting HTTP/2 GET https://localhost:7242/_vs/browserLink - null null
2026-08-15 02:42:53.757 +03:00 [INF] Request finished HTTP/2 GET https://localhost:7242/_framework/aspnetcore-browser-refresh.js - 200 14923 application/javascript; charset=utf-8 1.7052ms
2026-08-15 02:42:53.764 +03:00 [INF] Request finished HTTP/2 GET https://localhost:7242/_vs/browserLink - 200 null text/javascript; charset=UTF-8 8.1322ms
2026-08-15 02:43:21.435 +03:00 [INF] User profile is available. Using 'C:\Users\ayman\AppData\Local\ASP.NET\DataProtection-Keys' as key repository and Windows DPAPI to encrypt keys at rest.
2026-08-15 02:43:21.940 +03:00 [WRN] No store type was specified for the decimal property 'Price' on entity type 'Course'. This will cause values to be silently truncated if they do not fit in the default precision and scale. Explicitly specify the SQL server column type that can accommodate all the values in 'OnModelCreating' using 'HasColumnType', specify precision and scale using 'HasPrecision', or configure a value converter using 'HasConversion'.
2026-08-15 02:43:22.576 +03:00 [INF] Executed DbCommand (42ms) [Parameters=[@normalizedName='?' (Size = 256)], CommandType='"Text"', CommandTimeout='30']
SELECT TOP(1) [a].[Id], [a].[ConcurrencyStamp], [a].[Name], [a].[NormalizedName]
FROM [AspNetRoles] AS [a]
WHERE [a].[NormalizedName] = @normalizedName
2026-08-15 02:43:22.646 +03:00 [INF] Executed DbCommand (3ms) [Parameters=[@normalizedName='?' (Size = 256)], CommandType='"Text"', CommandTimeout='30']
SELECT TOP(1) [a].[Id], [a].[ConcurrencyStamp], [a].[Name], [a].[NormalizedName]
FROM [AspNetRoles] AS [a]
WHERE [a].[NormalizedName] = @normalizedName
2026-08-15 02:43:22.648 +03:00 [INF] Executed DbCommand (0ms) [Parameters=[@normalizedName='?' (Size = 256)], CommandType='"Text"', CommandTimeout='30']
SELECT TOP(1) [a].[Id], [a].[ConcurrencyStamp], [a].[Name], [a].[NormalizedName]
FROM [AspNetRoles] AS [a]
WHERE [a].[NormalizedName] = @normalizedName
2026-08-15 02:43:22.660 +03:00 [INF] Executed DbCommand (3ms) [Parameters=[@normalizedEmail='?' (Size = 256)], CommandType='"Text"', CommandTimeout='30']
SELECT TOP(2) [a].[Id], [a].[AccessFailedCount], [a].[ConcurrencyStamp], [a].[Email], [a].[EmailConfirmed], [a].[FullName], [a].[LockoutEnabled], [a].[LockoutEnd], [a].[NormalizedEmail], [a].[NormalizedUserName], [a].[PasswordHash], [a].[PhoneNumber], [a].[PhoneNumberConfirmed], [a].[SecurityStamp], [a].[TwoFactorEnabled], [a].[UserName]
FROM [AspNetUsers] AS [a]
WHERE [a].[NormalizedEmail] = @normalizedEmail
2026-08-15 02:43:22.841 +03:00 [INF] Now listening on: https://localhost:7242
2026-08-15 02:43:22.841 +03:00 [INF] Now listening on: http://localhost:5164
2026-08-15 02:43:22.873 +03:00 [INF] Application started. Press Ctrl+C to shut down.
2026-08-15 02:43:22.874 +03:00 [INF] Hosting environment: Development
2026-08-15 02:43:22.875 +03:00 [INF] Content root path: D:\Real Projects\Mvc Projects\CourseHub\CourseHub
2026-08-15 02:43:24.078 +03:00 [INF] Request starting HTTP/2 GET https://localhost:7242/ - null null
2026-08-15 02:43:24.186 +03:00 [INF] Executing endpoint 'CourseHub.Controllers.HomeController.Index (CourseHub)'
2026-08-15 02:43:24.201 +03:00 [INF] Route matched with {action = "Index", controller = "Home"}. Executing controller action with signature System.Threading.Tasks.Task`1[Microsoft.AspNetCore.Mvc.IActionResult] Index() on controller CourseHub.Controllers.HomeController (CourseHub).
2026-08-15 02:43:24.285 +03:00 [INF] Executed DbCommand (3ms) [Parameters=[], CommandType='"Text"', CommandTimeout='30']
SELECT COUNT(*)
FROM [Courses] AS [c]
2026-08-15 02:43:24.293 +03:00 [INF] Executed DbCommand (2ms) [Parameters=[], CommandType='"Text"', CommandTimeout='30']
SELECT COUNT(*)
FROM [Categories] AS [c]
2026-08-15 02:43:24.330 +03:00 [INF] Executing ViewResult, running view Index.
2026-08-15 02:43:24.440 +03:00 [INF] Executed ViewResult - view Index executed in 111.0012ms.
2026-08-15 02:43:24.444 +03:00 [INF] Executed action CourseHub.Controllers.HomeController.Index (CourseHub) in 241.5803ms
2026-08-15 02:43:24.446 +03:00 [INF] Executed endpoint 'CourseHub.Controllers.HomeController.Index (CourseHub)'
2026-08-15 02:43:24.457 +03:00 [INF] Request finished HTTP/2 GET https://localhost:7242/ - 200 null text/html; charset=utf-8 383.6456ms
2026-08-15 02:43:24.473 +03:00 [INF] Request starting HTTP/2 GET https://localhost:7242/_framework/aspnetcore-browser-refresh.js - null null
2026-08-15 02:43:24.473 +03:00 [INF] Request starting HTTP/2 GET https://localhost:7242/_vs/browserLink - null null
2026-08-15 02:43:24.480 +03:00 [INF] Request finished HTTP/2 GET https://localhost:7242/_framework/aspnetcore-browser-refresh.js - 200 14923 application/javascript; charset=utf-8 7.7025ms
2026-08-15 02:43:24.508 +03:00 [INF] Request finished HTTP/2 GET https://localhost:7242/_vs/browserLink - 200 null text/javascript; charset=UTF-8 35.3736ms
2026-08-15 02:43:26.137 +03:00 [INF] Request starting HTTP/2 POST https://localhost:7242/Account/Logout - application/x-www-form-urlencoded 225
2026-08-15 02:43:26.151 +03:00 [INF] Executing endpoint 'CourseHub.Controllers.AccountController.Logout (CourseHub)'
2026-08-15 02:43:26.157 +03:00 [INF] Route matched with {action = "Logout", controller = "Account"}. Executing controller action with signature System.Threading.Tasks.Task`1[Microsoft.AspNetCore.Mvc.IActionResult] Logout() on controller CourseHub.Controllers.AccountController (CourseHub).
2026-08-15 02:43:26.165 +03:00 [INF] AuthenticationScheme: Identity.Application signed out.
2026-08-15 02:43:26.167 +03:00 [INF] AuthenticationScheme: Identity.External signed out.
2026-08-15 02:43:26.168 +03:00 [INF] AuthenticationScheme: Identity.TwoFactorUserId signed out.
2026-08-15 02:43:26.169 +03:00 [INF] Executing RedirectResult, redirecting to /.
2026-08-15 02:43:26.170 +03:00 [INF] Executed action CourseHub.Controllers.AccountController.Logout (CourseHub) in 12.2561ms
2026-08-15 02:43:26.171 +03:00 [INF] Executed endpoint 'CourseHub.Controllers.AccountController.Logout (CourseHub)'
2026-08-15 02:43:26.172 +03:00 [INF] Request finished HTTP/2 POST https://localhost:7242/Account/Logout - 302 null null 35.3866ms
2026-08-15 02:43:26.175 +03:00 [INF] Request starting HTTP/2 GET https://localhost:7242/ - null null
2026-08-15 02:43:26.178 +03:00 [INF] Executing endpoint 'CourseHub.Controllers.HomeController.Index (CourseHub)'
2026-08-15 02:43:26.179 +03:00 [INF] Route matched with {action = "Index", controller = "Home"}. Executing controller action with signature System.Threading.Tasks.Task`1[Microsoft.AspNetCore.Mvc.IActionResult] Index() on controller CourseHub.Controllers.HomeController (CourseHub).
2026-08-15 02:43:26.193 +03:00 [INF] Executed DbCommand (2ms) [Parameters=[], CommandType='"Text"', CommandTimeout='30']
SELECT COUNT(*)
FROM [Courses] AS [c]
2026-08-15 02:43:26.195 +03:00 [INF] Executed DbCommand (1ms) [Parameters=[], CommandType='"Text"', CommandTimeout='30']
SELECT COUNT(*)
FROM [Categories] AS [c]
2026-08-15 02:43:26.197 +03:00 [INF] Executing ViewResult, running view Index.
2026-08-15 02:43:26.203 +03:00 [INF] Executed ViewResult - view Index executed in 5.6125ms.
2026-08-15 02:43:26.207 +03:00 [INF] Executed action CourseHub.Controllers.HomeController.Index (CourseHub) in 27.0205ms
2026-08-15 02:43:26.208 +03:00 [INF] Executed endpoint 'CourseHub.Controllers.HomeController.Index (CourseHub)'
2026-08-15 02:43:26.209 +03:00 [INF] Request finished HTTP/2 GET https://localhost:7242/ - 200 null text/html; charset=utf-8 33.9587ms
2026-08-15 02:43:26.400 +03:00 [INF] Request starting HTTP/2 GET https://localhost:7242/_vs/browserLink - null null
2026-08-15 02:43:26.400 +03:00 [INF] Request starting HTTP/2 GET https://localhost:7242/_framework/aspnetcore-browser-refresh.js - null null
2026-08-15 02:43:26.405 +03:00 [INF] Request finished HTTP/2 GET https://localhost:7242/_framework/aspnetcore-browser-refresh.js - 200 14923 application/javascript; charset=utf-8 4.478ms
2026-08-15 02:43:26.414 +03:00 [INF] Request finished HTTP/2 GET https://localhost:7242/_vs/browserLink - 200 null text/javascript; charset=UTF-8 13.4896ms
2026-08-15 02:43:27.019 +03:00 [INF] Request starting HTTP/2 GET https://localhost:7242/Account/Login - null null
2026-08-15 02:43:27.024 +03:00 [INF] Executing endpoint 'CourseHub.Controllers.AccountController.Login (CourseHub)'
2026-08-15 02:43:27.030 +03:00 [INF] Route matched with {action = "Login", controller = "Account"}. Executing controller action with signature Microsoft.AspNetCore.Mvc.IActionResult Login(System.String) on controller CourseHub.Controllers.AccountController (CourseHub).
2026-08-15 02:43:27.045 +03:00 [INF] Executing ViewResult, running view Login.
2026-08-15 02:43:27.089 +03:00 [INF] Executed ViewResult - view Login executed in 44.6081ms.
2026-08-15 02:43:27.091 +03:00 [INF] Executed action CourseHub.Controllers.AccountController.Login (CourseHub) in 59.8067ms
2026-08-15 02:43:27.091 +03:00 [INF] Executed endpoint 'CourseHub.Controllers.AccountController.Login (CourseHub)'
2026-08-15 02:43:27.092 +03:00 [INF] Request finished HTTP/2 GET https://localhost:7242/Account/Login - 200 null text/html; charset=utf-8 72.9388ms
2026-08-15 02:43:27.145 +03:00 [INF] Request starting HTTP/2 GET https://localhost:7242/_framework/aspnetcore-browser-refresh.js - null null
2026-08-15 02:43:27.146 +03:00 [INF] Request starting HTTP/2 GET https://localhost:7242/_vs/browserLink - null null
2026-08-15 02:43:27.147 +03:00 [INF] Request finished HTTP/2 GET https://localhost:7242/_framework/aspnetcore-browser-refresh.js - 200 14923 application/javascript; charset=utf-8 1.957ms
2026-08-15 02:43:27.152 +03:00 [INF] Request finished HTTP/2 GET https://localhost:7242/_vs/browserLink - 200 null text/javascript; charset=UTF-8 6.0568ms
2026-08-15 02:43:29.259 +03:00 [INF] Request starting HTTP/2 POST https://localhost:7242/Account/Login - application/x-www-form-urlencoded 259
2026-08-15 02:43:29.262 +03:00 [INF] Executing endpoint 'CourseHub.Controllers.AccountController.Login (CourseHub)'
2026-08-15 02:43:29.270 +03:00 [INF] Route matched with {action = "Login", controller = "Account"}. Executing controller action with signature System.Threading.Tasks.Task`1[Microsoft.AspNetCore.Mvc.IActionResult] Login(CourseHub.ViewModels.LoginViewModel, System.String) on controller CourseHub.Controllers.AccountController (CourseHub).
2026-08-15 02:43:29.294 +03:00 [INF] Executed DbCommand (2ms) [Parameters=[@normalizedEmail='?' (Size = 256)], CommandType='"Text"', CommandTimeout='30']
SELECT TOP(2) [a].[Id], [a].[AccessFailedCount], [a].[ConcurrencyStamp], [a].[Email], [a].[EmailConfirmed], [a].[FullName], [a].[LockoutEnabled], [a].[LockoutEnd], [a].[NormalizedEmail], [a].[NormalizedUserName], [a].[PasswordHash], [a].[PhoneNumber], [a].[PhoneNumberConfirmed], [a].[SecurityStamp], [a].[TwoFactorEnabled], [a].[UserName]
FROM [AspNetUsers] AS [a]
WHERE [a].[NormalizedEmail] = @normalizedEmail
2026-08-15 02:43:29.394 +03:00 [INF] Executed DbCommand (2ms) [Parameters=[@user_Id='?' (Size = 450)], CommandType='"Text"', CommandTimeout='30']
SELECT [a].[Id], [a].[ClaimType], [a].[ClaimValue], [a].[UserId]
FROM [AspNetUserClaims] AS [a]
WHERE [a].[UserId] = @user_Id
2026-08-15 02:43:29.417 +03:00 [INF] Executed DbCommand (3ms) [Parameters=[@userId='?' (Size = 450)], CommandType='"Text"', CommandTimeout='30']
SELECT [a0].[Name]
FROM [AspNetUserRoles] AS [a]
INNER JOIN [AspNetRoles] AS [a0] ON [a].[RoleId] = [a0].[Id]
WHERE [a].[UserId] = @userId
2026-08-15 02:43:29.421 +03:00 [INF] Executed DbCommand (1ms) [Parameters=[@normalizedName='?' (Size = 256)], CommandType='"Text"', CommandTimeout='30']
SELECT TOP(1) [a].[Id], [a].[ConcurrencyStamp], [a].[Name], [a].[NormalizedName]
FROM [AspNetRoles] AS [a]
WHERE [a].[NormalizedName] = @normalizedName
2026-08-15 02:43:29.430 +03:00 [INF] Executed DbCommand (2ms) [Parameters=[@role_Id='?' (Size = 450)], CommandType='"Text"', CommandTimeout='30']
SELECT [a].[ClaimType], [a].[ClaimValue]
FROM [AspNetRoleClaims] AS [a]
WHERE [a].[RoleId] = @role_Id
2026-08-15 02:43:29.435 +03:00 [INF] AuthenticationScheme: Identity.Application signed in.
2026-08-15 02:43:29.444 +03:00 [INF] Executed DbCommand (2ms) [Parameters=[@normalizedRoleName='?' (Size = 256)], CommandType='"Text"', CommandTimeout='30']
SELECT TOP(2) [a].[Id], [a].[ConcurrencyStamp], [a].[Name], [a].[NormalizedName]
FROM [AspNetRoles] AS [a]
WHERE [a].[NormalizedName] = @normalizedRoleName
2026-08-15 02:43:29.462 +03:00 [INF] Executed DbCommand (1ms) [Parameters=[@p='?' (Size = 450), @p1='?' (Size = 450)], CommandType='"Text"', CommandTimeout='30']
SELECT TOP(1) [a].[UserId], [a].[RoleId]
FROM [AspNetUserRoles] AS [a]
WHERE [a].[UserId] = @p AND [a].[RoleId] = @p1
2026-08-15 02:43:29.474 +03:00 [INF] Executing RedirectResult, redirecting to /Admin/Dashboard.
2026-08-15 02:43:29.474 +03:00 [INF] Executed action CourseHub.Controllers.AccountController.Login (CourseHub) in 203.1184ms
2026-08-15 02:43:29.475 +03:00 [INF] Executed endpoint 'CourseHub.Controllers.AccountController.Login (CourseHub)'
2026-08-15 02:43:29.476 +03:00 [INF] Request finished HTTP/2 POST https://localhost:7242/Account/Login - 302 null null 217.522ms
2026-08-15 02:43:29.479 +03:00 [INF] Request starting HTTP/2 GET https://localhost:7242/Admin/Dashboard - null null
2026-08-15 02:43:29.485 +03:00 [INF] Executing endpoint 'CourseHub.Controllers.AdminController.Dashboard (CourseHub)'
2026-08-15 02:43:29.491 +03:00 [INF] Route matched with {action = "Dashboard", controller = "Admin"}. Executing controller action with signature System.Threading.Tasks.Task`1[Microsoft.AspNetCore.Mvc.IActionResult] Dashboard() on controller CourseHub.Controllers.AdminController (CourseHub).
2026-08-15 02:43:29.499 +03:00 [INF] Executed DbCommand (0ms) [Parameters=[@normalizedRoleName='?' (Size = 256)], CommandType='"Text"', CommandTimeout='30']
SELECT TOP(2) [a].[Id], [a].[ConcurrencyStamp], [a].[Name], [a].[NormalizedName]
FROM [AspNetRoles] AS [a]
WHERE [a].[NormalizedName] = @normalizedRoleName
2026-08-15 02:43:29.510 +03:00 [INF] Executed DbCommand (2ms) [Parameters=[@role_Id='?' (Size = 450)], CommandType='"Text"', CommandTimeout='30']
SELECT [a0].[Id], [a0].[AccessFailedCount], [a0].[ConcurrencyStamp], [a0].[Email], [a0].[EmailConfirmed], [a0].[FullName], [a0].[LockoutEnabled], [a0].[LockoutEnd], [a0].[NormalizedEmail], [a0].[NormalizedUserName], [a0].[PasswordHash], [a0].[PhoneNumber], [a0].[PhoneNumberConfirmed], [a0].[SecurityStamp], [a0].[TwoFactorEnabled], [a0].[UserName]
FROM [AspNetUserRoles] AS [a]
INNER JOIN [AspNetUsers] AS [a0] ON [a].[UserId] = [a0].[Id]
WHERE [a].[RoleId] = @role_Id
2026-08-15 02:43:29.513 +03:00 [INF] Executed DbCommand (0ms) [Parameters=[@normalizedRoleName='?' (Size = 256)], CommandType='"Text"', CommandTimeout='30']
SELECT TOP(2) [a].[Id], [a].[ConcurrencyStamp], [a].[Name], [a].[NormalizedName]
FROM [AspNetRoles] AS [a]
WHERE [a].[NormalizedName] = @normalizedRoleName
2026-08-15 02:43:29.515 +03:00 [INF] Executed DbCommand (0ms) [Parameters=[@role_Id='?' (Size = 450)], CommandType='"Text"', CommandTimeout='30']
SELECT [a0].[Id], [a0].[AccessFailedCount], [a0].[ConcurrencyStamp], [a0].[Email], [a0].[EmailConfirmed], [a0].[FullName], [a0].[LockoutEnabled], [a0].[LockoutEnd], [a0].[NormalizedEmail], [a0].[NormalizedUserName], [a0].[PasswordHash], [a0].[PhoneNumber], [a0].[PhoneNumberConfirmed], [a0].[SecurityStamp], [a0].[TwoFactorEnabled], [a0].[UserName]
FROM [AspNetUserRoles] AS [a]
INNER JOIN [AspNetUsers] AS [a0] ON [a].[UserId] = [a0].[Id]
WHERE [a].[RoleId] = @role_Id
2026-08-15 02:43:29.522 +03:00 [INF] Executed DbCommand (2ms) [Parameters=[], CommandType='"Text"', CommandTimeout='30']
SELECT COUNT(*)
FROM [AspNetUsers] AS [a]
2026-08-15 02:43:29.545 +03:00 [INF] Executed DbCommand (21ms) [Parameters=[], CommandType='"Text"', CommandTimeout='30']
SELECT COUNT(*)
FROM [Courses] AS [c]
2026-08-15 02:43:29.551 +03:00 [INF] Executed DbCommand (2ms) [Parameters=[], CommandType='"Text"', CommandTimeout='30']
SELECT COUNT(*)
FROM [Enrollments] AS [e]
2026-08-15 02:43:29.553 +03:00 [INF] Executing ViewResult, running view Dashboard.
2026-08-15 02:43:29.564 +03:00 [INF] Executed ViewResult - view Dashboard executed in 11.669ms.
2026-08-15 02:43:29.566 +03:00 [INF] Executed action CourseHub.Controllers.AdminController.Dashboard (CourseHub) in 73.4913ms
2026-08-15 02:43:29.566 +03:00 [INF] Executed endpoint 'CourseHub.Controllers.AdminController.Dashboard (CourseHub)'
2026-08-15 02:43:29.567 +03:00 [INF] Request finished HTTP/2 GET https://localhost:7242/Admin/Dashboard - 200 null text/html; charset=utf-8 87.8529ms
2026-08-15 02:43:29.757 +03:00 [INF] Request starting HTTP/2 GET https://localhost:7242/_vs/browserLink - null null
2026-08-15 02:43:29.761 +03:00 [INF] Request starting HTTP/2 GET https://localhost:7242/_framework/aspnetcore-browser-refresh.js - null null
2026-08-15 02:43:29.763 +03:00 [INF] Request finished HTTP/2 GET https://localhost:7242/_framework/aspnetcore-browser-refresh.js - 200 14923 application/javascript; charset=utf-8 2.1925ms
2026-08-15 02:43:29.765 +03:00 [INF] Request finished HTTP/2 GET https://localhost:7242/_vs/browserLink - 200 null text/javascript; charset=UTF-8 7.0959ms
2026-08-15 02:43:31.819 +03:00 [INF] Request starting HTTP/2 GET https://localhost:7242/Admin/Courses - null null
2026-08-15 02:43:31.824 +03:00 [INF] Executing endpoint 'CourseHub.Controllers.AdminController.Courses (CourseHub)'
2026-08-15 02:43:31.830 +03:00 [INF] Route matched with {action = "Courses", controller = "Admin"}. Executing controller action with signature System.Threading.Tasks.Task`1[Microsoft.AspNetCore.Mvc.IActionResult] Courses() on controller CourseHub.Controllers.AdminController (CourseHub).
2026-08-15 02:43:31.867 +03:00 [INF] Executed DbCommand (5ms) [Parameters=[], CommandType='"Text"', CommandTimeout='30']
SELECT [c].[Id], [c].[CategoryId], [c].[CreatedAt], [c].[Description], [c].[EnrollmentDeadline], [c].[ImageUrl], [c].[InstructorId], [c].[Price], [c].[Title], [c0].[Id], [c0].[Name], [a].[Id], [a].[AccessFailedCount], [a].[ConcurrencyStamp], [a].[Email], [a].[EmailConfirmed], [a].[FullName], [a].[LockoutEnabled], [a].[LockoutEnd], [a].[NormalizedEmail], [a].[NormalizedUserName], [a].[PasswordHash], [a].[PhoneNumber], [a].[PhoneNumberConfirmed], [a].[SecurityStamp], [a].[TwoFactorEnabled], [a].[UserName]
FROM [Courses] AS [c]
INNER JOIN [Categories] AS [c0] ON [c].[CategoryId] = [c0].[Id]
INNER JOIN [AspNetUsers] AS [a] ON [c].[InstructorId] = [a].[Id]
ORDER BY [c].[CreatedAt] DESC
2026-08-15 02:43:31.877 +03:00 [INF] Executing ViewResult, running view Courses.
2026-08-15 02:43:31.893 +03:00 [INF] Executed ViewResult - view Courses executed in 16.7202ms.
2026-08-15 02:43:31.894 +03:00 [INF] Executed action CourseHub.Controllers.AdminController.Courses (CourseHub) in 63.2018ms
2026-08-15 02:43:31.895 +03:00 [INF] Executed endpoint 'CourseHub.Controllers.AdminController.Courses (CourseHub)'
2026-08-15 02:43:31.896 +03:00 [INF] Request finished HTTP/2 GET https://localhost:7242/Admin/Courses - 200 null text/html; charset=utf-8 76.8799ms
2026-08-15 02:43:31.931 +03:00 [INF] Request starting HTTP/2 GET https://localhost:7242/_vs/browserLink - null null
2026-08-15 02:43:31.937 +03:00 [INF] Request finished HTTP/2 GET https://localhost:7242/_vs/browserLink - 200 null text/javascript; charset=UTF-8 5.5065ms
2026-08-15 02:43:31.942 +03:00 [INF] Request starting HTTP/2 GET https://localhost:7242/_framework/aspnetcore-browser-refresh.js - null null
2026-08-15 02:43:31.944 +03:00 [INF] Request finished HTTP/2 GET https://localhost:7242/_framework/aspnetcore-browser-refresh.js - 200 14923 application/javascript; charset=utf-8 1.9637ms
2026-08-15 02:43:34.798 +03:00 [INF] Request starting HTTP/2 GET https://localhost:7242/Admin/Dashboard - null null
2026-08-15 02:43:34.801 +03:00 [INF] Executing endpoint 'CourseHub.Controllers.AdminController.Dashboard (CourseHub)'
2026-08-15 02:43:34.802 +03:00 [INF] Route matched with {action = "Dashboard", controller = "Admin"}. Executing controller action with signature System.Threading.Tasks.Task`1[Microsoft.AspNetCore.Mvc.IActionResult] Dashboard() on controller CourseHub.Controllers.AdminController (CourseHub).
2026-08-15 02:43:34.804 +03:00 [INF] Executed DbCommand (1ms) [Parameters=[@normalizedRoleName='?' (Size = 256)], CommandType='"Text"', CommandTimeout='30']
SELECT TOP(2) [a].[Id], [a].[ConcurrencyStamp], [a].[Name], [a].[NormalizedName]
FROM [AspNetRoles] AS [a]
WHERE [a].[NormalizedName] = @normalizedRoleName
2026-08-15 02:43:34.806 +03:00 [INF] Executed DbCommand (0ms) [Parameters=[@role_Id='?' (Size = 450)], CommandType='"Text"', CommandTimeout='30']
SELECT [a0].[Id], [a0].[AccessFailedCount], [a0].[ConcurrencyStamp], [a0].[Email], [a0].[EmailConfirmed], [a0].[FullName], [a0].[LockoutEnabled], [a0].[LockoutEnd], [a0].[NormalizedEmail], [a0].[NormalizedUserName], [a0].[PasswordHash], [a0].[PhoneNumber], [a0].[PhoneNumberConfirmed], [a0].[SecurityStamp], [a0].[TwoFactorEnabled], [a0].[UserName]
FROM [AspNetUserRoles] AS [a]
INNER JOIN [AspNetUsers] AS [a0] ON [a].[UserId] = [a0].[Id]
WHERE [a].[RoleId] = @role_Id
2026-08-15 02:43:34.807 +03:00 [INF] Executed DbCommand (0ms) [Parameters=[@normalizedRoleName='?' (Size = 256)], CommandType='"Text"', CommandTimeout='30']
SELECT TOP(2) [a].[Id], [a].[ConcurrencyStamp], [a].[Name], [a].[NormalizedName]
FROM [AspNetRoles] AS [a]
WHERE [a].[NormalizedName] = @normalizedRoleName
2026-08-15 02:43:34.809 +03:00 [INF] Executed DbCommand (0ms) [Parameters=[@role_Id='?' (Size = 450)], CommandType='"Text"', CommandTimeout='30']
SELECT [a0].[Id], [a0].[AccessFailedCount], [a0].[ConcurrencyStamp], [a0].[Email], [a0].[EmailConfirmed], [a0].[FullName], [a0].[LockoutEnabled], [a0].[LockoutEnd], [a0].[NormalizedEmail], [a0].[NormalizedUserName], [a0].[PasswordHash], [a0].[PhoneNumber], [a0].[PhoneNumberConfirmed], [a0].[SecurityStamp], [a0].[TwoFactorEnabled], [a0].[UserName]
FROM [AspNetUserRoles] AS [a]
INNER JOIN [AspNetUsers] AS [a0] ON [a].[UserId] = [a0].[Id]
WHERE [a].[RoleId] = @role_Id
2026-08-15 02:43:34.810 +03:00 [INF] Executed DbCommand (0ms) [Parameters=[], CommandType='"Text"', CommandTimeout='30']
SELECT COUNT(*)
FROM [AspNetUsers] AS [a]
2026-08-15 02:43:34.812 +03:00 [INF] Executed DbCommand (0ms) [Parameters=[], CommandType='"Text"', CommandTimeout='30']
SELECT COUNT(*)
FROM [Courses] AS [c]
2026-08-15 02:43:34.813 +03:00 [INF] Executed DbCommand (0ms) [Parameters=[], CommandType='"Text"', CommandTimeout='30']
SELECT COUNT(*)
FROM [Enrollments] AS [e]
2026-08-15 02:43:34.814 +03:00 [INF] Executing ViewResult, running view Dashboard.
2026-08-15 02:43:34.816 +03:00 [INF] Executed ViewResult - view Dashboard executed in 1.6928ms.
2026-08-15 02:43:34.816 +03:00 [INF] Executed action CourseHub.Controllers.AdminController.Dashboard (CourseHub) in 13.8086ms
2026-08-15 02:43:34.817 +03:00 [INF] Executed endpoint 'CourseHub.Controllers.AdminController.Dashboard (CourseHub)'
2026-08-15 02:43:34.818 +03:00 [INF] Request finished HTTP/2 GET https://localhost:7242/Admin/Dashboard - 200 null text/html; charset=utf-8 20.2594ms
2026-08-15 02:43:34.854 +03:00 [INF] Request starting HTTP/2 GET https://localhost:7242/_vs/browserLink - null null
2026-08-15 02:43:34.854 +03:00 [INF] Request starting HTTP/2 GET https://localhost:7242/_framework/aspnetcore-browser-refresh.js - null null
2026-08-15 02:43:34.858 +03:00 [INF] Request finished HTTP/2 GET https://localhost:7242/_framework/aspnetcore-browser-refresh.js - 200 14923 application/javascript; charset=utf-8 3.4198ms
2026-08-15 02:43:34.859 +03:00 [INF] Request finished HTTP/2 GET https://localhost:7242/_vs/browserLink - 200 null text/javascript; charset=UTF-8 5.5491ms
2026-08-15 02:43:38.985 +03:00 [INF] Request starting HTTP/2 GET https://localhost:7242/Admin/Enrollments - null null
2026-08-15 02:43:38.988 +03:00 [INF] Executing endpoint 'CourseHub.Controllers.AdminController.Enrollments (CourseHub)'
2026-08-15 02:43:38.993 +03:00 [INF] Route matched with {action = "Enrollments", controller = "Admin"}. Executing controller action with signature System.Threading.Tasks.Task`1[Microsoft.AspNetCore.Mvc.IActionResult] Enrollments() on controller CourseHub.Controllers.AdminController (CourseHub).
2026-08-15 02:43:39.012 +03:00 [INF] Executed DbCommand (5ms) [Parameters=[], CommandType='"Text"', CommandTimeout='30']
SELECT [e].[Id], [e].[CourseId], [e].[EnrolledAt], [e].[StudentId], [a].[Id], [a].[AccessFailedCount], [a].[ConcurrencyStamp], [a].[Email], [a].[EmailConfirmed], [a].[FullName], [a].[LockoutEnabled], [a].[LockoutEnd], [a].[NormalizedEmail], [a].[NormalizedUserName], [a].[PasswordHash], [a].[PhoneNumber], [a].[PhoneNumberConfirmed], [a].[SecurityStamp], [a].[TwoFactorEnabled], [a].[UserName], [c].[Id], [c].[CategoryId], [c].[CreatedAt], [c].[Description], [c].[EnrollmentDeadline], [c].[ImageUrl], [c].[InstructorId], [c].[Price], [c].[Title]
FROM [Enrollments] AS [e]
INNER JOIN [AspNetUsers] AS [a] ON [e].[StudentId] = [a].[Id]
INNER JOIN [Courses] AS [c] ON [e].[CourseId] = [c].[Id]
ORDER BY [e].[EnrolledAt] DESC
2026-08-15 02:43:39.015 +03:00 [INF] Executing ViewResult, running view Enrollments.
2026-08-15 02:43:39.023 +03:00 [INF] Executed ViewResult - view Enrollments executed in 8.2665ms.
2026-08-15 02:43:39.024 +03:00 [INF] Executed action CourseHub.Controllers.AdminController.Enrollments (CourseHub) in 29.0751ms
2026-08-15 02:43:39.024 +03:00 [INF] Executed endpoint 'CourseHub.Controllers.AdminController.Enrollments (CourseHub)'
2026-08-15 02:43:39.025 +03:00 [INF] Request finished HTTP/2 GET https://localhost:7242/Admin/Enrollments - 200 null text/html; charset=utf-8 39.8401ms
2026-08-15 02:43:39.061 +03:00 [INF] Request starting HTTP/2 GET https://localhost:7242/_vs/browserLink - null null
2026-08-15 02:43:39.061 +03:00 [INF] Request starting HTTP/2 GET https://localhost:7242/_framework/aspnetcore-browser-refresh.js - null null
2026-08-15 02:43:39.065 +03:00 [INF] Request finished HTTP/2 GET https://localhost:7242/_framework/aspnetcore-browser-refresh.js - 200 14923 application/javascript; charset=utf-8 3.1673ms
2026-08-15 02:43:39.066 +03:00 [INF] Request finished HTTP/2 GET https://localhost:7242/_vs/browserLink - 200 null text/javascript; charset=UTF-8 4.8224ms
2026-08-15 02:43:40.450 +03:00 [INF] Request starting HTTP/2 GET https://localhost:7242/Admin/Dashboard - null null
2026-08-15 02:43:40.454 +03:00 [INF] Executing endpoint 'CourseHub.Controllers.AdminController.Dashboard (CourseHub)'
2026-08-15 02:43:40.455 +03:00 [INF] Route matched with {action = "Dashboard", controller = "Admin"}. Executing controller action with signature System.Threading.Tasks.Task`1[Microsoft.AspNetCore.Mvc.IActionResult] Dashboard() on controller CourseHub.Controllers.AdminController (CourseHub).
2026-08-15 02:43:40.457 +03:00 [INF] Executed DbCommand (0ms) [Parameters=[@normalizedRoleName='?' (Size = 256)], CommandType='"Text"', CommandTimeout='30']
SELECT TOP(2) [a].[Id], [a].[ConcurrencyStamp], [a].[Name], [a].[NormalizedName]
FROM [AspNetRoles] AS [a]
WHERE [a].[NormalizedName] = @normalizedRoleName
2026-08-15 02:43:40.459 +03:00 [INF] Executed DbCommand (0ms) [Parameters=[@role_Id='?' (Size = 450)], CommandType='"Text"', CommandTimeout='30']
SELECT [a0].[Id], [a0].[AccessFailedCount], [a0].[ConcurrencyStamp], [a0].[Email], [a0].[EmailConfirmed], [a0].[FullName], [a0].[LockoutEnabled], [a0].[LockoutEnd], [a0].[NormalizedEmail], [a0].[NormalizedUserName], [a0].[PasswordHash], [a0].[PhoneNumber], [a0].[PhoneNumberConfirmed], [a0].[SecurityStamp], [a0].[TwoFactorEnabled], [a0].[UserName]
FROM [AspNetUserRoles] AS [a]
INNER JOIN [AspNetUsers] AS [a0] ON [a].[UserId] = [a0].[Id]
WHERE [a].[RoleId] = @role_Id
2026-08-15 02:43:40.460 +03:00 [INF] Executed DbCommand (0ms) [Parameters=[@normalizedRoleName='?' (Size = 256)], CommandType='"Text"', CommandTimeout='30']
SELECT TOP(2) [a].[Id], [a].[ConcurrencyStamp], [a].[Name], [a].[NormalizedName]
FROM [AspNetRoles] AS [a]
WHERE [a].[NormalizedName] = @normalizedRoleName
2026-08-15 02:43:40.461 +03:00 [INF] Executed DbCommand (0ms) [Parameters=[@role_Id='?' (Size = 450)], CommandType='"Text"', CommandTimeout='30']
SELECT [a0].[Id], [a0].[AccessFailedCount], [a0].[ConcurrencyStamp], [a0].[Email], [a0].[EmailConfirmed], [a0].[FullName], [a0].[LockoutEnabled], [a0].[LockoutEnd], [a0].[NormalizedEmail], [a0].[NormalizedUserName], [a0].[PasswordHash], [a0].[PhoneNumber], [a0].[PhoneNumberConfirmed], [a0].[SecurityStamp], [a0].[TwoFactorEnabled], [a0].[UserName]
FROM [AspNetUserRoles] AS [a]
INNER JOIN [AspNetUsers] AS [a0] ON [a].[UserId] = [a0].[Id]
WHERE [a].[RoleId] = @role_Id
2026-08-15 02:43:40.463 +03:00 [INF] Executed DbCommand (0ms) [Parameters=[], CommandType='"Text"', CommandTimeout='30']
SELECT COUNT(*)
FROM [AspNetUsers] AS [a]
2026-08-15 02:43:40.465 +03:00 [INF] Executed DbCommand (0ms) [Parameters=[], CommandType='"Text"', CommandTimeout='30']
SELECT COUNT(*)
FROM [Courses] AS [c]
2026-08-15 02:43:40.466 +03:00 [INF] Executed DbCommand (0ms) [Parameters=[], CommandType='"Text"', CommandTimeout='30']
SELECT COUNT(*)
FROM [Enrollments] AS [e]
2026-08-15 02:43:40.467 +03:00 [INF] Executing ViewResult, running view Dashboard.
2026-08-15 02:43:40.469 +03:00 [INF] Executed ViewResult - view Dashboard executed in 2.1737ms.
2026-08-15 02:43:40.470 +03:00 [INF] Executed action CourseHub.Controllers.AdminController.Dashboard (CourseHub) in 14.5455ms
2026-08-15 02:43:40.471 +03:00 [INF] Executed endpoint 'CourseHub.Controllers.AdminController.Dashboard (CourseHub)'
2026-08-15 02:43:40.472 +03:00 [INF] Request finished HTTP/2 GET https://localhost:7242/Admin/Dashboard - 200 null text/html; charset=utf-8 21.1184ms
2026-08-15 02:43:40.507 +03:00 [INF] Request starting HTTP/2 GET https://localhost:7242/_framework/aspnetcore-browser-refresh.js - null null
2026-08-15 02:43:40.509 +03:00 [INF] Request finished HTTP/2 GET https://localhost:7242/_framework/aspnetcore-browser-refresh.js - 200 14923 application/javascript; charset=utf-8 2.1715ms
2026-08-15 02:43:41.291 +03:00 [INF] Request starting HTTP/2 GET https://localhost:7242/Admin/Courses - null null
2026-08-15 02:43:41.295 +03:00 [INF] Executing endpoint 'CourseHub.Controllers.AdminController.Courses (CourseHub)'
2026-08-15 02:43:41.295 +03:00 [INF] Route matched with {action = "Courses", controller = "Admin"}. Executing controller action with signature System.Threading.Tasks.Task`1[Microsoft.AspNetCore.Mvc.IActionResult] Courses() on controller CourseHub.Controllers.AdminController (CourseHub).
2026-08-15 02:43:41.298 +03:00 [INF] Executed DbCommand (1ms) [Parameters=[], CommandType='"Text"', CommandTimeout='30']
SELECT [c].[Id], [c].[CategoryId], [c].[CreatedAt], [c].[Description], [c].[EnrollmentDeadline], [c].[ImageUrl], [c].[InstructorId], [c].[Price], [c].[Title], [c0].[Id], [c0].[Name], [a].[Id], [a].[AccessFailedCount], [a].[ConcurrencyStamp], [a].[Email], [a].[EmailConfirmed], [a].[FullName], [a].[LockoutEnabled], [a].[LockoutEnd], [a].[NormalizedEmail], [a].[NormalizedUserName], [a].[PasswordHash], [a].[PhoneNumber], [a].[PhoneNumberConfirmed], [a].[SecurityStamp], [a].[TwoFactorEnabled], [a].[UserName]
FROM [Courses] AS [c]
INNER JOIN [Categories] AS [c0] ON [c].[CategoryId] = [c0].[Id]
INNER JOIN [AspNetUsers] AS [a] ON [c].[InstructorId] = [a].[Id]
ORDER BY [c].[CreatedAt] DESC
2026-08-15 02:43:41.299 +03:00 [INF] Executing ViewResult, running view Courses.
2026-08-15 02:43:41.301 +03:00 [INF] Executed ViewResult - view Courses executed in 1.6597ms.
2026-08-15 02:43:41.302 +03:00 [INF] Executed action CourseHub.Controllers.AdminController.Courses (CourseHub) in 5.6673ms
2026-08-15 02:43:41.302 +03:00 [INF] Executed endpoint 'CourseHub.Controllers.AdminController.Courses (CourseHub)'
2026-08-15 02:43:41.303 +03:00 [INF] Request finished HTTP/2 GET https://localhost:7242/Admin/Courses - 200 null text/html; charset=utf-8 11.7952ms
2026-08-15 02:43:41.340 +03:00 [INF] Request starting HTTP/2 GET https://localhost:7242/_vs/browserLink - null null
2026-08-15 02:43:41.340 +03:00 [INF] Request starting HTTP/2 GET https://localhost:7242/_framework/aspnetcore-browser-refresh.js - null null
2026-08-15 02:43:41.345 +03:00 [INF] Request finished HTTP/2 GET https://localhost:7242/_framework/aspnetcore-browser-refresh.js - 200 14923 application/javascript; charset=utf-8 4.6768ms
2026-08-15 02:43:41.347 +03:00 [INF] Request finished HTTP/2 GET https://localhost:7242/_vs/browserLink - 200 null text/javascript; charset=UTF-8 6.6408ms
2026-08-15 02:43:44.283 +03:00 [INF] Request starting HTTP/2 GET https://localhost:7242/Courses/Details/14 - null null
2026-08-15 02:43:44.286 +03:00 [INF] Executing endpoint 'CourseHub.Controllers.CoursesController.Details (CourseHub)'
2026-08-15 02:43:44.292 +03:00 [INF] Route matched with {action = "Details", controller = "Courses"}. Executing controller action with signature System.Threading.Tasks.Task`1[Microsoft.AspNetCore.Mvc.IActionResult] Details(System.Nullable`1[System.Int32]) on controller CourseHub.Controllers.CoursesController (CourseHub).
2026-08-15 02:43:44.364 +03:00 [WRN] You do not have a valid license key for the Lucky Penny software AutoMapper. This is allowed for development and testing scenarios. If you are running in production you are required to have a licensed version. Please visit https://luckypennysoftware.com to obtain a valid license.
2026-08-15 02:43:44.376 +03:00 [INF] Executed DbCommand (5ms) [Parameters=[@id='?' (DbType = Int32)], CommandType='"Text"', CommandTimeout='30']
SELECT TOP(1) [c].[Id], [c].[CategoryId], [c].[CreatedAt], [c].[Description], [c].[EnrollmentDeadline], [c].[ImageUrl], [c].[InstructorId], [c].[Price], [c].[Title], [c0].[Id], [c0].[Name], [a].[Id], [a].[AccessFailedCount], [a].[ConcurrencyStamp], [a].[Email], [a].[EmailConfirmed], [a].[FullName], [a].[LockoutEnabled], [a].[LockoutEnd], [a].[NormalizedEmail], [a].[NormalizedUserName], [a].[PasswordHash], [a].[PhoneNumber], [a].[PhoneNumberConfirmed], [a].[SecurityStamp], [a].[TwoFactorEnabled], [a].[UserName]
FROM [Courses] AS [c]
INNER JOIN [Categories] AS [c0] ON [c].[CategoryId] = [c0].[Id]
INNER JOIN [AspNetUsers] AS [a] ON [c].[InstructorId] = [a].[Id]
WHERE [c].[Id] = @id
2026-08-15 02:43:44.389 +03:00 [INF] Executed DbCommand (2ms) [Parameters=[@p='?' (Size = 450)], CommandType='"Text"', CommandTimeout='30']
SELECT TOP(1) [a].[Id], [a].[AccessFailedCount], [a].[ConcurrencyStamp], [a].[Email], [a].[EmailConfirmed], [a].[FullName], [a].[LockoutEnabled], [a].[LockoutEnd], [a].[NormalizedEmail], [a].[NormalizedUserName], [a].[PasswordHash], [a].[PhoneNumber], [a].[PhoneNumberConfirmed], [a].[SecurityStamp], [a].[TwoFactorEnabled], [a].[UserName]
FROM [AspNetUsers] AS [a]
WHERE [a].[Id] = @p
2026-08-15 02:43:44.409 +03:00 [INF] Executed DbCommand (5ms) [Parameters=[@user_Id='?' (Size = 450), @_8__locals1_course_Id='?' (DbType = Int32)], CommandType='"Text"', CommandTimeout='30']
SELECT CASE
    WHEN EXISTS (
        SELECT 1
        FROM [Enrollments] AS [e]
        WHERE [e].[StudentId] = @user_Id AND [e].[CourseId] = @_8__locals1_course_Id) THEN CAST(1 AS bit)
    ELSE CAST(0 AS bit)
END
2026-08-15 02:43:44.413 +03:00 [INF] Executing ViewResult, running view Details.
2026-08-15 02:43:44.421 +03:00 [INF] Executed ViewResult - view Details executed in 8.7594ms.
2026-08-15 02:43:44.422 +03:00 [INF] Executed action CourseHub.Controllers.CoursesController.Details (CourseHub) in 129.1142ms
2026-08-15 02:43:44.423 +03:00 [INF] Executed endpoint 'CourseHub.Controllers.CoursesController.Details (CourseHub)'
2026-08-15 02:43:44.424 +03:00 [INF] Request finished HTTP/2 GET https://localhost:7242/Courses/Details/14 - 200 null text/html; charset=utf-8 140.1699ms
2026-08-15 02:43:44.460 +03:00 [INF] Request starting HTTP/2 GET https://localhost:7242/_vs/browserLink - null null
2026-08-15 02:43:44.460 +03:00 [INF] Request starting HTTP/2 GET https://localhost:7242/images/courses/default-course.jpg - null null
2026-08-15 02:43:44.460 +03:00 [INF] Request starting HTTP/2 GET https://localhost:7242/_framework/aspnetcore-browser-refresh.js - null null
2026-08-15 02:43:44.465 +03:00 [INF] Request finished HTTP/2 GET https://localhost:7242/_vs/browserLink - 200 null text/javascript; charset=UTF-8 4.7167ms
2026-08-15 02:43:44.465 +03:00 [INF] Request finished HTTP/2 GET https://localhost:7242/_framework/aspnetcore-browser-refresh.js - 200 14923 application/javascript; charset=utf-8 4.5788ms
2026-08-15 02:43:44.469 +03:00 [INF] Executing endpoint 'CourseHub.Controllers.ErrorController.StatusCode (CourseHub)'
2026-08-15 02:43:44.471 +03:00 [INF] Route matched with {action = "StatusCode", controller = "Error"}. Executing controller action with signature Microsoft.AspNetCore.Mvc.IActionResult StatusCode(Int32) on controller CourseHub.Controllers.ErrorController (CourseHub).
2026-08-15 02:43:44.477 +03:00 [WRN] HTTP Status Code 404 occurred for /Error/StatusCode
2026-08-15 02:43:44.479 +03:00 [INF] Executing ViewResult, running view StatusCode.
2026-08-15 02:43:44.489 +03:00 [INF] Executed ViewResult - view StatusCode executed in 10.21ms.
2026-08-15 02:43:44.490 +03:00 [INF] Executed action CourseHub.Controllers.ErrorController.StatusCode (CourseHub) in 17.7507ms
2026-08-15 02:43:44.491 +03:00 [INF] Executed endpoint 'CourseHub.Controllers.ErrorController.StatusCode (CourseHub)'
2026-08-15 02:43:44.492 +03:00 [INF] Request finished HTTP/2 GET https://localhost:7242/images/courses/default-course.jpg - 404 null text/html; charset=utf-8 31.9159ms
2026-08-15 02:43:44.494 +03:00 [INF] Request reached the end of the middleware pipeline without being handled by application code. Request path: GET https://localhost:7242/images/courses/default-course.jpg, Response status code: 404
2026-08-15 02:43:46.872 +03:00 [INF] Request starting HTTP/2 GET https://localhost:7242/Admin/Courses - null null
2026-08-15 02:43:46.875 +03:00 [INF] Executing endpoint 'CourseHub.Controllers.AdminController.Courses (CourseHub)'
2026-08-15 02:43:46.876 +03:00 [INF] Route matched with {action = "Courses", controller = "Admin"}. Executing controller action with signature System.Threading.Tasks.Task`1[Microsoft.AspNetCore.Mvc.IActionResult] Courses() on controller CourseHub.Controllers.AdminController (CourseHub).
2026-08-15 02:43:46.878 +03:00 [INF] Executed DbCommand (0ms) [Parameters=[], CommandType='"Text"', CommandTimeout='30']
SELECT [c].[Id], [c].[CategoryId], [c].[CreatedAt], [c].[Description], [c].[EnrollmentDeadline], [c].[ImageUrl], [c].[InstructorId], [c].[Price], [c].[Title], [c0].[Id], [c0].[Name], [a].[Id], [a].[AccessFailedCount], [a].[ConcurrencyStamp], [a].[Email], [a].[EmailConfirmed], [a].[FullName], [a].[LockoutEnabled], [a].[LockoutEnd], [a].[NormalizedEmail], [a].[NormalizedUserName], [a].[PasswordHash], [a].[PhoneNumber], [a].[PhoneNumberConfirmed], [a].[SecurityStamp], [a].[TwoFactorEnabled], [a].[UserName]
FROM [Courses] AS [c]
INNER JOIN [Categories] AS [c0] ON [c].[CategoryId] = [c0].[Id]
INNER JOIN [AspNetUsers] AS [a] ON [c].[InstructorId] = [a].[Id]
ORDER BY [c].[CreatedAt] DESC
2026-08-15 02:43:46.879 +03:00 [INF] Executing ViewResult, running view Courses.
2026-08-15 02:43:46.881 +03:00 [INF] Executed ViewResult - view Courses executed in 2.1957ms.
2026-08-15 02:43:46.882 +03:00 [INF] Executed action CourseHub.Controllers.AdminController.Courses (CourseHub) in 5.4675ms
2026-08-15 02:43:46.883 +03:00 [INF] Executed endpoint 'CourseHub.Controllers.AdminController.Courses (CourseHub)'
2026-08-15 02:43:46.883 +03:00 [INF] Request finished HTTP/2 GET https://localhost:7242/Admin/Courses - 200 null text/html; charset=utf-8 11.5412ms
2026-08-15 02:43:46.918 +03:00 [INF] Request starting HTTP/2 GET https://localhost:7242/_framework/aspnetcore-browser-refresh.js - null null
2026-08-15 02:43:46.919 +03:00 [INF] Request finished HTTP/2 GET https://localhost:7242/_framework/aspnetcore-browser-refresh.js - 200 14923 application/javascript; charset=utf-8 1.6088ms
2026-08-15 02:43:47.529 +03:00 [INF] Request starting HTTP/2 GET https://localhost:7242/Courses/Details/10 - null null
2026-08-15 02:43:47.533 +03:00 [INF] Executing endpoint 'CourseHub.Controllers.CoursesController.Details (CourseHub)'
2026-08-15 02:43:47.533 +03:00 [INF] Route matched with {action = "Details", controller = "Courses"}. Executing controller action with signature System.Threading.Tasks.Task`1[Microsoft.AspNetCore.Mvc.IActionResult] Details(System.Nullable`1[System.Int32]) on controller CourseHub.Controllers.CoursesController (CourseHub).
2026-08-15 02:43:47.536 +03:00 [INF] Executed DbCommand (0ms) [Parameters=[@id='?' (DbType = Int32)], CommandType='"Text"', CommandTimeout='30']
SELECT TOP(1) [c].[Id], [c].[CategoryId], [c].[CreatedAt], [c].[Description], [c].[EnrollmentDeadline], [c].[ImageUrl], [c].[InstructorId], [c].[Price], [c].[Title], [c0].[Id], [c0].[Name], [a].[Id], [a].[AccessFailedCount], [a].[ConcurrencyStamp], [a].[Email], [a].[EmailConfirmed], [a].[FullName], [a].[LockoutEnabled], [a].[LockoutEnd], [a].[NormalizedEmail], [a].[NormalizedUserName], [a].[PasswordHash], [a].[PhoneNumber], [a].[PhoneNumberConfirmed], [a].[SecurityStamp], [a].[TwoFactorEnabled], [a].[UserName]
FROM [Courses] AS [c]
INNER JOIN [Categories] AS [c0] ON [c].[CategoryId] = [c0].[Id]
INNER JOIN [AspNetUsers] AS [a] ON [c].[InstructorId] = [a].[Id]
WHERE [c].[Id] = @id
2026-08-15 02:43:47.538 +03:00 [INF] Executed DbCommand (0ms) [Parameters=[@p='?' (Size = 450)], CommandType='"Text"', CommandTimeout='30']
SELECT TOP(1) [a].[Id], [a].[AccessFailedCount], [a].[ConcurrencyStamp], [a].[Email], [a].[EmailConfirmed], [a].[FullName], [a].[LockoutEnabled], [a].[LockoutEnd], [a].[NormalizedEmail], [a].[NormalizedUserName], [a].[PasswordHash], [a].[PhoneNumber], [a].[PhoneNumberConfirmed], [a].[SecurityStamp], [a].[TwoFactorEnabled], [a].[UserName]
FROM [AspNetUsers] AS [a]
WHERE [a].[Id] = @p
2026-08-15 02:43:47.540 +03:00 [INF] Executed DbCommand (0ms) [Parameters=[@user_Id='?' (Size = 450), @_8__locals1_course_Id='?' (DbType = Int32)], CommandType='"Text"', CommandTimeout='30']
SELECT CASE
    WHEN EXISTS (
        SELECT 1
        FROM [Enrollments] AS [e]
        WHERE [e].[StudentId] = @user_Id AND [e].[CourseId] = @_8__locals1_course_Id) THEN CAST(1 AS bit)
    ELSE CAST(0 AS bit)
END
2026-08-15 02:43:47.541 +03:00 [INF] Executing ViewResult, running view Details.
2026-08-15 02:43:47.542 +03:00 [INF] Executed ViewResult - view Details executed in 1.3722ms.
2026-08-15 02:43:47.543 +03:00 [INF] Executed action CourseHub.Controllers.CoursesController.Details (CourseHub) in 8.7929ms
2026-08-15 02:43:47.544 +03:00 [INF] Executed endpoint 'CourseHub.Controllers.CoursesController.Details (CourseHub)'
2026-08-15 02:43:47.545 +03:00 [INF] Request finished HTTP/2 GET https://localhost:7242/Courses/Details/10 - 200 null text/html; charset=utf-8 15.9386ms
2026-08-15 02:43:47.581 +03:00 [INF] Request starting HTTP/2 GET https://localhost:7242/images/courses/default-course.jpg - null null
2026-08-15 02:43:47.582 +03:00 [INF] Request starting HTTP/2 GET https://localhost:7242/_vs/browserLink - null null
2026-08-15 02:43:47.582 +03:00 [INF] Request starting HTTP/2 GET https://localhost:7242/_framework/aspnetcore-browser-refresh.js - null null
2026-08-15 02:43:47.585 +03:00 [INF] Executing endpoint 'CourseHub.Controllers.ErrorController.StatusCode (CourseHub)'
2026-08-15 02:43:47.586 +03:00 [INF] Request finished HTTP/2 GET https://localhost:7242/_framework/aspnetcore-browser-refresh.js - 200 14923 application/javascript; charset=utf-8 3.5391ms
2026-08-15 02:43:47.586 +03:00 [INF] Route matched with {action = "StatusCode", controller = "Error"}. Executing controller action with signature Microsoft.AspNetCore.Mvc.IActionResult StatusCode(Int32) on controller CourseHub.Controllers.ErrorController (CourseHub).
2026-08-15 02:43:47.587 +03:00 [INF] Request finished HTTP/2 GET https://localhost:7242/_vs/browserLink - 200 null text/javascript; charset=UTF-8 5.0038ms
2026-08-15 02:43:47.589 +03:00 [WRN] HTTP Status Code 404 occurred for /Error/StatusCode
2026-08-15 02:43:47.591 +03:00 [INF] Executing ViewResult, running view StatusCode.
2026-08-15 02:43:47.592 +03:00 [INF] Executed ViewResult - view StatusCode executed in 1.2052ms.
2026-08-15 02:43:47.593 +03:00 [INF] Executed action CourseHub.Controllers.ErrorController.StatusCode (CourseHub) in 4.4748ms
2026-08-15 02:43:47.594 +03:00 [INF] Executed endpoint 'CourseHub.Controllers.ErrorController.StatusCode (CourseHub)'
2026-08-15 02:43:47.594 +03:00 [INF] Request finished HTTP/2 GET https://localhost:7242/images/courses/default-course.jpg - 404 null text/html; charset=utf-8 13.4567ms
2026-08-15 02:43:47.597 +03:00 [INF] Request reached the end of the middleware pipeline without being handled by application code. Request path: GET https://localhost:7242/images/courses/default-course.jpg, Response status code: 404
2026-08-15 02:43:49.647 +03:00 [INF] Request starting HTTP/2 GET https://localhost:7242/Admin/Courses - null null
2026-08-15 02:43:49.650 +03:00 [INF] Executing endpoint 'CourseHub.Controllers.AdminController.Courses (CourseHub)'
2026-08-15 02:43:49.651 +03:00 [INF] Route matched with {action = "Courses", controller = "Admin"}. Executing controller action with signature System.Threading.Tasks.Task`1[Microsoft.AspNetCore.Mvc.IActionResult] Courses() on controller CourseHub.Controllers.AdminController (CourseHub).
2026-08-15 02:43:49.653 +03:00 [INF] Executed DbCommand (1ms) [Parameters=[], CommandType='"Text"', CommandTimeout='30']
SELECT [c].[Id], [c].[CategoryId], [c].[CreatedAt], [c].[Description], [c].[EnrollmentDeadline], [c].[ImageUrl], [c].[InstructorId], [c].[Price], [c].[Title], [c0].[Id], [c0].[Name], [a].[Id], [a].[AccessFailedCount], [a].[ConcurrencyStamp], [a].[Email], [a].[EmailConfirmed], [a].[FullName], [a].[LockoutEnabled], [a].[LockoutEnd], [a].[NormalizedEmail], [a].[NormalizedUserName], [a].[PasswordHash], [a].[PhoneNumber], [a].[PhoneNumberConfirmed], [a].[SecurityStamp], [a].[TwoFactorEnabled], [a].[UserName]
FROM [Courses] AS [c]
INNER JOIN [Categories] AS [c0] ON [c].[CategoryId] = [c0].[Id]
INNER JOIN [AspNetUsers] AS [a] ON [c].[InstructorId] = [a].[Id]
ORDER BY [c].[CreatedAt] DESC
2026-08-15 02:43:49.655 +03:00 [INF] Executing ViewResult, running view Courses.
2026-08-15 02:43:49.657 +03:00 [INF] Executed ViewResult - view Courses executed in 1.7244ms.
2026-08-15 02:43:49.658 +03:00 [INF] Executed action CourseHub.Controllers.AdminController.Courses (CourseHub) in 5.6983ms
2026-08-15 02:43:49.658 +03:00 [INF] Executed endpoint 'CourseHub.Controllers.AdminController.Courses (CourseHub)'
2026-08-15 02:43:49.659 +03:00 [INF] Request finished HTTP/2 GET https://localhost:7242/Admin/Courses - 200 null text/html; charset=utf-8 12.3556ms
2026-08-15 02:43:49.694 +03:00 [INF] Request starting HTTP/2 GET https://localhost:7242/_framework/aspnetcore-browser-refresh.js - null null
2026-08-15 02:43:49.695 +03:00 [INF] Request finished HTTP/2 GET https://localhost:7242/_framework/aspnetcore-browser-refresh.js - 200 14923 application/javascript; charset=utf-8 1.6231ms
2026-08-15 02:43:50.593 +03:00 [INF] Request starting HTTP/2 GET https://localhost:7242/Courses/Details/8 - null null
2026-08-15 02:43:50.596 +03:00 [INF] Executing endpoint 'CourseHub.Controllers.CoursesController.Details (CourseHub)'
2026-08-15 02:43:50.597 +03:00 [INF] Route matched with {action = "Details", controller = "Courses"}. Executing controller action with signature System.Threading.Tasks.Task`1[Microsoft.AspNetCore.Mvc.IActionResult] Details(System.Nullable`1[System.Int32]) on controller CourseHub.Controllers.CoursesController (CourseHub).
2026-08-15 02:43:50.599 +03:00 [INF] Executed DbCommand (0ms) [Parameters=[@id='?' (DbType = Int32)], CommandType='"Text"', CommandTimeout='30']
SELECT TOP(1) [c].[Id], [c].[CategoryId], [c].[CreatedAt], [c].[Description], [c].[EnrollmentDeadline], [c].[ImageUrl], [c].[InstructorId], [c].[Price], [c].[Title], [c0].[Id], [c0].[Name], [a].[Id], [a].[AccessFailedCount], [a].[ConcurrencyStamp], [a].[Email], [a].[EmailConfirmed], [a].[FullName], [a].[LockoutEnabled], [a].[LockoutEnd], [a].[NormalizedEmail], [a].[NormalizedUserName], [a].[PasswordHash], [a].[PhoneNumber], [a].[PhoneNumberConfirmed], [a].[SecurityStamp], [a].[TwoFactorEnabled], [a].[UserName]
FROM [Courses] AS [c]
INNER JOIN [Categories] AS [c0] ON [c].[CategoryId] = [c0].[Id]
INNER JOIN [AspNetUsers] AS [a] ON [c].[InstructorId] = [a].[Id]
WHERE [c].[Id] = @id
2026-08-15 02:43:50.601 +03:00 [INF] Executed DbCommand (0ms) [Parameters=[@p='?' (Size = 450)], CommandType='"Text"', CommandTimeout='30']
SELECT TOP(1) [a].[Id], [a].[AccessFailedCount], [a].[ConcurrencyStamp], [a].[Email], [a].[EmailConfirmed], [a].[FullName], [a].[LockoutEnabled], [a].[LockoutEnd], [a].[NormalizedEmail], [a].[NormalizedUserName], [a].[PasswordHash], [a].[PhoneNumber], [a].[PhoneNumberConfirmed], [a].[SecurityStamp], [a].[TwoFactorEnabled], [a].[UserName]
FROM [AspNetUsers] AS [a]
WHERE [a].[Id] = @p
2026-08-15 02:43:50.603 +03:00 [INF] Executed DbCommand (0ms) [Parameters=[@user_Id='?' (Size = 450), @_8__locals1_course_Id='?' (DbType = Int32)], CommandType='"Text"', CommandTimeout='30']
SELECT CASE
    WHEN EXISTS (
        SELECT 1
        FROM [Enrollments] AS [e]
        WHERE [e].[StudentId] = @user_Id AND [e].[CourseId] = @_8__locals1_course_Id) THEN CAST(1 AS bit)
    ELSE CAST(0 AS bit)
END
2026-08-15 02:43:50.604 +03:00 [INF] Executing ViewResult, running view Details.
2026-08-15 02:43:50.606 +03:00 [INF] Executed ViewResult - view Details executed in 1.9797ms.
2026-08-15 02:43:50.607 +03:00 [INF] Executed action CourseHub.Controllers.CoursesController.Details (CourseHub) in 9.3183ms
2026-08-15 02:43:50.608 +03:00 [INF] Executed endpoint 'CourseHub.Controllers.CoursesController.Details (CourseHub)'
2026-08-15 02:43:50.608 +03:00 [INF] Request finished HTTP/2 GET https://localhost:7242/Courses/Details/8 - 200 null text/html; charset=utf-8 15.5944ms
2026-08-15 02:43:50.644 +03:00 [INF] Request starting HTTP/2 GET https://localhost:7242/images/courses/default-course.jpg - null null
2026-08-15 02:43:50.644 +03:00 [INF] Request starting HTTP/2 GET https://localhost:7242/_vs/browserLink - null null
2026-08-15 02:43:50.644 +03:00 [INF] Request starting HTTP/2 GET https://localhost:7242/_framework/aspnetcore-browser-refresh.js - null null
2026-08-15 02:43:50.646 +03:00 [INF] Executing endpoint 'CourseHub.Controllers.ErrorController.StatusCode (CourseHub)'
2026-08-15 02:43:50.649 +03:00 [INF] Request finished HTTP/2 GET https://localhost:7242/_framework/aspnetcore-browser-refresh.js - 200 14923 application/javascript; charset=utf-8 4.5786ms
2026-08-15 02:43:50.649 +03:00 [INF] Route matched with {action = "StatusCode", controller = "Error"}. Executing controller action with signature Microsoft.AspNetCore.Mvc.IActionResult StatusCode(Int32) on controller CourseHub.Controllers.ErrorController (CourseHub).
2026-08-15 02:43:50.650 +03:00 [INF] Request finished HTTP/2 GET https://localhost:7242/_vs/browserLink - 200 null text/javascript; charset=UTF-8 5.9128ms
2026-08-15 02:43:50.652 +03:00 [WRN] HTTP Status Code 404 occurred for /Error/StatusCode
2026-08-15 02:43:50.654 +03:00 [INF] Executing ViewResult, running view StatusCode.
2026-08-15 02:43:50.656 +03:00 [INF] Executed ViewResult - view StatusCode executed in 1.3996ms.
2026-08-15 02:43:50.657 +03:00 [INF] Executed action CourseHub.Controllers.ErrorController.StatusCode (CourseHub) in 4.5974ms
2026-08-15 02:43:50.657 +03:00 [INF] Executed endpoint 'CourseHub.Controllers.ErrorController.StatusCode (CourseHub)'
2026-08-15 02:43:50.658 +03:00 [INF] Request finished HTTP/2 GET https://localhost:7242/images/courses/default-course.jpg - 404 null text/html; charset=utf-8 14.3376ms
2026-08-15 02:43:50.660 +03:00 [INF] Request reached the end of the middleware pipeline without being handled by application code. Request path: GET https://localhost:7242/images/courses/default-course.jpg, Response status code: 404
2026-08-15 02:51:29.435 +03:00 [INF] User profile is available. Using 'C:\Users\ayman\AppData\Local\ASP.NET\DataProtection-Keys' as key repository and Windows DPAPI to encrypt keys at rest.
2026-08-15 02:51:29.943 +03:00 [WRN] No store type was specified for the decimal property 'Price' on entity type 'Course'. This will cause values to be silently truncated if they do not fit in the default precision and scale. Explicitly specify the SQL server column type that can accommodate all the values in 'OnModelCreating' using 'HasColumnType', specify precision and scale using 'HasPrecision', or configure a value converter using 'HasConversion'.
2026-08-15 02:51:30.598 +03:00 [INF] Executed DbCommand (43ms) [Parameters=[@normalizedName='?' (Size = 256)], CommandType='"Text"', CommandTimeout='30']
SELECT TOP(1) [a].[Id], [a].[ConcurrencyStamp], [a].[Name], [a].[NormalizedName]
FROM [AspNetRoles] AS [a]
WHERE [a].[NormalizedName] = @normalizedName
2026-08-15 02:51:30.667 +03:00 [INF] Executed DbCommand (1ms) [Parameters=[@normalizedName='?' (Size = 256)], CommandType='"Text"', CommandTimeout='30']
SELECT TOP(1) [a].[Id], [a].[ConcurrencyStamp], [a].[Name], [a].[NormalizedName]
FROM [AspNetRoles] AS [a]
WHERE [a].[NormalizedName] = @normalizedName
2026-08-15 02:51:30.670 +03:00 [INF] Executed DbCommand (0ms) [Parameters=[@normalizedName='?' (Size = 256)], CommandType='"Text"', CommandTimeout='30']
SELECT TOP(1) [a].[Id], [a].[ConcurrencyStamp], [a].[Name], [a].[NormalizedName]
FROM [AspNetRoles] AS [a]
WHERE [a].[NormalizedName] = @normalizedName
2026-08-15 02:51:30.683 +03:00 [INF] Executed DbCommand (3ms) [Parameters=[@normalizedEmail='?' (Size = 256)], CommandType='"Text"', CommandTimeout='30']
SELECT TOP(2) [a].[Id], [a].[AccessFailedCount], [a].[ConcurrencyStamp], [a].[Email], [a].[EmailConfirmed], [a].[FullName], [a].[LockoutEnabled], [a].[LockoutEnd], [a].[NormalizedEmail], [a].[NormalizedUserName], [a].[PasswordHash], [a].[PhoneNumber], [a].[PhoneNumberConfirmed], [a].[SecurityStamp], [a].[TwoFactorEnabled], [a].[UserName]
FROM [AspNetUsers] AS [a]
WHERE [a].[NormalizedEmail] = @normalizedEmail
2026-08-15 02:51:30.851 +03:00 [INF] Now listening on: https://localhost:7242
2026-08-15 02:51:30.852 +03:00 [INF] Now listening on: http://localhost:5164
2026-08-15 02:51:30.883 +03:00 [INF] Application started. Press Ctrl+C to shut down.
2026-08-15 02:51:30.884 +03:00 [INF] Hosting environment: Development
2026-08-15 02:51:30.885 +03:00 [INF] Content root path: D:\Real Projects\Mvc Projects\CourseHub\CourseHub
2026-08-15 02:51:31.422 +03:00 [INF] Request starting HTTP/2 GET https://localhost:7242/ - null null
2026-08-15 02:51:31.520 +03:00 [INF] Executing endpoint 'CourseHub.Controllers.HomeController.Index (CourseHub)'
2026-08-15 02:51:31.535 +03:00 [INF] Route matched with {action = "Index", controller = "Home"}. Executing controller action with signature System.Threading.Tasks.Task`1[Microsoft.AspNetCore.Mvc.IActionResult] Index() on controller CourseHub.Controllers.HomeController (CourseHub).
2026-08-15 02:51:31.616 +03:00 [INF] Executed DbCommand (2ms) [Parameters=[], CommandType='"Text"', CommandTimeout='30']
SELECT COUNT(*)
FROM [Courses] AS [c]
2026-08-15 02:51:31.623 +03:00 [INF] Executed DbCommand (1ms) [Parameters=[], CommandType='"Text"', CommandTimeout='30']
SELECT COUNT(*)
FROM [Categories] AS [c]
2026-08-15 02:51:31.658 +03:00 [INF] Executing ViewResult, running view Index.
2026-08-15 02:51:31.762 +03:00 [INF] Executed ViewResult - view Index executed in 105.6072ms.
2026-08-15 02:51:31.767 +03:00 [INF] Executed action CourseHub.Controllers.HomeController.Index (CourseHub) in 229.4801ms
2026-08-15 02:51:31.768 +03:00 [INF] Executed endpoint 'CourseHub.Controllers.HomeController.Index (CourseHub)'
2026-08-15 02:51:31.779 +03:00 [INF] Request finished HTTP/2 GET https://localhost:7242/ - 200 null text/html; charset=utf-8 361.345ms
2026-08-15 02:51:31.793 +03:00 [INF] Request starting HTTP/2 GET https://localhost:7242/_vs/browserLink - null null
2026-08-15 02:51:31.793 +03:00 [INF] Request starting HTTP/2 GET https://localhost:7242/_framework/aspnetcore-browser-refresh.js - null null
2026-08-15 02:51:31.802 +03:00 [INF] Request finished HTTP/2 GET https://localhost:7242/_framework/aspnetcore-browser-refresh.js - 200 14923 application/javascript; charset=utf-8 8.8431ms
2026-08-15 02:51:31.823 +03:00 [INF] Request finished HTTP/2 GET https://localhost:7242/_vs/browserLink - 200 null text/javascript; charset=UTF-8 30.2531ms
2026-08-15 02:51:33.928 +03:00 [INF] Request starting HTTP/2 GET https://localhost:7242/Courses - null null
2026-08-15 02:51:33.939 +03:00 [INF] Executing endpoint 'CourseHub.Controllers.CoursesController.Index (CourseHub)'
2026-08-15 02:51:33.950 +03:00 [INF] Route matched with {action = "Index", controller = "Courses"}. Executing controller action with signature System.Threading.Tasks.Task`1[Microsoft.AspNetCore.Mvc.IActionResult] Index(System.String, System.Nullable`1[System.Int32], Int32) on controller CourseHub.Controllers.CoursesController (CourseHub).
2026-08-15 02:51:34.026 +03:00 [WRN] You do not have a valid license key for the Lucky Penny software AutoMapper. This is allowed for development and testing scenarios. If you are running in production you are required to have a licensed version. Please visit https://luckypennysoftware.com to obtain a valid license.
2026-08-15 02:51:34.049 +03:00 [INF] Executed DbCommand (1ms) [Parameters=[], CommandType='"Text"', CommandTimeout='30']
SELECT COUNT(*)
FROM [Courses] AS [c]
2026-08-15 02:51:34.109 +03:00 [INF] Executed DbCommand (4ms) [Parameters=[@p='?' (DbType = Int32), @p1='?' (DbType = Int32)], CommandType='"Text"', CommandTimeout='30']
SELECT [c1].[Id], [c1].[CategoryId], [c1].[CreatedAt], [c1].[Description], [c1].[EnrollmentDeadline], [c1].[ImageUrl], [c1].[InstructorId], [c1].[Price], [c1].[Title], [c0].[Id], [c0].[Name], [a].[Id], [a].[AccessFailedCount], [a].[ConcurrencyStamp], [a].[Email], [a].[EmailConfirmed], [a].[FullName], [a].[LockoutEnabled], [a].[LockoutEnd], [a].[NormalizedEmail], [a].[NormalizedUserName], [a].[PasswordHash], [a].[PhoneNumber], [a].[PhoneNumberConfirmed], [a].[SecurityStamp], [a].[TwoFactorEnabled], [a].[UserName]
FROM (
    SELECT [c].[Id], [c].[CategoryId], [c].[CreatedAt], [c].[Description], [c].[EnrollmentDeadline], [c].[ImageUrl], [c].[InstructorId], [c].[Price], [c].[Title]
    FROM [Courses] AS [c]
    ORDER BY [c].[CreatedAt] DESC
    OFFSET @p ROWS FETCH NEXT @p1 ROWS ONLY
) AS [c1]
INNER JOIN [Categories] AS [c0] ON [c1].[CategoryId] = [c0].[Id]
INNER JOIN [AspNetUsers] AS [a] ON [c1].[InstructorId] = [a].[Id]
ORDER BY [c1].[CreatedAt] DESC
2026-08-15 02:51:34.122 +03:00 [INF] Executed DbCommand (1ms) [Parameters=[], CommandType='"Text"', CommandTimeout='30']
SELECT [c].[Id], [c].[Name]
FROM [Categories] AS [c]
ORDER BY [c].[Name]
2026-08-15 02:51:34.132 +03:00 [INF] Executing ViewResult, running view Index.
2026-08-15 02:51:34.165 +03:00 [INF] Executed ViewResult - view Index executed in 34.2025ms.
2026-08-15 02:51:34.166 +03:00 [INF] Executed action CourseHub.Controllers.CoursesController.Index (CourseHub) in 214.949ms
2026-08-15 02:51:34.167 +03:00 [INF] Executed endpoint 'CourseHub.Controllers.CoursesController.Index (CourseHub)'
2026-08-15 02:51:34.168 +03:00 [INF] Request finished HTTP/2 GET https://localhost:7242/Courses - 200 null text/html; charset=utf-8 240.4339ms
2026-08-15 02:51:34.202 +03:00 [INF] Request starting HTTP/2 GET https://localhost:7242/_framework/aspnetcore-browser-refresh.js - null null
2026-08-15 02:51:34.202 +03:00 [INF] Request starting HTTP/2 GET https://localhost:7242/images/courses/default-course.jpg - null null
2026-08-15 02:51:34.202 +03:00 [INF] Request starting HTTP/2 GET https://localhost:7242/_vs/browserLink - null null
2026-08-15 02:51:34.204 +03:00 [INF] Request finished HTTP/2 GET https://localhost:7242/_framework/aspnetcore-browser-refresh.js - 200 14923 application/javascript; charset=utf-8 2.5118ms
2026-08-15 02:51:34.218 +03:00 [INF] Request finished HTTP/2 GET https://localhost:7242/_vs/browserLink - 200 null text/javascript; charset=UTF-8 16.9618ms
2026-08-15 02:51:34.229 +03:00 [INF] Executing endpoint 'CourseHub.Controllers.ErrorController.StatusCode (CourseHub)'
2026-08-15 02:51:34.231 +03:00 [INF] Route matched with {action = "StatusCode", controller = "Error"}. Executing controller action with signature Microsoft.AspNetCore.Mvc.IActionResult StatusCode(Int32) on controller CourseHub.Controllers.ErrorController (CourseHub).
2026-08-15 02:51:34.237 +03:00 [WRN] HTTP Status Code 404 occurred for /Error/StatusCode
2026-08-15 02:51:34.240 +03:00 [INF] Executing ViewResult, running view StatusCode.
2026-08-15 02:51:34.266 +03:00 [INF] Executed ViewResult - view StatusCode executed in 25.8241ms.
2026-08-15 02:51:34.267 +03:00 [INF] Executed action CourseHub.Controllers.ErrorController.StatusCode (CourseHub) in 34.6271ms
2026-08-15 02:51:34.267 +03:00 [INF] Executed endpoint 'CourseHub.Controllers.ErrorController.StatusCode (CourseHub)'
2026-08-15 02:51:34.268 +03:00 [INF] Request finished HTTP/2 GET https://localhost:7242/images/courses/default-course.jpg - 404 null text/html; charset=utf-8 66.9596ms
2026-08-15 02:51:34.271 +03:00 [INF] Request reached the end of the middleware pipeline without being handled by application code. Request path: GET https://localhost:7242/images/courses/default-course.jpg, Response status code: 404
2026-08-15 02:51:37.005 +03:00 [INF] Request starting HTTP/2 GET https://localhost:7242/Admin/Dashboard - null null
2026-08-15 02:51:37.014 +03:00 [INF] Executing endpoint 'CourseHub.Controllers.AdminController.Dashboard (CourseHub)'
2026-08-15 02:51:37.020 +03:00 [INF] Route matched with {action = "Dashboard", controller = "Admin"}. Executing controller action with signature System.Threading.Tasks.Task`1[Microsoft.AspNetCore.Mvc.IActionResult] Dashboard() on controller CourseHub.Controllers.AdminController (CourseHub).
2026-08-15 02:51:37.031 +03:00 [INF] Executed DbCommand (2ms) [Parameters=[@normalizedRoleName='?' (Size = 256)], CommandType='"Text"', CommandTimeout='30']
SELECT TOP(2) [a].[Id], [a].[ConcurrencyStamp], [a].[Name], [a].[NormalizedName]
FROM [AspNetRoles] AS [a]
WHERE [a].[NormalizedName] = @normalizedRoleName
2026-08-15 02:51:37.045 +03:00 [INF] Executed DbCommand (2ms) [Parameters=[@role_Id='?' (Size = 450)], CommandType='"Text"', CommandTimeout='30']
SELECT [a0].[Id], [a0].[AccessFailedCount], [a0].[ConcurrencyStamp], [a0].[Email], [a0].[EmailConfirmed], [a0].[FullName], [a0].[LockoutEnabled], [a0].[LockoutEnd], [a0].[NormalizedEmail], [a0].[NormalizedUserName], [a0].[PasswordHash], [a0].[PhoneNumber], [a0].[PhoneNumberConfirmed], [a0].[SecurityStamp], [a0].[TwoFactorEnabled], [a0].[UserName]
FROM [AspNetUserRoles] AS [a]
INNER JOIN [AspNetUsers] AS [a0] ON [a].[UserId] = [a0].[Id]
WHERE [a].[RoleId] = @role_Id
2026-08-15 02:51:37.047 +03:00 [INF] Executed DbCommand (0ms) [Parameters=[@normalizedRoleName='?' (Size = 256)], CommandType='"Text"', CommandTimeout='30']
SELECT TOP(2) [a].[Id], [a].[ConcurrencyStamp], [a].[Name], [a].[NormalizedName]
FROM [AspNetRoles] AS [a]
WHERE [a].[NormalizedName] = @normalizedRoleName
2026-08-15 02:51:37.050 +03:00 [INF] Executed DbCommand (0ms) [Parameters=[@role_Id='?' (Size = 450)], CommandType='"Text"', CommandTimeout='30']
SELECT [a0].[Id], [a0].[AccessFailedCount], [a0].[ConcurrencyStamp], [a0].[Email], [a0].[EmailConfirmed], [a0].[FullName], [a0].[LockoutEnabled], [a0].[LockoutEnd], [a0].[NormalizedEmail], [a0].[NormalizedUserName], [a0].[PasswordHash], [a0].[PhoneNumber], [a0].[PhoneNumberConfirmed], [a0].[SecurityStamp], [a0].[TwoFactorEnabled], [a0].[UserName]
FROM [AspNetUserRoles] AS [a]
INNER JOIN [AspNetUsers] AS [a0] ON [a].[UserId] = [a0].[Id]
WHERE [a].[RoleId] = @role_Id
2026-08-15 02:51:37.055 +03:00 [INF] Executed DbCommand (1ms) [Parameters=[], CommandType='"Text"', CommandTimeout='30']
SELECT COUNT(*)
FROM [AspNetUsers] AS [a]
2026-08-15 02:51:37.056 +03:00 [INF] Executed DbCommand (0ms) [Parameters=[], CommandType='"Text"', CommandTimeout='30']
SELECT COUNT(*)
FROM [Courses] AS [c]
2026-08-15 02:51:37.061 +03:00 [INF] Executed DbCommand (2ms) [Parameters=[], CommandType='"Text"', CommandTimeout='30']
SELECT COUNT(*)
FROM [Enrollments] AS [e]
2026-08-15 02:51:37.064 +03:00 [INF] Executing ViewResult, running view Dashboard.
2026-08-15 02:51:37.072 +03:00 [INF] Executed ViewResult - view Dashboard executed in 9.2834ms.
2026-08-15 02:51:37.073 +03:00 [INF] Executed action CourseHub.Controllers.AdminController.Dashboard (CourseHub) in 52.9015ms
2026-08-15 02:51:37.074 +03:00 [INF] Executed endpoint 'CourseHub.Controllers.AdminController.Dashboard (CourseHub)'
2026-08-15 02:51:37.075 +03:00 [INF] Request finished HTTP/2 GET https://localhost:7242/Admin/Dashboard - 200 null text/html; charset=utf-8 69.6853ms
2026-08-15 02:51:37.109 +03:00 [INF] Request starting HTTP/2 GET https://localhost:7242/_vs/browserLink - null null
2026-08-15 02:51:37.109 +03:00 [INF] Request starting HTTP/2 GET https://localhost:7242/_framework/aspnetcore-browser-refresh.js - null null
2026-08-15 02:51:37.113 +03:00 [INF] Request finished HTTP/2 GET https://localhost:7242/_framework/aspnetcore-browser-refresh.js - 200 14923 application/javascript; charset=utf-8 3.9608ms
2026-08-15 02:51:37.117 +03:00 [INF] Request finished HTTP/2 GET https://localhost:7242/_vs/browserLink - 200 null text/javascript; charset=UTF-8 7.0617ms
2026-08-15 02:51:38.587 +03:00 [INF] Request starting HTTP/2 GET https://localhost:7242/Admin/Courses - null null
2026-08-15 02:51:38.592 +03:00 [INF] Executing endpoint 'CourseHub.Controllers.AdminController.Courses (CourseHub)'
2026-08-15 02:51:38.598 +03:00 [INF] Route matched with {action = "Courses", controller = "Admin"}. Executing controller action with signature System.Threading.Tasks.Task`1[Microsoft.AspNetCore.Mvc.IActionResult] Courses() on controller CourseHub.Controllers.AdminController (CourseHub).
2026-08-15 02:51:38.613 +03:00 [INF] Executed DbCommand (5ms) [Parameters=[], CommandType='"Text"', CommandTimeout='30']
SELECT [c].[Id], [c].[CategoryId], [c].[CreatedAt], [c].[Description], [c].[EnrollmentDeadline], [c].[ImageUrl], [c].[InstructorId], [c].[Price], [c].[Title], [c0].[Id], [c0].[Name], [a].[Id], [a].[AccessFailedCount], [a].[ConcurrencyStamp], [a].[Email], [a].[EmailConfirmed], [a].[FullName], [a].[LockoutEnabled], [a].[LockoutEnd], [a].[NormalizedEmail], [a].[NormalizedUserName], [a].[PasswordHash], [a].[PhoneNumber], [a].[PhoneNumberConfirmed], [a].[SecurityStamp], [a].[TwoFactorEnabled], [a].[UserName]
FROM [Courses] AS [c]
INNER JOIN [Categories] AS [c0] ON [c].[CategoryId] = [c0].[Id]
INNER JOIN [AspNetUsers] AS [a] ON [c].[InstructorId] = [a].[Id]
ORDER BY [c].[CreatedAt] DESC
2026-08-15 02:51:38.619 +03:00 [INF] Executing ViewResult, running view Courses.
2026-08-15 02:51:38.627 +03:00 [INF] Executed ViewResult - view Courses executed in 8.6162ms.
2026-08-15 02:51:38.628 +03:00 [INF] Executed action CourseHub.Controllers.AdminController.Courses (CourseHub) in 28.3348ms
2026-08-15 02:51:38.628 +03:00 [INF] Executed endpoint 'CourseHub.Controllers.AdminController.Courses (CourseHub)'
2026-08-15 02:51:38.629 +03:00 [INF] Request finished HTTP/2 GET https://localhost:7242/Admin/Courses - 200 null text/html; charset=utf-8 42.1945ms
2026-08-15 02:51:38.667 +03:00 [INF] Request starting HTTP/2 GET https://localhost:7242/_framework/aspnetcore-browser-refresh.js - null null
2026-08-15 02:51:38.667 +03:00 [INF] Request starting HTTP/2 GET https://localhost:7242/_vs/browserLink - null null
2026-08-15 02:51:38.669 +03:00 [INF] Request finished HTTP/2 GET https://localhost:7242/_framework/aspnetcore-browser-refresh.js - 200 14923 application/javascript; charset=utf-8 1.8966ms
2026-08-15 02:51:38.675 +03:00 [INF] Request finished HTTP/2 GET https://localhost:7242/_vs/browserLink - 200 null text/javascript; charset=UTF-8 7.2328ms
2026-08-15 02:51:40.939 +03:00 [INF] Request starting HTTP/2 GET https://localhost:7242/Courses/Details/8 - null null
2026-08-15 02:51:40.942 +03:00 [INF] Executing endpoint 'CourseHub.Controllers.CoursesController.Details (CourseHub)'
2026-08-15 02:51:40.948 +03:00 [INF] Route matched with {action = "Details", controller = "Courses"}. Executing controller action with signature System.Threading.Tasks.Task`1[Microsoft.AspNetCore.Mvc.IActionResult] Details(System.Nullable`1[System.Int32]) on controller CourseHub.Controllers.CoursesController (CourseHub).
2026-08-15 02:51:40.964 +03:00 [INF] Executed DbCommand (4ms) [Parameters=[@id='?' (DbType = Int32)], CommandType='"Text"', CommandTimeout='30']
SELECT TOP(1) [c].[Id], [c].[CategoryId], [c].[CreatedAt], [c].[Description], [c].[EnrollmentDeadline], [c].[ImageUrl], [c].[InstructorId], [c].[Price], [c].[Title], [c0].[Id], [c0].[Name], [a].[Id], [a].[AccessFailedCount], [a].[ConcurrencyStamp], [a].[Email], [a].[EmailConfirmed], [a].[FullName], [a].[LockoutEnabled], [a].[LockoutEnd], [a].[NormalizedEmail], [a].[NormalizedUserName], [a].[PasswordHash], [a].[PhoneNumber], [a].[PhoneNumberConfirmed], [a].[SecurityStamp], [a].[TwoFactorEnabled], [a].[UserName]
FROM [Courses] AS [c]
INNER JOIN [Categories] AS [c0] ON [c].[CategoryId] = [c0].[Id]
INNER JOIN [AspNetUsers] AS [a] ON [c].[InstructorId] = [a].[Id]
WHERE [c].[Id] = @id
2026-08-15 02:51:40.988 +03:00 [INF] Executed DbCommand (2ms) [Parameters=[@p='?' (Size = 450)], CommandType='"Text"', CommandTimeout='30']
SELECT TOP(1) [a].[Id], [a].[AccessFailedCount], [a].[ConcurrencyStamp], [a].[Email], [a].[EmailConfirmed], [a].[FullName], [a].[LockoutEnabled], [a].[LockoutEnd], [a].[NormalizedEmail], [a].[NormalizedUserName], [a].[PasswordHash], [a].[PhoneNumber], [a].[PhoneNumberConfirmed], [a].[SecurityStamp], [a].[TwoFactorEnabled], [a].[UserName]
FROM [AspNetUsers] AS [a]
WHERE [a].[Id] = @p
2026-08-15 02:51:41.006 +03:00 [INF] Executed DbCommand (2ms) [Parameters=[@user_Id='?' (Size = 450), @_8__locals1_course_Id='?' (DbType = Int32)], CommandType='"Text"', CommandTimeout='30']
SELECT CASE
    WHEN EXISTS (
        SELECT 1
        FROM [Enrollments] AS [e]
        WHERE [e].[StudentId] = @user_Id AND [e].[CourseId] = @_8__locals1_course_Id) THEN CAST(1 AS bit)
    ELSE CAST(0 AS bit)
END
2026-08-15 02:51:41.010 +03:00 [INF] Executing ViewResult, running view Details.
2026-08-15 02:51:41.019 +03:00 [INF] Executed ViewResult - view Details executed in 9.2459ms.
2026-08-15 02:51:41.019 +03:00 [INF] Executed action CourseHub.Controllers.CoursesController.Details (CourseHub) in 70.2993ms
2026-08-15 02:51:41.020 +03:00 [INF] Executed endpoint 'CourseHub.Controllers.CoursesController.Details (CourseHub)'
2026-08-15 02:51:41.021 +03:00 [INF] Request finished HTTP/2 GET https://localhost:7242/Courses/Details/8 - 200 null text/html; charset=utf-8 82.3274ms
2026-08-15 02:51:41.054 +03:00 [INF] Request starting HTTP/2 GET https://localhost:7242/images/courses/default-course.jpg - null null
2026-08-15 02:51:41.055 +03:00 [INF] Request starting HTTP/2 GET https://localhost:7242/_vs/browserLink - null null
2026-08-15 02:51:41.055 +03:00 [INF] Request starting HTTP/2 GET https://localhost:7242/_framework/aspnetcore-browser-refresh.js - null null
2026-08-15 02:51:41.060 +03:00 [INF] Executing endpoint 'CourseHub.Controllers.ErrorController.StatusCode (CourseHub)'
2026-08-15 02:51:41.060 +03:00 [INF] Request finished HTTP/2 GET https://localhost:7242/_framework/aspnetcore-browser-refresh.js - 200 14923 application/javascript; charset=utf-8 4.901ms
2026-08-15 02:51:41.061 +03:00 [INF] Route matched with {action = "StatusCode", controller = "Error"}. Executing controller action with signature Microsoft.AspNetCore.Mvc.IActionResult StatusCode(Int32) on controller CourseHub.Controllers.ErrorController (CourseHub).
2026-08-15 02:51:41.063 +03:00 [INF] Request finished HTTP/2 GET https://localhost:7242/_vs/browserLink - 200 null text/javascript; charset=UTF-8 7.9571ms
2026-08-15 02:51:41.065 +03:00 [WRN] HTTP Status Code 404 occurred for /Error/StatusCode
2026-08-15 02:51:41.067 +03:00 [INF] Executing ViewResult, running view StatusCode.
2026-08-15 02:51:41.068 +03:00 [INF] Executed ViewResult - view StatusCode executed in 1.4649ms.
2026-08-15 02:51:41.069 +03:00 [INF] Executed action CourseHub.Controllers.ErrorController.StatusCode (CourseHub) in 4.7119ms
2026-08-15 02:51:41.070 +03:00 [INF] Executed endpoint 'CourseHub.Controllers.ErrorController.StatusCode (CourseHub)'
2026-08-15 02:51:41.070 +03:00 [INF] Request finished HTTP/2 GET https://localhost:7242/images/courses/default-course.jpg - 404 null text/html; charset=utf-8 16.1269ms
2026-08-15 02:51:41.072 +03:00 [INF] Request reached the end of the middleware pipeline without being handled by application code. Request path: GET https://localhost:7242/images/courses/default-course.jpg, Response status code: 404
2026-08-15 02:51:43.583 +03:00 [INF] Request starting HTTP/2 GET https://localhost:7242/Admin/Courses - null null
2026-08-15 02:51:43.587 +03:00 [INF] Executing endpoint 'CourseHub.Controllers.AdminController.Courses (CourseHub)'
2026-08-15 02:51:43.587 +03:00 [INF] Route matched with {action = "Courses", controller = "Admin"}. Executing controller action with signature System.Threading.Tasks.Task`1[Microsoft.AspNetCore.Mvc.IActionResult] Courses() on controller CourseHub.Controllers.AdminController (CourseHub).
2026-08-15 02:51:43.590 +03:00 [INF] Executed DbCommand (0ms) [Parameters=[], CommandType='"Text"', CommandTimeout='30']
SELECT [c].[Id], [c].[CategoryId], [c].[CreatedAt], [c].[Description], [c].[EnrollmentDeadline], [c].[ImageUrl], [c].[InstructorId], [c].[Price], [c].[Title], [c0].[Id], [c0].[Name], [a].[Id], [a].[AccessFailedCount], [a].[ConcurrencyStamp], [a].[Email], [a].[EmailConfirmed], [a].[FullName], [a].[LockoutEnabled], [a].[LockoutEnd], [a].[NormalizedEmail], [a].[NormalizedUserName], [a].[PasswordHash], [a].[PhoneNumber], [a].[PhoneNumberConfirmed], [a].[SecurityStamp], [a].[TwoFactorEnabled], [a].[UserName]
FROM [Courses] AS [c]
INNER JOIN [Categories] AS [c0] ON [c].[CategoryId] = [c0].[Id]
INNER JOIN [AspNetUsers] AS [a] ON [c].[InstructorId] = [a].[Id]
ORDER BY [c].[CreatedAt] DESC
2026-08-15 02:51:43.591 +03:00 [INF] Executing ViewResult, running view Courses.
2026-08-15 02:51:43.593 +03:00 [INF] Executed ViewResult - view Courses executed in 2.2555ms.
2026-08-15 02:51:43.594 +03:00 [INF] Executed action CourseHub.Controllers.AdminController.Courses (CourseHub) in 5.8698ms
2026-08-15 02:51:43.595 +03:00 [INF] Executed endpoint 'CourseHub.Controllers.AdminController.Courses (CourseHub)'
2026-08-15 02:51:43.596 +03:00 [INF] Request finished HTTP/2 GET https://localhost:7242/Admin/Courses - 200 null text/html; charset=utf-8 13.0567ms
2026-08-15 02:51:43.632 +03:00 [INF] Request starting HTTP/2 GET https://localhost:7242/_framework/aspnetcore-browser-refresh.js - null null
2026-08-15 02:51:43.633 +03:00 [INF] Request finished HTTP/2 GET https://localhost:7242/_framework/aspnetcore-browser-refresh.js - 200 14923 application/javascript; charset=utf-8 1.7425ms
2026-08-15 02:51:45.157 +03:00 [INF] Request starting HTTP/2 GET https://localhost:7242/ - null null
2026-08-15 02:51:45.161 +03:00 [INF] Executing endpoint 'CourseHub.Controllers.HomeController.Index (CourseHub)'
2026-08-15 02:51:45.162 +03:00 [INF] Route matched with {action = "Index", controller = "Home"}. Executing controller action with signature System.Threading.Tasks.Task`1[Microsoft.AspNetCore.Mvc.IActionResult] Index() on controller CourseHub.Controllers.HomeController (CourseHub).
2026-08-15 02:51:45.164 +03:00 [INF] Executed DbCommand (0ms) [Parameters=[], CommandType='"Text"', CommandTimeout='30']
SELECT COUNT(*)
FROM [Courses] AS [c]
2026-08-15 02:51:45.166 +03:00 [INF] Executed DbCommand (0ms) [Parameters=[], CommandType='"Text"', CommandTimeout='30']
SELECT COUNT(*)
FROM [Categories] AS [c]
2026-08-15 02:51:45.167 +03:00 [INF] Executing ViewResult, running view Index.
2026-08-15 02:51:45.169 +03:00 [INF] Executed ViewResult - view Index executed in 1.321ms.
2026-08-15 02:51:45.169 +03:00 [INF] Executed action CourseHub.Controllers.HomeController.Index (CourseHub) in 6.4302ms
2026-08-15 02:51:45.170 +03:00 [INF] Executed endpoint 'CourseHub.Controllers.HomeController.Index (CourseHub)'
2026-08-15 02:51:45.171 +03:00 [INF] Request finished HTTP/2 GET https://localhost:7242/ - 200 null text/html; charset=utf-8 13.7252ms
2026-08-15 02:51:45.208 +03:00 [INF] Request starting HTTP/2 GET https://localhost:7242/_framework/aspnetcore-browser-refresh.js - null null
2026-08-15 02:51:45.208 +03:00 [INF] Request starting HTTP/2 GET https://localhost:7242/_vs/browserLink - null null
2026-08-15 02:51:45.210 +03:00 [INF] Request finished HTTP/2 GET https://localhost:7242/_framework/aspnetcore-browser-refresh.js - 200 14923 application/javascript; charset=utf-8 1.7707ms
2026-08-15 02:51:45.215 +03:00 [INF] Request finished HTTP/2 GET https://localhost:7242/_vs/browserLink - 200 null text/javascript; charset=UTF-8 6.9424ms
2026-08-15 02:51:46.236 +03:00 [INF] Request starting HTTP/2 GET https://localhost:7242/Courses - null null
2026-08-15 02:51:46.239 +03:00 [INF] Executing endpoint 'CourseHub.Controllers.CoursesController.Index (CourseHub)'
2026-08-15 02:51:46.240 +03:00 [INF] Route matched with {action = "Index", controller = "Courses"}. Executing controller action with signature System.Threading.Tasks.Task`1[Microsoft.AspNetCore.Mvc.IActionResult] Index(System.String, System.Nullable`1[System.Int32], Int32) on controller CourseHub.Controllers.CoursesController (CourseHub).
2026-08-15 02:51:46.242 +03:00 [INF] Executed DbCommand (0ms) [Parameters=[], CommandType='"Text"', CommandTimeout='30']
SELECT COUNT(*)
FROM [Courses] AS [c]
2026-08-15 02:51:46.246 +03:00 [INF] Executed DbCommand (1ms) [Parameters=[@p='?' (DbType = Int32), @p1='?' (DbType = Int32)], CommandType='"Text"', CommandTimeout='30']
SELECT [c1].[Id], [c1].[CategoryId], [c1].[CreatedAt], [c1].[Description], [c1].[EnrollmentDeadline], [c1].[ImageUrl], [c1].[InstructorId], [c1].[Price], [c1].[Title], [c0].[Id], [c0].[Name], [a].[Id], [a].[AccessFailedCount], [a].[ConcurrencyStamp], [a].[Email], [a].[EmailConfirmed], [a].[FullName], [a].[LockoutEnabled], [a].[LockoutEnd], [a].[NormalizedEmail], [a].[NormalizedUserName], [a].[PasswordHash], [a].[PhoneNumber], [a].[PhoneNumberConfirmed], [a].[SecurityStamp], [a].[TwoFactorEnabled], [a].[UserName]
FROM (
    SELECT [c].[Id], [c].[CategoryId], [c].[CreatedAt], [c].[Description], [c].[EnrollmentDeadline], [c].[ImageUrl], [c].[InstructorId], [c].[Price], [c].[Title]
    FROM [Courses] AS [c]
    ORDER BY [c].[CreatedAt] DESC
    OFFSET @p ROWS FETCH NEXT @p1 ROWS ONLY
) AS [c1]
INNER JOIN [Categories] AS [c0] ON [c1].[CategoryId] = [c0].[Id]
INNER JOIN [AspNetUsers] AS [a] ON [c1].[InstructorId] = [a].[Id]
ORDER BY [c1].[CreatedAt] DESC
2026-08-15 02:51:46.248 +03:00 [INF] Executed DbCommand (0ms) [Parameters=[], CommandType='"Text"', CommandTimeout='30']
SELECT [c].[Id], [c].[Name]
FROM [Categories] AS [c]
ORDER BY [c].[Name]
2026-08-15 02:51:46.249 +03:00 [INF] Executing ViewResult, running view Index.
2026-08-15 02:51:46.251 +03:00 [INF] Executed ViewResult - view Index executed in 2.0488ms.
2026-08-15 02:51:46.252 +03:00 [INF] Executed action CourseHub.Controllers.CoursesController.Index (CourseHub) in 11.422ms
2026-08-15 02:51:46.253 +03:00 [INF] Executed endpoint 'CourseHub.Controllers.CoursesController.Index (CourseHub)'
2026-08-15 02:51:46.254 +03:00 [INF] Request finished HTTP/2 GET https://localhost:7242/Courses - 200 null text/html; charset=utf-8 18.0052ms
2026-08-15 02:51:46.295 +03:00 [INF] Request starting HTTP/2 GET https://localhost:7242/_framework/aspnetcore-browser-refresh.js - null null
2026-08-15 02:51:46.295 +03:00 [INF] Request starting HTTP/2 GET https://localhost:7242/images/courses/default-course.jpg - null null
2026-08-15 02:51:46.295 +03:00 [INF] Request starting HTTP/2 GET https://localhost:7242/_vs/browserLink - null null
2026-08-15 02:51:46.297 +03:00 [INF] Request finished HTTP/2 GET https://localhost:7242/_framework/aspnetcore-browser-refresh.js - 200 14923 application/javascript; charset=utf-8 2.0501ms
2026-08-15 02:51:46.299 +03:00 [INF] Executing endpoint 'CourseHub.Controllers.ErrorController.StatusCode (CourseHub)'
2026-08-15 02:51:46.302 +03:00 [INF] Route matched with {action = "StatusCode", controller = "Error"}. Executing controller action with signature Microsoft.AspNetCore.Mvc.IActionResult StatusCode(Int32) on controller CourseHub.Controllers.ErrorController (CourseHub).
2026-08-15 02:51:46.303 +03:00 [INF] Request finished HTTP/2 GET https://localhost:7242/_vs/browserLink - 200 null text/javascript; charset=UTF-8 8.0515ms
2026-08-15 02:51:46.303 +03:00 [WRN] HTTP Status Code 404 occurred for /Error/StatusCode
2026-08-15 02:51:46.305 +03:00 [INF] Executing ViewResult, running view StatusCode.
2026-08-15 02:51:46.307 +03:00 [INF] Executed ViewResult - view StatusCode executed in 1.3486ms.
2026-08-15 02:51:46.308 +03:00 [INF] Executed action CourseHub.Controllers.ErrorController.StatusCode (CourseHub) in 4.7662ms
2026-08-15 02:51:46.308 +03:00 [INF] Executed endpoint 'CourseHub.Controllers.ErrorController.StatusCode (CourseHub)'
2026-08-15 02:51:46.309 +03:00 [INF] Request finished HTTP/2 GET https://localhost:7242/images/courses/default-course.jpg - 404 null text/html; charset=utf-8 14.6357ms
2026-08-15 02:51:46.311 +03:00 [INF] Request reached the end of the middleware pipeline without being handled by application code. Request path: GET https://localhost:7242/images/courses/default-course.jpg, Response status code: 404
2026-08-15 02:51:54.313 +03:00 [INF] Request starting HTTP/2 GET https://localhost:7242/Admin/Dashboard - null null
2026-08-15 02:51:54.316 +03:00 [INF] Executing endpoint 'CourseHub.Controllers.AdminController.Dashboard (CourseHub)'
2026-08-15 02:51:54.317 +03:00 [INF] Route matched with {action = "Dashboard", controller = "Admin"}. Executing controller action with signature System.Threading.Tasks.Task`1[Microsoft.AspNetCore.Mvc.IActionResult] Dashboard() on controller CourseHub.Controllers.AdminController (CourseHub).
2026-08-15 02:51:54.320 +03:00 [INF] Executed DbCommand (2ms) [Parameters=[@normalizedRoleName='?' (Size = 256)], CommandType='"Text"', CommandTimeout='30']
SELECT TOP(2) [a].[Id], [a].[ConcurrencyStamp], [a].[Name], [a].[NormalizedName]
FROM [AspNetRoles] AS [a]
WHERE [a].[NormalizedName] = @normalizedRoleName
2026-08-15 02:51:54.325 +03:00 [INF] Executed DbCommand (3ms) [Parameters=[@role_Id='?' (Size = 450)], CommandType='"Text"', CommandTimeout='30']
SELECT [a0].[Id], [a0].[AccessFailedCount], [a0].[ConcurrencyStamp], [a0].[Email], [a0].[EmailConfirmed], [a0].[FullName], [a0].[LockoutEnabled], [a0].[LockoutEnd], [a0].[NormalizedEmail], [a0].[NormalizedUserName], [a0].[PasswordHash], [a0].[PhoneNumber], [a0].[PhoneNumberConfirmed], [a0].[SecurityStamp], [a0].[TwoFactorEnabled], [a0].[UserName]
FROM [AspNetUserRoles] AS [a]
INNER JOIN [AspNetUsers] AS [a0] ON [a].[UserId] = [a0].[Id]
WHERE [a].[RoleId] = @role_Id
2026-08-15 02:51:54.326 +03:00 [INF] Executed DbCommand (0ms) [Parameters=[@normalizedRoleName='?' (Size = 256)], CommandType='"Text"', CommandTimeout='30']
SELECT TOP(2) [a].[Id], [a].[ConcurrencyStamp], [a].[Name], [a].[NormalizedName]
FROM [AspNetRoles] AS [a]
WHERE [a].[NormalizedName] = @normalizedRoleName
2026-08-15 02:51:54.328 +03:00 [INF] Executed DbCommand (0ms) [Parameters=[@role_Id='?' (Size = 450)], CommandType='"Text"', CommandTimeout='30']
SELECT [a0].[Id], [a0].[AccessFailedCount], [a0].[ConcurrencyStamp], [a0].[Email], [a0].[EmailConfirmed], [a0].[FullName], [a0].[LockoutEnabled], [a0].[LockoutEnd], [a0].[NormalizedEmail], [a0].[NormalizedUserName], [a0].[PasswordHash], [a0].[PhoneNumber], [a0].[PhoneNumberConfirmed], [a0].[SecurityStamp], [a0].[TwoFactorEnabled], [a0].[UserName]
FROM [AspNetUserRoles] AS [a]
INNER JOIN [AspNetUsers] AS [a0] ON [a].[UserId] = [a0].[Id]
WHERE [a].[RoleId] = @role_Id
2026-08-15 02:51:54.330 +03:00 [INF] Executed DbCommand (1ms) [Parameters=[], CommandType='"Text"', CommandTimeout='30']
SELECT COUNT(*)
FROM [AspNetUsers] AS [a]
2026-08-15 02:51:54.332 +03:00 [INF] Executed DbCommand (1ms) [Parameters=[], CommandType='"Text"', CommandTimeout='30']
SELECT COUNT(*)
FROM [Courses] AS [c]
2026-08-15 02:51:54.334 +03:00 [INF] Executed DbCommand (1ms) [Parameters=[], CommandType='"Text"', CommandTimeout='30']
SELECT COUNT(*)
FROM [Enrollments] AS [e]
2026-08-15 02:51:54.335 +03:00 [INF] Executing ViewResult, running view Dashboard.
2026-08-15 02:51:54.336 +03:00 [INF] Executed ViewResult - view Dashboard executed in 1.6094ms.
2026-08-15 02:51:54.337 +03:00 [INF] Executed action CourseHub.Controllers.AdminController.Dashboard (CourseHub) in 19.5933ms
2026-08-15 02:51:54.338 +03:00 [INF] Executed endpoint 'CourseHub.Controllers.AdminController.Dashboard (CourseHub)'
2026-08-15 02:51:54.339 +03:00 [INF] Request finished HTTP/2 GET https://localhost:7242/Admin/Dashboard - 200 null text/html; charset=utf-8 26.0439ms
2026-08-15 02:51:54.380 +03:00 [INF] Request starting HTTP/2 GET https://localhost:7242/_framework/aspnetcore-browser-refresh.js - null null
2026-08-15 02:51:54.380 +03:00 [INF] Request starting HTTP/2 GET https://localhost:7242/_vs/browserLink - null null
2026-08-15 02:51:54.382 +03:00 [INF] Request finished HTTP/2 GET https://localhost:7242/_framework/aspnetcore-browser-refresh.js - 200 14923 application/javascript; charset=utf-8 2.0224ms
2026-08-15 02:51:54.387 +03:00 [INF] Request finished HTTP/2 GET https://localhost:7242/_vs/browserLink - 200 null text/javascript; charset=UTF-8 6.3674ms
2026-08-15 02:51:56.262 +03:00 [INF] Request starting HTTP/2 GET https://localhost:7242/Admin/Courses - null null
2026-08-15 02:51:56.265 +03:00 [INF] Executing endpoint 'CourseHub.Controllers.AdminController.Courses (CourseHub)'
2026-08-15 02:51:56.266 +03:00 [INF] Route matched with {action = "Courses", controller = "Admin"}. Executing controller action with signature System.Threading.Tasks.Task`1[Microsoft.AspNetCore.Mvc.IActionResult] Courses() on controller CourseHub.Controllers.AdminController (CourseHub).
2026-08-15 02:51:56.271 +03:00 [INF] Executed DbCommand (4ms) [Parameters=[], CommandType='"Text"', CommandTimeout='30']
SELECT [c].[Id], [c].[CategoryId], [c].[CreatedAt], [c].[Description], [c].[EnrollmentDeadline], [c].[ImageUrl], [c].[InstructorId], [c].[Price], [c].[Title], [c0].[Id], [c0].[Name], [a].[Id], [a].[AccessFailedCount], [a].[ConcurrencyStamp], [a].[Email], [a].[EmailConfirmed], [a].[FullName], [a].[LockoutEnabled], [a].[LockoutEnd], [a].[NormalizedEmail], [a].[NormalizedUserName], [a].[PasswordHash], [a].[PhoneNumber], [a].[PhoneNumberConfirmed], [a].[SecurityStamp], [a].[TwoFactorEnabled], [a].[UserName]
FROM [Courses] AS [c]
INNER JOIN [Categories] AS [c0] ON [c].[CategoryId] = [c0].[Id]
INNER JOIN [AspNetUsers] AS [a] ON [c].[InstructorId] = [a].[Id]
ORDER BY [c].[CreatedAt] DESC
2026-08-15 02:51:56.272 +03:00 [INF] Executing ViewResult, running view Courses.
2026-08-15 02:51:56.274 +03:00 [INF] Executed ViewResult - view Courses executed in 1.645ms.
2026-08-15 02:51:56.275 +03:00 [INF] Executed action CourseHub.Controllers.AdminController.Courses (CourseHub) in 8.1781ms
2026-08-15 02:51:56.275 +03:00 [INF] Executed endpoint 'CourseHub.Controllers.AdminController.Courses (CourseHub)'
2026-08-15 02:51:56.276 +03:00 [INF] Request finished HTTP/2 GET https://localhost:7242/Admin/Courses - 200 null text/html; charset=utf-8 14.0896ms
2026-08-15 02:51:56.311 +03:00 [INF] Request starting HTTP/2 GET https://localhost:7242/_vs/browserLink - null null
2026-08-15 02:51:56.312 +03:00 [INF] Request starting HTTP/2 GET https://localhost:7242/_framework/aspnetcore-browser-refresh.js - null null
2026-08-15 02:51:56.315 +03:00 [INF] Request finished HTTP/2 GET https://localhost:7242/_framework/aspnetcore-browser-refresh.js - 200 14923 application/javascript; charset=utf-8 2.7631ms
2026-08-15 02:51:56.316 +03:00 [INF] Request finished HTTP/2 GET https://localhost:7242/_vs/browserLink - 200 null text/javascript; charset=UTF-8 4.5732ms
2026-08-15 02:53:01.382 +03:00 [INF] Request starting HTTP/2 POST https://localhost:7242/Account/Logout - application/x-www-form-urlencoded 225
2026-08-15 02:53:01.386 +03:00 [INF] Executing endpoint 'CourseHub.Controllers.AccountController.Logout (CourseHub)'
2026-08-15 02:53:01.392 +03:00 [INF] Route matched with {action = "Logout", controller = "Account"}. Executing controller action with signature System.Threading.Tasks.Task`1[Microsoft.AspNetCore.Mvc.IActionResult] Logout() on controller CourseHub.Controllers.AccountController (CourseHub).
2026-08-15 02:53:01.399 +03:00 [INF] AuthenticationScheme: Identity.Application signed out.
2026-08-15 02:53:01.400 +03:00 [INF] AuthenticationScheme: Identity.External signed out.
2026-08-15 02:53:01.401 +03:00 [INF] AuthenticationScheme: Identity.TwoFactorUserId signed out.
2026-08-15 02:53:01.402 +03:00 [INF] Executing RedirectResult, redirecting to /.
2026-08-15 02:53:01.403 +03:00 [INF] Executed action CourseHub.Controllers.AccountController.Logout (CourseHub) in 10.7891ms
2026-08-15 02:53:01.404 +03:00 [INF] Executed endpoint 'CourseHub.Controllers.AccountController.Logout (CourseHub)'
2026-08-15 02:53:01.405 +03:00 [INF] Request finished HTTP/2 POST https://localhost:7242/Account/Logout - 302 null null 22.4203ms
2026-08-15 02:53:01.408 +03:00 [INF] Request starting HTTP/2 GET https://localhost:7242/ - null null
2026-08-15 02:53:01.411 +03:00 [INF] Executing endpoint 'CourseHub.Controllers.HomeController.Index (CourseHub)'
2026-08-15 02:53:01.411 +03:00 [INF] Route matched with {action = "Index", controller = "Home"}. Executing controller action with signature System.Threading.Tasks.Task`1[Microsoft.AspNetCore.Mvc.IActionResult] Index() on controller CourseHub.Controllers.HomeController (CourseHub).
2026-08-15 02:53:01.415 +03:00 [INF] Executed DbCommand (2ms) [Parameters=[], CommandType='"Text"', CommandTimeout='30']
SELECT COUNT(*)
FROM [Courses] AS [c]
2026-08-15 02:53:01.417 +03:00 [INF] Executed DbCommand (1ms) [Parameters=[], CommandType='"Text"', CommandTimeout='30']
SELECT COUNT(*)
FROM [Categories] AS [c]
2026-08-15 02:53:01.419 +03:00 [INF] Executing ViewResult, running view Index.
2026-08-15 02:53:01.422 +03:00 [INF] Executed ViewResult - view Index executed in 3.0178ms.
2026-08-15 02:53:01.423 +03:00 [INF] Executed action CourseHub.Controllers.HomeController.Index (CourseHub) in 10.2513ms
2026-08-15 02:53:01.423 +03:00 [INF] Executed endpoint 'CourseHub.Controllers.HomeController.Index (CourseHub)'
2026-08-15 02:53:01.424 +03:00 [INF] Request finished HTTP/2 GET https://localhost:7242/ - 200 null text/html; charset=utf-8 15.7435ms
2026-08-15 02:53:01.630 +03:00 [INF] Request starting HTTP/2 GET https://localhost:7242/_vs/browserLink - null null
2026-08-15 02:53:01.632 +03:00 [INF] Request starting HTTP/2 GET https://localhost:7242/_framework/aspnetcore-browser-refresh.js - null null
2026-08-15 02:53:01.634 +03:00 [INF] Request finished HTTP/2 GET https://localhost:7242/_framework/aspnetcore-browser-refresh.js - 200 14923 application/javascript; charset=utf-8 2.0449ms
2026-08-15 02:53:01.637 +03:00 [INF] Request finished HTTP/2 GET https://localhost:7242/_vs/browserLink - 200 null text/javascript; charset=UTF-8 7.2655ms
2026-08-15 02:53:02.359 +03:00 [INF] Request starting HTTP/2 GET https://localhost:7242/Account/Login - null null
2026-08-15 02:53:02.363 +03:00 [INF] Executing endpoint 'CourseHub.Controllers.AccountController.Login (CourseHub)'
2026-08-15 02:53:02.364 +03:00 [INF] Route matched with {action = "Login", controller = "Account"}. Executing controller action with signature Microsoft.AspNetCore.Mvc.IActionResult Login(System.String) on controller CourseHub.Controllers.AccountController (CourseHub).
2026-08-15 02:53:02.368 +03:00 [INF] Executing ViewResult, running view Login.
2026-08-15 02:53:02.406 +03:00 [INF] Executed ViewResult - view Login executed in 38.7203ms.
2026-08-15 02:53:02.407 +03:00 [INF] Executed action CourseHub.Controllers.AccountController.Login (CourseHub) in 41.5314ms
2026-08-15 02:53:02.408 +03:00 [INF] Executed endpoint 'CourseHub.Controllers.AccountController.Login (CourseHub)'
2026-08-15 02:53:02.408 +03:00 [INF] Request finished HTTP/2 GET https://localhost:7242/Account/Login - 200 null text/html; charset=utf-8 49.1293ms
2026-08-15 02:53:02.446 +03:00 [INF] Request starting HTTP/2 GET https://localhost:7242/_framework/aspnetcore-browser-refresh.js - null null
2026-08-15 02:53:02.447 +03:00 [INF] Request starting HTTP/2 GET https://localhost:7242/_vs/browserLink - null null
2026-08-15 02:53:02.448 +03:00 [INF] Request finished HTTP/2 GET https://localhost:7242/_framework/aspnetcore-browser-refresh.js - 200 14923 application/javascript; charset=utf-8 2.1206ms
2026-08-15 02:53:02.452 +03:00 [INF] Request finished HTTP/2 GET https://localhost:7242/_vs/browserLink - 200 null text/javascript; charset=UTF-8 5.4373ms
2026-08-15 02:53:04.584 +03:00 [INF] Request starting HTTP/2 POST https://localhost:7242/Account/Login - application/x-www-form-urlencoded 255
2026-08-15 02:53:04.586 +03:00 [INF] Executing endpoint 'CourseHub.Controllers.AccountController.Login (CourseHub)'
2026-08-15 02:53:04.594 +03:00 [INF] Route matched with {action = "Login", controller = "Account"}. Executing controller action with signature System.Threading.Tasks.Task`1[Microsoft.AspNetCore.Mvc.IActionResult] Login(CourseHub.ViewModels.LoginViewModel, System.String) on controller CourseHub.Controllers.AccountController (CourseHub).
2026-08-15 02:53:04.609 +03:00 [INF] Executed DbCommand (2ms) [Parameters=[@normalizedEmail='?' (Size = 256)], CommandType='"Text"', CommandTimeout='30']
SELECT TOP(2) [a].[Id], [a].[AccessFailedCount], [a].[ConcurrencyStamp], [a].[Email], [a].[EmailConfirmed], [a].[FullName], [a].[LockoutEnabled], [a].[LockoutEnd], [a].[NormalizedEmail], [a].[NormalizedUserName], [a].[PasswordHash], [a].[PhoneNumber], [a].[PhoneNumberConfirmed], [a].[SecurityStamp], [a].[TwoFactorEnabled], [a].[UserName]
FROM [AspNetUsers] AS [a]
WHERE [a].[NormalizedEmail] = @normalizedEmail
2026-08-15 02:53:04.689 +03:00 [INF] Executed DbCommand (2ms) [Parameters=[@user_Id='?' (Size = 450)], CommandType='"Text"', CommandTimeout='30']
SELECT [a].[Id], [a].[ClaimType], [a].[ClaimValue], [a].[UserId]
FROM [AspNetUserClaims] AS [a]
WHERE [a].[UserId] = @user_Id
2026-08-15 02:53:04.704 +03:00 [INF] Executed DbCommand (2ms) [Parameters=[@userId='?' (Size = 450)], CommandType='"Text"', CommandTimeout='30']
SELECT [a0].[Name]
FROM [AspNetUserRoles] AS [a]
INNER JOIN [AspNetRoles] AS [a0] ON [a].[RoleId] = [a0].[Id]
WHERE [a].[UserId] = @userId
2026-08-15 02:53:04.708 +03:00 [INF] Executed DbCommand (1ms) [Parameters=[@normalizedName='?' (Size = 256)], CommandType='"Text"', CommandTimeout='30']
SELECT TOP(1) [a].[Id], [a].[ConcurrencyStamp], [a].[Name], [a].[NormalizedName]
FROM [AspNetRoles] AS [a]
WHERE [a].[NormalizedName] = @normalizedName
2026-08-15 02:53:04.715 +03:00 [INF] Executed DbCommand (2ms) [Parameters=[@role_Id='?' (Size = 450)], CommandType='"Text"', CommandTimeout='30']
SELECT [a].[ClaimType], [a].[ClaimValue]
FROM [AspNetRoleClaims] AS [a]
WHERE [a].[RoleId] = @role_Id
2026-08-15 02:53:04.720 +03:00 [INF] AuthenticationScheme: Identity.Application signed in.
2026-08-15 02:53:04.725 +03:00 [INF] Executed DbCommand (2ms) [Parameters=[@normalizedRoleName='?' (Size = 256)], CommandType='"Text"', CommandTimeout='30']
SELECT TOP(2) [a].[Id], [a].[ConcurrencyStamp], [a].[Name], [a].[NormalizedName]
FROM [AspNetRoles] AS [a]
WHERE [a].[NormalizedName] = @normalizedRoleName
2026-08-15 02:53:04.734 +03:00 [INF] Executed DbCommand (1ms) [Parameters=[@p='?' (Size = 450), @p1='?' (Size = 450)], CommandType='"Text"', CommandTimeout='30']
SELECT TOP(1) [a].[UserId], [a].[RoleId]
FROM [AspNetUserRoles] AS [a]
WHERE [a].[UserId] = @p AND [a].[RoleId] = @p1
2026-08-15 02:53:04.736 +03:00 [INF] Executed DbCommand (0ms) [Parameters=[@normalizedRoleName='?' (Size = 256)], CommandType='"Text"', CommandTimeout='30']
SELECT TOP(2) [a].[Id], [a].[ConcurrencyStamp], [a].[Name], [a].[NormalizedName]
FROM [AspNetRoles] AS [a]
WHERE [a].[NormalizedName] = @normalizedRoleName
2026-08-15 02:53:04.739 +03:00 [INF] Executed DbCommand (0ms) [Parameters=[@p='?' (Size = 450), @p1='?' (Size = 450)], CommandType='"Text"', CommandTimeout='30']
SELECT TOP(1) [a].[UserId], [a].[RoleId]
FROM [AspNetUserRoles] AS [a]
WHERE [a].[UserId] = @p AND [a].[RoleId] = @p1
2026-08-15 02:53:04.751 +03:00 [INF] Executing RedirectResult, redirecting to /Instructor/Dashboard.
2026-08-15 02:53:04.752 +03:00 [INF] Executed action CourseHub.Controllers.AccountController.Login (CourseHub) in 157.1095ms
2026-08-15 02:53:04.753 +03:00 [INF] Executed endpoint 'CourseHub.Controllers.AccountController.Login (CourseHub)'
2026-08-15 02:53:04.754 +03:00 [INF] Request finished HTTP/2 POST https://localhost:7242/Account/Login - 302 null null 169.666ms
2026-08-15 02:53:04.757 +03:00 [INF] Request starting HTTP/2 GET https://localhost:7242/Instructor/Dashboard - null null
2026-08-15 02:53:04.759 +03:00 [INF] Executing endpoint 'CourseHub.Controllers.InstructorController.Dashboard (CourseHub)'
2026-08-15 02:53:04.766 +03:00 [INF] Route matched with {action = "Dashboard", controller = "Instructor"}. Executing controller action with signature System.Threading.Tasks.Task`1[Microsoft.AspNetCore.Mvc.IActionResult] Dashboard() on controller CourseHub.Controllers.InstructorController (CourseHub).
2026-08-15 02:53:04.771 +03:00 [INF] Executed DbCommand (2ms) [Parameters=[@p='?' (Size = 450)], CommandType='"Text"', CommandTimeout='30']
SELECT TOP(1) [a].[Id], [a].[AccessFailedCount], [a].[ConcurrencyStamp], [a].[Email], [a].[EmailConfirmed], [a].[FullName], [a].[LockoutEnabled], [a].[LockoutEnd], [a].[NormalizedEmail], [a].[NormalizedUserName], [a].[PasswordHash], [a].[PhoneNumber], [a].[PhoneNumberConfirmed], [a].[SecurityStamp], [a].[TwoFactorEnabled], [a].[UserName]
FROM [AspNetUsers] AS [a]
WHERE [a].[Id] = @p
2026-08-15 02:53:04.777 +03:00 [INF] Executed DbCommand (2ms) [Parameters=[@user_Id='?' (Size = 450)], CommandType='"Text"', CommandTimeout='30']
SELECT COUNT(*)
FROM [Courses] AS [c]
WHERE [c].[InstructorId] = @user_Id
2026-08-15 02:53:04.786 +03:00 [INF] Executed DbCommand (3ms) [Parameters=[@user_Id='?' (Size = 450)], CommandType='"Text"', CommandTimeout='30']
SELECT COUNT(*)
FROM [Enrollments] AS [e]
INNER JOIN [Courses] AS [c] ON [e].[CourseId] = [c].[Id]
WHERE [c].[InstructorId] = @user_Id
2026-08-15 02:53:04.800 +03:00 [INF] Executed DbCommand (4ms) [Parameters=[@user_Id='?' (Size = 450)], CommandType='"Text"', CommandTimeout='30']
SELECT COUNT(*)
FROM (
    SELECT DISTINCT [e].[StudentId]
    FROM [Enrollments] AS [e]
    INNER JOIN [Courses] AS [c] ON [e].[CourseId] = [c].[Id]
    WHERE [c].[InstructorId] = @user_Id
) AS [s]
2026-08-15 02:53:04.802 +03:00 [INF] Executing ViewResult, running view Dashboard.
2026-08-15 02:53:04.813 +03:00 [INF] Executed ViewResult - view Dashboard executed in 11.4312ms.
2026-08-15 02:53:04.815 +03:00 [INF] Executed action CourseHub.Controllers.InstructorController.Dashboard (CourseHub) in 47.8048ms
2026-08-15 02:53:04.815 +03:00 [INF] Executed endpoint 'CourseHub.Controllers.InstructorController.Dashboard (CourseHub)'
2026-08-15 02:53:04.816 +03:00 [INF] Request finished HTTP/2 GET https://localhost:7242/Instructor/Dashboard - 200 null text/html; charset=utf-8 59.2251ms
2026-08-15 02:53:05.050 +03:00 [INF] Request starting HTTP/2 GET https://localhost:7242/_vs/browserLink - null null
2026-08-15 02:53:05.050 +03:00 [INF] Request starting HTTP/2 GET https://localhost:7242/_framework/aspnetcore-browser-refresh.js - null null
2026-08-15 02:53:05.054 +03:00 [INF] Request finished HTTP/2 GET https://localhost:7242/_framework/aspnetcore-browser-refresh.js - 200 14923 application/javascript; charset=utf-8 4.045ms
2026-08-15 02:53:05.055 +03:00 [INF] Request finished HTTP/2 GET https://localhost:7242/_vs/browserLink - 200 null text/javascript; charset=UTF-8 5.5662ms
2026-08-15 02:53:06.175 +03:00 [INF] Request starting HTTP/2 GET https://localhost:7242/Instructor/MyCourses - null null
2026-08-15 02:53:06.178 +03:00 [INF] Executing endpoint 'CourseHub.Controllers.InstructorController.MyCourses (CourseHub)'
2026-08-15 02:53:06.185 +03:00 [INF] Route matched with {action = "MyCourses", controller = "Instructor"}. Executing controller action with signature System.Threading.Tasks.Task`1[Microsoft.AspNetCore.Mvc.IActionResult] MyCourses() on controller CourseHub.Controllers.InstructorController (CourseHub).
2026-08-15 02:53:06.189 +03:00 [INF] Executed DbCommand (0ms) [Parameters=[@p='?' (Size = 450)], CommandType='"Text"', CommandTimeout='30']
SELECT TOP(1) [a].[Id], [a].[AccessFailedCount], [a].[ConcurrencyStamp], [a].[Email], [a].[EmailConfirmed], [a].[FullName], [a].[LockoutEnabled], [a].[LockoutEnd], [a].[NormalizedEmail], [a].[NormalizedUserName], [a].[PasswordHash], [a].[PhoneNumber], [a].[PhoneNumberConfirmed], [a].[SecurityStamp], [a].[TwoFactorEnabled], [a].[UserName]
FROM [AspNetUsers] AS [a]
WHERE [a].[Id] = @p
2026-08-15 02:53:06.200 +03:00 [INF] Executed DbCommand (3ms) [Parameters=[@user_Id='?' (Size = 450)], CommandType='"Text"', CommandTimeout='30']
SELECT [c].[Id], [c].[CategoryId], [c].[CreatedAt], [c].[Description], [c].[EnrollmentDeadline], [c].[ImageUrl], [c].[InstructorId], [c].[Price], [c].[Title], [c0].[Id], [c0].[Name]
FROM [Courses] AS [c]
INNER JOIN [Categories] AS [c0] ON [c].[CategoryId] = [c0].[Id]
WHERE [c].[InstructorId] = @user_Id
ORDER BY [c].[CreatedAt] DESC
2026-08-15 02:53:06.203 +03:00 [INF] Executing ViewResult, running view MyCourses.
2026-08-15 02:53:06.210 +03:00 [INF] Executed ViewResult - view MyCourses executed in 8.0957ms.
2026-08-15 02:53:06.211 +03:00 [INF] Executed action CourseHub.Controllers.InstructorController.MyCourses (CourseHub) in 24.6917ms
2026-08-15 02:53:06.212 +03:00 [INF] Executed endpoint 'CourseHub.Controllers.InstructorController.MyCourses (CourseHub)'
2026-08-15 02:53:06.212 +03:00 [INF] Request finished HTTP/2 GET https://localhost:7242/Instructor/MyCourses - 200 null text/html; charset=utf-8 37.9916ms
2026-08-15 02:53:06.250 +03:00 [INF] Request starting HTTP/2 GET https://localhost:7242/images/courses/default-course.jpg - null null
2026-08-15 02:53:06.251 +03:00 [INF] Request starting HTTP/2 GET https://localhost:7242/_framework/aspnetcore-browser-refresh.js - null null
2026-08-15 02:53:06.251 +03:00 [INF] Request starting HTTP/2 GET https://localhost:7242/_vs/browserLink - null null
2026-08-15 02:53:06.253 +03:00 [INF] Executing endpoint 'CourseHub.Controllers.ErrorController.StatusCode (CourseHub)'
2026-08-15 02:53:06.254 +03:00 [INF] Request finished HTTP/2 GET https://localhost:7242/_framework/aspnetcore-browser-refresh.js - 200 14923 application/javascript; charset=utf-8 2.778ms
2026-08-15 02:53:06.255 +03:00 [INF] Route matched with {action = "StatusCode", controller = "Error"}. Executing controller action with signature Microsoft.AspNetCore.Mvc.IActionResult StatusCode(Int32) on controller CourseHub.Controllers.ErrorController (CourseHub).
2026-08-15 02:53:06.258 +03:00 [INF] Request finished HTTP/2 GET https://localhost:7242/_vs/browserLink - 200 null text/javascript; charset=UTF-8 6.6563ms
2026-08-15 02:53:06.258 +03:00 [WRN] HTTP Status Code 404 occurred for /Error/StatusCode
2026-08-15 02:53:06.260 +03:00 [INF] Executing ViewResult, running view StatusCode.
2026-08-15 02:53:06.262 +03:00 [INF] Executed ViewResult - view StatusCode executed in 1.2417ms.
2026-08-15 02:53:06.262 +03:00 [INF] Executed action CourseHub.Controllers.ErrorController.StatusCode (CourseHub) in 4.2395ms
2026-08-15 02:53:06.263 +03:00 [INF] Executed endpoint 'CourseHub.Controllers.ErrorController.StatusCode (CourseHub)'
2026-08-15 02:53:06.264 +03:00 [INF] Request finished HTTP/2 GET https://localhost:7242/images/courses/default-course.jpg - 404 null text/html; charset=utf-8 13.278ms
2026-08-15 02:53:06.265 +03:00 [INF] Request reached the end of the middleware pipeline without being handled by application code. Request path: GET https://localhost:7242/images/courses/default-course.jpg, Response status code: 404
2026-08-15 02:54:24.286 +03:00 [INF] Request starting HTTP/2 GET https://localhost:7242/Courses/Create - null null
2026-08-15 02:54:24.293 +03:00 [INF] Executing endpoint 'CourseHub.Controllers.CoursesController.Create (CourseHub)'
2026-08-15 02:54:24.298 +03:00 [INF] Route matched with {action = "Create", controller = "Courses"}. Executing controller action with signature System.Threading.Tasks.Task`1[Microsoft.AspNetCore.Mvc.IActionResult] Create() on controller CourseHub.Controllers.CoursesController (CourseHub).
2026-08-15 02:54:24.314 +03:00 [INF] Executed DbCommand (2ms) [Parameters=[], CommandType='"Text"', CommandTimeout='30']
SELECT CONVERT(varchar(11), [c].[Id]) AS [Value], [c].[Name] AS [Text]
FROM [Categories] AS [c]
ORDER BY [c].[Name]
2026-08-15 02:54:24.317 +03:00 [INF] Executing ViewResult, running view Create.
2026-08-15 02:54:24.356 +03:00 [INF] Executed ViewResult - view Create executed in 39.2093ms.
2026-08-15 02:54:24.357 +03:00 [INF] Executed action CourseHub.Controllers.CoursesController.Create (CourseHub) in 57.6683ms
2026-08-15 02:54:24.358 +03:00 [INF] Executed endpoint 'CourseHub.Controllers.CoursesController.Create (CourseHub)'
2026-08-15 02:54:24.358 +03:00 [INF] Request finished HTTP/2 GET https://localhost:7242/Courses/Create - 200 null text/html; charset=utf-8 71.8215ms
2026-08-15 02:54:24.400 +03:00 [INF] Request starting HTTP/2 GET https://localhost:7242/_vs/browserLink - null null
2026-08-15 02:54:24.405 +03:00 [INF] Request finished HTTP/2 GET https://localhost:7242/_vs/browserLink - 200 null text/javascript; charset=UTF-8 4.8704ms
2026-08-15 02:54:24.434 +03:00 [INF] Request starting HTTP/2 GET https://localhost:7242/_framework/aspnetcore-browser-refresh.js - null null
2026-08-15 02:54:24.436 +03:00 [INF] Request finished HTTP/2 GET https://localhost:7242/_framework/aspnetcore-browser-refresh.js - 200 14923 application/javascript; charset=utf-8 1.7256ms
2026-08-15 02:54:35.015 +03:00 [INF] Request starting HTTP/2 POST https://localhost:7242/Courses/Create - multipart/form-data; boundary=----WebKitFormBoundaryJ6APhA1fFBpPlv3i 1241
2026-08-15 02:54:35.018 +03:00 [INF] Executing endpoint 'CourseHub.Controllers.CoursesController.Create (CourseHub)'
2026-08-15 02:54:35.026 +03:00 [INF] Route matched with {action = "Create", controller = "Courses"}. Executing controller action with signature System.Threading.Tasks.Task`1[Microsoft.AspNetCore.Mvc.IActionResult] Create(CourseHub.ViewModels.CreateCourseViewModel) on controller CourseHub.Controllers.CoursesController (CourseHub).
2026-08-15 02:54:35.043 +03:00 [INF] Executed DbCommand (2ms) [Parameters=[@p='?' (Size = 450)], CommandType='"Text"', CommandTimeout='30']
SELECT TOP(1) [a].[Id], [a].[AccessFailedCount], [a].[ConcurrencyStamp], [a].[Email], [a].[EmailConfirmed], [a].[FullName], [a].[LockoutEnabled], [a].[LockoutEnd], [a].[NormalizedEmail], [a].[NormalizedUserName], [a].[PasswordHash], [a].[PhoneNumber], [a].[PhoneNumberConfirmed], [a].[SecurityStamp], [a].[TwoFactorEnabled], [a].[UserName]
FROM [AspNetUsers] AS [a]
WHERE [a].[Id] = @p
2026-08-15 02:54:35.182 +03:00 [INF] Executed DbCommand (10ms) [Parameters=[@p0='?' (DbType = Int32), @p1='?' (DbType = DateTime2), @p2='?' (Size = 2000), @p3='?' (DbType = DateTime2), @p4='?' (Size = 4000), @p5='?' (Size = 450), @p6='?' (Precision = 18) (Scale = 2) (DbType = Decimal), @p7='?' (Size = 150)], CommandType='"Text"', CommandTimeout='30']
SET IMPLICIT_TRANSACTIONS OFF;
SET NOCOUNT ON;
INSERT INTO [Courses] ([CategoryId], [CreatedAt], [Description], [EnrollmentDeadline], [ImageUrl], [InstructorId], [Price], [Title])
OUTPUT INSERTED.[Id]
VALUES (@p0, @p1, @p2, @p3, @p4, @p5, @p6, @p7);
2026-08-15 02:54:35.204 +03:00 [INF] Executing RedirectResult, redirecting to /Courses.
2026-08-15 02:54:35.205 +03:00 [INF] Executed action CourseHub.Controllers.CoursesController.Create (CourseHub) in 178.0269ms
2026-08-15 02:54:35.206 +03:00 [INF] Executed endpoint 'CourseHub.Controllers.CoursesController.Create (CourseHub)'
2026-08-15 02:54:35.207 +03:00 [INF] Request finished HTTP/2 POST https://localhost:7242/Courses/Create - 302 null null 192.0582ms
2026-08-15 02:54:35.210 +03:00 [INF] Request starting HTTP/2 GET https://localhost:7242/Courses - null null
2026-08-15 02:54:35.212 +03:00 [INF] Executing endpoint 'CourseHub.Controllers.CoursesController.Index (CourseHub)'
2026-08-15 02:54:35.213 +03:00 [INF] Route matched with {action = "Index", controller = "Courses"}. Executing controller action with signature System.Threading.Tasks.Task`1[Microsoft.AspNetCore.Mvc.IActionResult] Index(System.String, System.Nullable`1[System.Int32], Int32) on controller CourseHub.Controllers.CoursesController (CourseHub).
2026-08-15 02:54:35.215 +03:00 [INF] Executed DbCommand (1ms) [Parameters=[], CommandType='"Text"', CommandTimeout='30']
SELECT COUNT(*)
FROM [Courses] AS [c]
2026-08-15 02:54:35.220 +03:00 [INF] Executed DbCommand (3ms) [Parameters=[@p='?' (DbType = Int32), @p1='?' (DbType = Int32)], CommandType='"Text"', CommandTimeout='30']
SELECT [c1].[Id], [c1].[CategoryId], [c1].[CreatedAt], [c1].[Description], [c1].[EnrollmentDeadline], [c1].[ImageUrl], [c1].[InstructorId], [c1].[Price], [c1].[Title], [c0].[Id], [c0].[Name], [a].[Id], [a].[AccessFailedCount], [a].[ConcurrencyStamp], [a].[Email], [a].[EmailConfirmed], [a].[FullName], [a].[LockoutEnabled], [a].[LockoutEnd], [a].[NormalizedEmail], [a].[NormalizedUserName], [a].[PasswordHash], [a].[PhoneNumber], [a].[PhoneNumberConfirmed], [a].[SecurityStamp], [a].[TwoFactorEnabled], [a].[UserName]
FROM (
    SELECT [c].[Id], [c].[CategoryId], [c].[CreatedAt], [c].[Description], [c].[EnrollmentDeadline], [c].[ImageUrl], [c].[InstructorId], [c].[Price], [c].[Title]
    FROM [Courses] AS [c]
    ORDER BY [c].[CreatedAt] DESC
    OFFSET @p ROWS FETCH NEXT @p1 ROWS ONLY
) AS [c1]
INNER JOIN [Categories] AS [c0] ON [c1].[CategoryId] = [c0].[Id]
INNER JOIN [AspNetUsers] AS [a] ON [c1].[InstructorId] = [a].[Id]
ORDER BY [c1].[CreatedAt] DESC
2026-08-15 02:54:35.223 +03:00 [INF] Executed DbCommand (1ms) [Parameters=[], CommandType='"Text"', CommandTimeout='30']
SELECT [c].[Id], [c].[Name]
FROM [Categories] AS [c]
ORDER BY [c].[Name]
2026-08-15 02:54:35.224 +03:00 [INF] Executing ViewResult, running view Index.
2026-08-15 02:54:35.226 +03:00 [INF] Executed ViewResult - view Index executed in 2.1864ms.
2026-08-15 02:54:35.228 +03:00 [INF] Executed action CourseHub.Controllers.CoursesController.Index (CourseHub) in 14.4649ms
2026-08-15 02:54:35.229 +03:00 [INF] Executed endpoint 'CourseHub.Controllers.CoursesController.Index (CourseHub)'
2026-08-15 02:54:35.229 +03:00 [INF] Request finished HTTP/2 GET https://localhost:7242/Courses - 200 null text/html; charset=utf-8 19.5649ms
2026-08-15 02:54:35.444 +03:00 [INF] Request starting HTTP/2 GET https://localhost:7242/images/courses/default-course.jpg - null null
2026-08-15 02:54:35.444 +03:00 [INF] Request starting HTTP/2 GET https://localhost:7242/_vs/browserLink - null null
2026-08-15 02:54:35.444 +03:00 [INF] Request starting HTTP/2 GET https://localhost:7242/_framework/aspnetcore-browser-refresh.js - null null
2026-08-15 02:54:35.447 +03:00 [INF] Executing endpoint 'CourseHub.Controllers.ErrorController.StatusCode (CourseHub)'
2026-08-15 02:54:35.449 +03:00 [INF] Request finished HTTP/2 GET https://localhost:7242/_framework/aspnetcore-browser-refresh.js - 200 14923 application/javascript; charset=utf-8 4.4662ms
2026-08-15 02:54:35.449 +03:00 [INF] Route matched with {action = "StatusCode", controller = "Error"}. Executing controller action with signature Microsoft.AspNetCore.Mvc.IActionResult StatusCode(Int32) on controller CourseHub.Controllers.ErrorController (CourseHub).
2026-08-15 02:54:35.450 +03:00 [INF] Request finished HTTP/2 GET https://localhost:7242/_vs/browserLink - 200 null text/javascript; charset=UTF-8 5.5918ms
2026-08-15 02:54:35.453 +03:00 [WRN] HTTP Status Code 404 occurred for /Error/StatusCode
2026-08-15 02:54:35.455 +03:00 [INF] Executing ViewResult, running view StatusCode.
2026-08-15 02:54:35.456 +03:00 [INF] Executed ViewResult - view StatusCode executed in 1.3557ms.
2026-08-15 02:54:35.457 +03:00 [INF] Executed action CourseHub.Controllers.ErrorController.StatusCode (CourseHub) in 4.8851ms
2026-08-15 02:54:35.458 +03:00 [INF] Executed endpoint 'CourseHub.Controllers.ErrorController.StatusCode (CourseHub)'
2026-08-15 02:54:35.459 +03:00 [INF] Request finished HTTP/2 GET https://localhost:7242/images/courses/default-course.jpg - 404 null text/html; charset=utf-8 14.5426ms
2026-08-15 02:54:35.461 +03:00 [INF] Request reached the end of the middleware pipeline without being handled by application code. Request path: GET https://localhost:7242/images/courses/default-course.jpg, Response status code: 404
2026-08-15 02:54:41.533 +03:00 [INF] Request starting HTTP/2 GET https://localhost:7242/Courses/Create - null null
2026-08-15 02:54:41.537 +03:00 [INF] Executing endpoint 'CourseHub.Controllers.CoursesController.Create (CourseHub)'
2026-08-15 02:54:41.537 +03:00 [INF] Route matched with {action = "Create", controller = "Courses"}. Executing controller action with signature System.Threading.Tasks.Task`1[Microsoft.AspNetCore.Mvc.IActionResult] Create() on controller CourseHub.Controllers.CoursesController (CourseHub).
2026-08-15 02:54:41.541 +03:00 [INF] Executed DbCommand (1ms) [Parameters=[], CommandType='"Text"', CommandTimeout='30']
SELECT CONVERT(varchar(11), [c].[Id]) AS [Value], [c].[Name] AS [Text]
FROM [Categories] AS [c]
ORDER BY [c].[Name]
2026-08-15 02:54:41.542 +03:00 [INF] Executing ViewResult, running view Create.
2026-08-15 02:54:41.544 +03:00 [INF] Executed ViewResult - view Create executed in 2.1703ms.
2026-08-15 02:54:41.545 +03:00 [INF] Executed action CourseHub.Controllers.CoursesController.Create (CourseHub) in 6.644ms
2026-08-15 02:54:41.546 +03:00 [INF] Executed endpoint 'CourseHub.Controllers.CoursesController.Create (CourseHub)'
2026-08-15 02:54:41.546 +03:00 [INF] Request finished HTTP/2 GET https://localhost:7242/Courses/Create - 200 null text/html; charset=utf-8 13.1631ms
2026-08-15 02:54:41.580 +03:00 [INF] Request starting HTTP/2 GET https://localhost:7242/_vs/browserLink - null null
2026-08-15 02:54:41.580 +03:00 [INF] Request starting HTTP/2 GET https://localhost:7242/_framework/aspnetcore-browser-refresh.js - null null
2026-08-15 02:54:41.584 +03:00 [INF] Request finished HTTP/2 GET https://localhost:7242/_framework/aspnetcore-browser-refresh.js - 200 14923 application/javascript; charset=utf-8 3.1984ms
2026-08-15 02:54:41.585 +03:00 [INF] Request finished HTTP/2 GET https://localhost:7242/_vs/browserLink - 200 null text/javascript; charset=UTF-8 4.7749ms
2026-08-15 02:58:14.265 +03:00 [INF] User profile is available. Using 'C:\Users\ayman\AppData\Local\ASP.NET\DataProtection-Keys' as key repository and Windows DPAPI to encrypt keys at rest.
2026-08-15 02:58:14.790 +03:00 [WRN] No store type was specified for the decimal property 'Price' on entity type 'Course'. This will cause values to be silently truncated if they do not fit in the default precision and scale. Explicitly specify the SQL server column type that can accommodate all the values in 'OnModelCreating' using 'HasColumnType', specify precision and scale using 'HasPrecision', or configure a value converter using 'HasConversion'.
2026-08-15 02:58:15.429 +03:00 [INF] Executed DbCommand (40ms) [Parameters=[@normalizedName='?' (Size = 256)], CommandType='"Text"', CommandTimeout='30']
SELECT TOP(1) [a].[Id], [a].[ConcurrencyStamp], [a].[Name], [a].[NormalizedName]
FROM [AspNetRoles] AS [a]
WHERE [a].[NormalizedName] = @normalizedName
2026-08-15 02:58:15.503 +03:00 [INF] Executed DbCommand (1ms) [Parameters=[@normalizedName='?' (Size = 256)], CommandType='"Text"', CommandTimeout='30']
SELECT TOP(1) [a].[Id], [a].[ConcurrencyStamp], [a].[Name], [a].[NormalizedName]
FROM [AspNetRoles] AS [a]
WHERE [a].[NormalizedName] = @normalizedName
2026-08-15 02:58:15.505 +03:00 [INF] Executed DbCommand (0ms) [Parameters=[@normalizedName='?' (Size = 256)], CommandType='"Text"', CommandTimeout='30']
SELECT TOP(1) [a].[Id], [a].[ConcurrencyStamp], [a].[Name], [a].[NormalizedName]
FROM [AspNetRoles] AS [a]
WHERE [a].[NormalizedName] = @normalizedName
2026-08-15 02:58:15.518 +03:00 [INF] Executed DbCommand (3ms) [Parameters=[@normalizedEmail='?' (Size = 256)], CommandType='"Text"', CommandTimeout='30']
SELECT TOP(2) [a].[Id], [a].[AccessFailedCount], [a].[ConcurrencyStamp], [a].[Email], [a].[EmailConfirmed], [a].[FullName], [a].[LockoutEnabled], [a].[LockoutEnd], [a].[NormalizedEmail], [a].[NormalizedUserName], [a].[PasswordHash], [a].[PhoneNumber], [a].[PhoneNumberConfirmed], [a].[SecurityStamp], [a].[TwoFactorEnabled], [a].[UserName]
FROM [AspNetUsers] AS [a]
WHERE [a].[NormalizedEmail] = @normalizedEmail
2026-08-15 02:58:15.711 +03:00 [INF] Now listening on: https://localhost:7242
2026-08-15 02:58:15.711 +03:00 [INF] Now listening on: http://localhost:5164
2026-08-15 02:58:15.742 +03:00 [INF] Application started. Press Ctrl+C to shut down.
2026-08-15 02:58:15.742 +03:00 [INF] Hosting environment: Development
2026-08-15 02:58:15.743 +03:00 [INF] Content root path: D:\Real Projects\Mvc Projects\CourseHub\CourseHub
2026-08-15 02:58:16.264 +03:00 [INF] Request starting HTTP/2 GET https://localhost:7242/ - null null
2026-08-15 02:58:16.375 +03:00 [INF] Executing endpoint 'CourseHub.Controllers.HomeController.Index (CourseHub)'
2026-08-15 02:58:16.393 +03:00 [INF] Route matched with {action = "Index", controller = "Home"}. Executing controller action with signature System.Threading.Tasks.Task`1[Microsoft.AspNetCore.Mvc.IActionResult] Index() on controller CourseHub.Controllers.HomeController (CourseHub).
2026-08-15 02:58:16.480 +03:00 [INF] Executed DbCommand (2ms) [Parameters=[], CommandType='"Text"', CommandTimeout='30']
SELECT COUNT(*)
FROM [Courses] AS [c]
2026-08-15 02:58:16.489 +03:00 [INF] Executed DbCommand (2ms) [Parameters=[], CommandType='"Text"', CommandTimeout='30']
SELECT COUNT(*)
FROM [Categories] AS [c]
2026-08-15 02:58:16.535 +03:00 [INF] Executing ViewResult, running view Index.
2026-08-15 02:58:16.681 +03:00 [INF] Executed ViewResult - view Index executed in 147.8957ms.
2026-08-15 02:58:16.685 +03:00 [INF] Executed action CourseHub.Controllers.HomeController.Index (CourseHub) in 289.9127ms
2026-08-15 02:58:16.687 +03:00 [INF] Executed endpoint 'CourseHub.Controllers.HomeController.Index (CourseHub)'
2026-08-15 02:58:16.697 +03:00 [INF] Request finished HTTP/2 GET https://localhost:7242/ - 200 null text/html; charset=utf-8 437.795ms
2026-08-15 02:58:16.715 +03:00 [INF] Request starting HTTP/2 GET https://localhost:7242/_vs/browserLink - null null
2026-08-15 02:58:16.715 +03:00 [INF] Request starting HTTP/2 GET https://localhost:7242/_framework/aspnetcore-browser-refresh.js - null null
2026-08-15 02:58:16.725 +03:00 [INF] Request finished HTTP/2 GET https://localhost:7242/_framework/aspnetcore-browser-refresh.js - 200 14923 application/javascript; charset=utf-8 9.7309ms
2026-08-15 02:58:16.753 +03:00 [INF] Request finished HTTP/2 GET https://localhost:7242/_vs/browserLink - 200 null text/javascript; charset=UTF-8 37.3592ms
2026-08-15 02:58:18.699 +03:00 [INF] Request starting HTTP/2 GET https://localhost:7242/images/courses/default-course.jpg - null null
2026-08-15 02:58:18.743 +03:00 [INF] Sending file. Request path: '/images/courses/default-course.jpg'. Physical path: 'D:\Real Projects\Mvc Projects\CourseHub\CourseHub\wwwroot\images\courses\default-course.jpg'
2026-08-15 02:58:18.744 +03:00 [INF] Request finished HTTP/2 GET https://localhost:7242/images/courses/default-course.jpg - 200 1666521 image/jpeg 44.7998ms
2026-08-15 03:01:51.196 +03:00 [INF] User profile is available. Using 'C:\Users\ayman\AppData\Local\ASP.NET\DataProtection-Keys' as key repository and Windows DPAPI to encrypt keys at rest.
2026-08-15 03:01:51.713 +03:00 [WRN] No store type was specified for the decimal property 'Price' on entity type 'Course'. This will cause values to be silently truncated if they do not fit in the default precision and scale. Explicitly specify the SQL server column type that can accommodate all the values in 'OnModelCreating' using 'HasColumnType', specify precision and scale using 'HasPrecision', or configure a value converter using 'HasConversion'.
2026-08-15 03:01:52.275 +03:00 [INF] Executed DbCommand (40ms) [Parameters=[@normalizedName='?' (Size = 256)], CommandType='"Text"', CommandTimeout='30']
SELECT TOP(1) [a].[Id], [a].[ConcurrencyStamp], [a].[Name], [a].[NormalizedName]
FROM [AspNetRoles] AS [a]
WHERE [a].[NormalizedName] = @normalizedName
2026-08-15 03:01:52.343 +03:00 [INF] Executed DbCommand (2ms) [Parameters=[@normalizedName='?' (Size = 256)], CommandType='"Text"', CommandTimeout='30']
SELECT TOP(1) [a].[Id], [a].[ConcurrencyStamp], [a].[Name], [a].[NormalizedName]
FROM [AspNetRoles] AS [a]
WHERE [a].[NormalizedName] = @normalizedName
2026-08-15 03:01:52.345 +03:00 [INF] Executed DbCommand (0ms) [Parameters=[@normalizedName='?' (Size = 256)], CommandType='"Text"', CommandTimeout='30']
SELECT TOP(1) [a].[Id], [a].[ConcurrencyStamp], [a].[Name], [a].[NormalizedName]
FROM [AspNetRoles] AS [a]
WHERE [a].[NormalizedName] = @normalizedName
2026-08-15 03:01:52.357 +03:00 [INF] Executed DbCommand (3ms) [Parameters=[@normalizedEmail='?' (Size = 256)], CommandType='"Text"', CommandTimeout='30']
SELECT TOP(2) [a].[Id], [a].[AccessFailedCount], [a].[ConcurrencyStamp], [a].[Email], [a].[EmailConfirmed], [a].[FullName], [a].[LockoutEnabled], [a].[LockoutEnd], [a].[NormalizedEmail], [a].[NormalizedUserName], [a].[PasswordHash], [a].[PhoneNumber], [a].[PhoneNumberConfirmed], [a].[SecurityStamp], [a].[TwoFactorEnabled], [a].[UserName]
FROM [AspNetUsers] AS [a]
WHERE [a].[NormalizedEmail] = @normalizedEmail
2026-08-15 03:01:52.562 +03:00 [INF] Now listening on: https://localhost:7242
2026-08-15 03:01:52.563 +03:00 [INF] Now listening on: http://localhost:5164
2026-08-15 03:01:52.594 +03:00 [INF] Application started. Press Ctrl+C to shut down.
2026-08-15 03:01:52.594 +03:00 [INF] Hosting environment: Development
2026-08-15 03:01:52.595 +03:00 [INF] Content root path: D:\Real Projects\Mvc Projects\CourseHub\CourseHub
2026-08-15 03:01:53.326 +03:00 [INF] Request starting HTTP/2 GET https://localhost:7242/ - null null
2026-08-15 03:01:53.431 +03:00 [INF] Executing endpoint 'CourseHub.Controllers.HomeController.Index (CourseHub)'
2026-08-15 03:01:53.449 +03:00 [INF] Route matched with {action = "Index", controller = "Home"}. Executing controller action with signature System.Threading.Tasks.Task`1[Microsoft.AspNetCore.Mvc.IActionResult] Index() on controller CourseHub.Controllers.HomeController (CourseHub).
2026-08-15 03:01:53.538 +03:00 [INF] Executed DbCommand (3ms) [Parameters=[], CommandType='"Text"', CommandTimeout='30']
SELECT COUNT(*)
FROM [Courses] AS [c]
2026-08-15 03:01:53.545 +03:00 [INF] Executed DbCommand (1ms) [Parameters=[], CommandType='"Text"', CommandTimeout='30']
SELECT COUNT(*)
FROM [Categories] AS [c]
2026-08-15 03:01:53.581 +03:00 [INF] Executing ViewResult, running view Index.
2026-08-15 03:01:53.696 +03:00 [INF] Executed ViewResult - view Index executed in 116.5232ms.
2026-08-15 03:01:53.700 +03:00 [INF] Executed action CourseHub.Controllers.HomeController.Index (CourseHub) in 248.8318ms
2026-08-15 03:01:53.702 +03:00 [INF] Executed endpoint 'CourseHub.Controllers.HomeController.Index (CourseHub)'
2026-08-15 03:01:53.712 +03:00 [INF] Request finished HTTP/2 GET https://localhost:7242/ - 200 null text/html; charset=utf-8 391.1955ms
2026-08-15 03:01:53.724 +03:00 [INF] Request starting HTTP/2 GET https://localhost:7242/_framework/aspnetcore-browser-refresh.js - null null
2026-08-15 03:01:53.728 +03:00 [INF] Request starting HTTP/2 GET https://localhost:7242/_vs/browserLink - null null
2026-08-15 03:01:53.730 +03:00 [INF] Request finished HTTP/2 GET https://localhost:7242/_framework/aspnetcore-browser-refresh.js - 200 14923 application/javascript; charset=utf-8 6.0613ms
2026-08-15 03:01:53.759 +03:00 [INF] Request finished HTTP/2 GET https://localhost:7242/_vs/browserLink - 200 null text/javascript; charset=UTF-8 31.2268ms
2026-08-15 03:01:58.747 +03:00 [INF] Request starting HTTP/2 GET https://localhost:7242/Courses - null null
2026-08-15 03:01:58.759 +03:00 [INF] Executing endpoint 'CourseHub.Controllers.CoursesController.Index (CourseHub)'
2026-08-15 03:01:58.772 +03:00 [INF] Route matched with {action = "Index", controller = "Courses"}. Executing controller action with signature System.Threading.Tasks.Task`1[Microsoft.AspNetCore.Mvc.IActionResult] Index(System.String, System.Nullable`1[System.Int32], Int32) on controller CourseHub.Controllers.CoursesController (CourseHub).
2026-08-15 03:01:58.857 +03:00 [WRN] You do not have a valid license key for the Lucky Penny software AutoMapper. This is allowed for development and testing scenarios. If you are running in production you are required to have a licensed version. Please visit https://luckypennysoftware.com to obtain a valid license.
2026-08-15 03:01:58.880 +03:00 [INF] Executed DbCommand (0ms) [Parameters=[], CommandType='"Text"', CommandTimeout='30']
SELECT COUNT(*)
FROM [Courses] AS [c]
2026-08-15 03:01:58.944 +03:00 [INF] Executed DbCommand (4ms) [Parameters=[@p='?' (DbType = Int32), @p1='?' (DbType = Int32)], CommandType='"Text"', CommandTimeout='30']
SELECT [c1].[Id], [c1].[CategoryId], [c1].[CreatedAt], [c1].[Description], [c1].[EnrollmentDeadline], [c1].[ImageUrl], [c1].[InstructorId], [c1].[Price], [c1].[Title], [c0].[Id], [c0].[Name], [a].[Id], [a].[AccessFailedCount], [a].[ConcurrencyStamp], [a].[Email], [a].[EmailConfirmed], [a].[FullName], [a].[LockoutEnabled], [a].[LockoutEnd], [a].[NormalizedEmail], [a].[NormalizedUserName], [a].[PasswordHash], [a].[PhoneNumber], [a].[PhoneNumberConfirmed], [a].[SecurityStamp], [a].[TwoFactorEnabled], [a].[UserName]
FROM (
    SELECT [c].[Id], [c].[CategoryId], [c].[CreatedAt], [c].[Description], [c].[EnrollmentDeadline], [c].[ImageUrl], [c].[InstructorId], [c].[Price], [c].[Title]
    FROM [Courses] AS [c]
    ORDER BY [c].[CreatedAt] DESC
    OFFSET @p ROWS FETCH NEXT @p1 ROWS ONLY
) AS [c1]
INNER JOIN [Categories] AS [c0] ON [c1].[CategoryId] = [c0].[Id]
INNER JOIN [AspNetUsers] AS [a] ON [c1].[InstructorId] = [a].[Id]
ORDER BY [c1].[CreatedAt] DESC
2026-08-15 03:01:58.959 +03:00 [INF] Executed DbCommand (1ms) [Parameters=[], CommandType='"Text"', CommandTimeout='30']
SELECT [c].[Id], [c].[Name]
FROM [Categories] AS [c]
ORDER BY [c].[Name]
2026-08-15 03:01:58.971 +03:00 [INF] Executing ViewResult, running view Index.
2026-08-15 03:01:59.008 +03:00 [INF] Executed ViewResult - view Index executed in 37.5418ms.
2026-08-15 03:01:59.009 +03:00 [INF] Executed action CourseHub.Controllers.CoursesController.Index (CourseHub) in 235.0051ms
2026-08-15 03:01:59.009 +03:00 [INF] Executed endpoint 'CourseHub.Controllers.CoursesController.Index (CourseHub)'
2026-08-15 03:01:59.011 +03:00 [INF] Request finished HTTP/2 GET https://localhost:7242/Courses - 200 null text/html; charset=utf-8 264.3116ms
2026-08-15 03:01:59.041 +03:00 [INF] Request starting HTTP/2 GET https://localhost:7242/images/courses/default-course.jpg - null null
2026-08-15 03:01:59.041 +03:00 [INF] Request starting HTTP/2 GET https://localhost:7242/_vs/browserLink - null null
2026-08-15 03:01:59.041 +03:00 [INF] Request starting HTTP/2 GET https://localhost:7242/_framework/aspnetcore-browser-refresh.js - null null
2026-08-15 03:01:59.083 +03:00 [INF] Request finished HTTP/2 GET https://localhost:7242/_framework/aspnetcore-browser-refresh.js - 200 14923 application/javascript; charset=utf-8 41.1345ms
2026-08-15 03:01:59.085 +03:00 [INF] The file /images/courses/default-course.jpg was not modified
2026-08-15 03:01:59.087 +03:00 [INF] Request finished HTTP/2 GET https://localhost:7242/images/courses/default-course.jpg - 304 null image/jpeg 45.168ms
2026-08-15 03:01:59.092 +03:00 [INF] Request finished HTTP/2 GET https://localhost:7242/_vs/browserLink - 200 null text/javascript; charset=UTF-8 50.5037ms
2026-08-15 03:02:05.036 +03:00 [INF] Request starting HTTP/2 GET https://localhost:7242/Courses/Create - null null
2026-08-15 03:02:05.060 +03:00 [INF] Executing endpoint 'CourseHub.Controllers.CoursesController.Create (CourseHub)'
2026-08-15 03:02:05.082 +03:00 [INF] Route matched with {action = "Create", controller = "Courses"}. Executing controller action with signature System.Threading.Tasks.Task`1[Microsoft.AspNetCore.Mvc.IActionResult] Create() on controller CourseHub.Controllers.CoursesController (CourseHub).
2026-08-15 03:02:05.103 +03:00 [INF] Executed DbCommand (2ms) [Parameters=[], CommandType='"Text"', CommandTimeout='30']
SELECT CONVERT(varchar(11), [c].[Id]) AS [Value], [c].[Name] AS [Text]
FROM [Categories] AS [c]
ORDER BY [c].[Name]
2026-08-15 03:02:05.106 +03:00 [INF] Executing ViewResult, running view Create.
2026-08-15 03:02:05.169 +03:00 [INF] Executed ViewResult - view Create executed in 63.2189ms.
2026-08-15 03:02:05.170 +03:00 [INF] Executed action CourseHub.Controllers.CoursesController.Create (CourseHub) in 86.7272ms
2026-08-15 03:02:05.171 +03:00 [INF] Executed endpoint 'CourseHub.Controllers.CoursesController.Create (CourseHub)'
2026-08-15 03:02:05.172 +03:00 [INF] Request finished HTTP/2 GET https://localhost:7242/Courses/Create - 200 null text/html; charset=utf-8 135.8206ms
2026-08-15 03:02:05.214 +03:00 [INF] Request starting HTTP/2 GET https://localhost:7242/_framework/aspnetcore-browser-refresh.js - null null
2026-08-15 03:02:05.215 +03:00 [INF] Request starting HTTP/2 GET https://localhost:7242/_vs/browserLink - null null
2026-08-15 03:02:05.216 +03:00 [INF] Request finished HTTP/2 GET https://localhost:7242/_framework/aspnetcore-browser-refresh.js - 200 14923 application/javascript; charset=utf-8 2.4602ms
2026-08-15 03:02:05.221 +03:00 [INF] Request finished HTTP/2 GET https://localhost:7242/_vs/browserLink - 200 null text/javascript; charset=UTF-8 6.4609ms
2026-08-15 03:02:19.644 +03:00 [INF] Request starting HTTP/2 POST https://localhost:7242/Courses/Create - multipart/form-data; boundary=----WebKitFormBoundary48hAgKzapype9ImI 1240
2026-08-15 03:02:19.648 +03:00 [INF] Executing endpoint 'CourseHub.Controllers.CoursesController.Create (CourseHub)'
2026-08-15 03:02:19.658 +03:00 [INF] Route matched with {action = "Create", controller = "Courses"}. Executing controller action with signature System.Threading.Tasks.Task`1[Microsoft.AspNetCore.Mvc.IActionResult] Create(CourseHub.ViewModels.CreateCourseViewModel) on controller CourseHub.Controllers.CoursesController (CourseHub).
2026-08-15 03:02:19.696 +03:00 [INF] Executed DbCommand (2ms) [Parameters=[@p='?' (Size = 450)], CommandType='"Text"', CommandTimeout='30']
SELECT TOP(1) [a].[Id], [a].[AccessFailedCount], [a].[ConcurrencyStamp], [a].[Email], [a].[EmailConfirmed], [a].[FullName], [a].[LockoutEnabled], [a].[LockoutEnd], [a].[NormalizedEmail], [a].[NormalizedUserName], [a].[PasswordHash], [a].[PhoneNumber], [a].[PhoneNumberConfirmed], [a].[SecurityStamp], [a].[TwoFactorEnabled], [a].[UserName]
FROM [AspNetUsers] AS [a]
WHERE [a].[Id] = @p
2026-08-15 03:02:19.837 +03:00 [INF] Executed DbCommand (4ms) [Parameters=[@p0='?' (DbType = Int32), @p1='?' (DbType = DateTime2), @p2='?' (Size = 2000), @p3='?' (DbType = DateTime2), @p4='?' (Size = 4000), @p5='?' (Size = 450), @p6='?' (Precision = 18) (Scale = 2) (DbType = Decimal), @p7='?' (Size = 150)], CommandType='"Text"', CommandTimeout='30']
SET IMPLICIT_TRANSACTIONS OFF;
SET NOCOUNT ON;
INSERT INTO [Courses] ([CategoryId], [CreatedAt], [Description], [EnrollmentDeadline], [ImageUrl], [InstructorId], [Price], [Title])
OUTPUT INSERTED.[Id]
VALUES (@p0, @p1, @p2, @p3, @p4, @p5, @p6, @p7);
2026-08-15 03:02:19.860 +03:00 [INF] Executing RedirectResult, redirecting to /Courses.
2026-08-15 03:02:19.861 +03:00 [INF] Executed action CourseHub.Controllers.CoursesController.Create (CourseHub) in 202.1264ms
2026-08-15 03:02:19.862 +03:00 [INF] Executed endpoint 'CourseHub.Controllers.CoursesController.Create (CourseHub)'
2026-08-15 03:02:19.863 +03:00 [INF] Request finished HTTP/2 POST https://localhost:7242/Courses/Create - 302 null null 219.154ms
2026-08-15 03:02:19.866 +03:00 [INF] Request starting HTTP/2 GET https://localhost:7242/Courses - null null
2026-08-15 03:02:19.868 +03:00 [INF] Executing endpoint 'CourseHub.Controllers.CoursesController.Index (CourseHub)'
2026-08-15 03:02:19.869 +03:00 [INF] Route matched with {action = "Index", controller = "Courses"}. Executing controller action with signature System.Threading.Tasks.Task`1[Microsoft.AspNetCore.Mvc.IActionResult] Index(System.String, System.Nullable`1[System.Int32], Int32) on controller CourseHub.Controllers.CoursesController (CourseHub).
2026-08-15 03:02:19.873 +03:00 [INF] Executed DbCommand (1ms) [Parameters=[], CommandType='"Text"', CommandTimeout='30']
SELECT COUNT(*)
FROM [Courses] AS [c]
2026-08-15 03:02:19.878 +03:00 [INF] Executed DbCommand (4ms) [Parameters=[@p='?' (DbType = Int32), @p1='?' (DbType = Int32)], CommandType='"Text"', CommandTimeout='30']
SELECT [c1].[Id], [c1].[CategoryId], [c1].[CreatedAt], [c1].[Description], [c1].[EnrollmentDeadline], [c1].[ImageUrl], [c1].[InstructorId], [c1].[Price], [c1].[Title], [c0].[Id], [c0].[Name], [a].[Id], [a].[AccessFailedCount], [a].[ConcurrencyStamp], [a].[Email], [a].[EmailConfirmed], [a].[FullName], [a].[LockoutEnabled], [a].[LockoutEnd], [a].[NormalizedEmail], [a].[NormalizedUserName], [a].[PasswordHash], [a].[PhoneNumber], [a].[PhoneNumberConfirmed], [a].[SecurityStamp], [a].[TwoFactorEnabled], [a].[UserName]
FROM (
    SELECT [c].[Id], [c].[CategoryId], [c].[CreatedAt], [c].[Description], [c].[EnrollmentDeadline], [c].[ImageUrl], [c].[InstructorId], [c].[Price], [c].[Title]
    FROM [Courses] AS [c]
    ORDER BY [c].[CreatedAt] DESC
    OFFSET @p ROWS FETCH NEXT @p1 ROWS ONLY
) AS [c1]
INNER JOIN [Categories] AS [c0] ON [c1].[CategoryId] = [c0].[Id]
INNER JOIN [AspNetUsers] AS [a] ON [c1].[InstructorId] = [a].[Id]
ORDER BY [c1].[CreatedAt] DESC
2026-08-15 03:02:19.881 +03:00 [INF] Executed DbCommand (1ms) [Parameters=[], CommandType='"Text"', CommandTimeout='30']
SELECT [c].[Id], [c].[Name]
FROM [Categories] AS [c]
ORDER BY [c].[Name]
2026-08-15 03:02:19.883 +03:00 [INF] Executing ViewResult, running view Index.
2026-08-15 03:02:19.886 +03:00 [INF] Executed ViewResult - view Index executed in 2.8861ms.
2026-08-15 03:02:19.887 +03:00 [INF] Executed action CourseHub.Controllers.CoursesController.Index (CourseHub) in 16.6167ms
2026-08-15 03:02:19.887 +03:00 [INF] Executed endpoint 'CourseHub.Controllers.CoursesController.Index (CourseHub)'
2026-08-15 03:02:19.888 +03:00 [INF] Request finished HTTP/2 GET https://localhost:7242/Courses - 200 null text/html; charset=utf-8 22.5566ms
2026-08-15 03:02:20.098 +03:00 [INF] Request starting HTTP/2 GET https://localhost:7242/_framework/aspnetcore-browser-refresh.js - null null
2026-08-15 03:02:20.098 +03:00 [INF] Request starting HTTP/2 GET https://localhost:7242/_vs/browserLink - null null
2026-08-15 03:02:20.100 +03:00 [INF] Request finished HTTP/2 GET https://localhost:7242/_framework/aspnetcore-browser-refresh.js - 200 14923 application/javascript; charset=utf-8 1.803ms
2026-08-15 03:02:20.106 +03:00 [INF] Request finished HTTP/2 GET https://localhost:7242/_vs/browserLink - 200 null text/javascript; charset=UTF-8 7.0469ms
2026-08-15 03:02:23.116 +03:00 [INF] Request starting HTTP/2 GET https://localhost:7242/Courses/Create - null null
2026-08-15 03:02:23.121 +03:00 [INF] Executing endpoint 'CourseHub.Controllers.CoursesController.Create (CourseHub)'
2026-08-15 03:02:23.122 +03:00 [INF] Route matched with {action = "Create", controller = "Courses"}. Executing controller action with signature System.Threading.Tasks.Task`1[Microsoft.AspNetCore.Mvc.IActionResult] Create() on controller CourseHub.Controllers.CoursesController (CourseHub).
2026-08-15 03:02:23.126 +03:00 [INF] Executed DbCommand (1ms) [Parameters=[], CommandType='"Text"', CommandTimeout='30']
SELECT CONVERT(varchar(11), [c].[Id]) AS [Value], [c].[Name] AS [Text]
FROM [Categories] AS [c]
ORDER BY [c].[Name]
2026-08-15 03:02:23.127 +03:00 [INF] Executing ViewResult, running view Create.
2026-08-15 03:02:23.131 +03:00 [INF] Executed ViewResult - view Create executed in 3.5103ms.
2026-08-15 03:02:23.132 +03:00 [INF] Executed action CourseHub.Controllers.CoursesController.Create (CourseHub) in 8.8157ms
2026-08-15 03:02:23.133 +03:00 [INF] Executed endpoint 'CourseHub.Controllers.CoursesController.Create (CourseHub)'
2026-08-15 03:02:23.134 +03:00 [INF] Request finished HTTP/2 GET https://localhost:7242/Courses/Create - 200 null text/html; charset=utf-8 17.6053ms
2026-08-15 03:02:23.167 +03:00 [INF] Request starting HTTP/2 GET https://localhost:7242/_vs/browserLink - null null
2026-08-15 03:02:23.167 +03:00 [INF] Request starting HTTP/2 GET https://localhost:7242/_framework/aspnetcore-browser-refresh.js - null null
2026-08-15 03:02:23.170 +03:00 [INF] Request finished HTTP/2 GET https://localhost:7242/_framework/aspnetcore-browser-refresh.js - 200 14923 application/javascript; charset=utf-8 3.2909ms
2026-08-15 03:02:23.173 +03:00 [INF] Request finished HTTP/2 GET https://localhost:7242/_vs/browserLink - 200 null text/javascript; charset=UTF-8 5.604ms
2026-08-15 03:03:36.524 +03:00 [INF] User profile is available. Using 'C:\Users\ayman\AppData\Local\ASP.NET\DataProtection-Keys' as key repository and Windows DPAPI to encrypt keys at rest.
2026-08-15 03:03:37.028 +03:00 [WRN] No store type was specified for the decimal property 'Price' on entity type 'Course'. This will cause values to be silently truncated if they do not fit in the default precision and scale. Explicitly specify the SQL server column type that can accommodate all the values in 'OnModelCreating' using 'HasColumnType', specify precision and scale using 'HasPrecision', or configure a value converter using 'HasConversion'.
2026-08-15 03:03:37.597 +03:00 [INF] Executed DbCommand (44ms) [Parameters=[@normalizedName='?' (Size = 256)], CommandType='"Text"', CommandTimeout='30']
SELECT TOP(1) [a].[Id], [a].[ConcurrencyStamp], [a].[Name], [a].[NormalizedName]
FROM [AspNetRoles] AS [a]
WHERE [a].[NormalizedName] = @normalizedName
2026-08-15 03:03:37.679 +03:00 [INF] Executed DbCommand (1ms) [Parameters=[@normalizedName='?' (Size = 256)], CommandType='"Text"', CommandTimeout='30']
SELECT TOP(1) [a].[Id], [a].[ConcurrencyStamp], [a].[Name], [a].[NormalizedName]
FROM [AspNetRoles] AS [a]
WHERE [a].[NormalizedName] = @normalizedName
2026-08-15 03:03:37.682 +03:00 [INF] Executed DbCommand (0ms) [Parameters=[@normalizedName='?' (Size = 256)], CommandType='"Text"', CommandTimeout='30']
SELECT TOP(1) [a].[Id], [a].[ConcurrencyStamp], [a].[Name], [a].[NormalizedName]
FROM [AspNetRoles] AS [a]
WHERE [a].[NormalizedName] = @normalizedName
2026-08-15 03:03:37.695 +03:00 [INF] Executed DbCommand (3ms) [Parameters=[@normalizedEmail='?' (Size = 256)], CommandType='"Text"', CommandTimeout='30']
SELECT TOP(2) [a].[Id], [a].[AccessFailedCount], [a].[ConcurrencyStamp], [a].[Email], [a].[EmailConfirmed], [a].[FullName], [a].[LockoutEnabled], [a].[LockoutEnd], [a].[NormalizedEmail], [a].[NormalizedUserName], [a].[PasswordHash], [a].[PhoneNumber], [a].[PhoneNumberConfirmed], [a].[SecurityStamp], [a].[TwoFactorEnabled], [a].[UserName]
FROM [AspNetUsers] AS [a]
WHERE [a].[NormalizedEmail] = @normalizedEmail
2026-08-15 03:03:37.925 +03:00 [INF] Now listening on: https://localhost:7242
2026-08-15 03:03:37.926 +03:00 [INF] Now listening on: http://localhost:5164
2026-08-15 03:03:37.967 +03:00 [INF] Application started. Press Ctrl+C to shut down.
2026-08-15 03:03:37.968 +03:00 [INF] Hosting environment: Development
2026-08-15 03:03:37.969 +03:00 [INF] Content root path: D:\Real Projects\Mvc Projects\CourseHub\CourseHub
2026-08-15 03:03:39.140 +03:00 [INF] Request starting HTTP/2 GET https://localhost:7242/ - null null
2026-08-15 03:03:39.271 +03:00 [INF] Executing endpoint 'CourseHub.Controllers.HomeController.Index (CourseHub)'
2026-08-15 03:03:39.284 +03:00 [INF] Route matched with {action = "Index", controller = "Home"}. Executing controller action with signature System.Threading.Tasks.Task`1[Microsoft.AspNetCore.Mvc.IActionResult] Index() on controller CourseHub.Controllers.HomeController (CourseHub).
2026-08-15 03:03:39.366 +03:00 [INF] Executed DbCommand (2ms) [Parameters=[], CommandType='"Text"', CommandTimeout='30']
SELECT COUNT(*)
FROM [Courses] AS [c]
2026-08-15 03:03:39.373 +03:00 [INF] Executed DbCommand (1ms) [Parameters=[], CommandType='"Text"', CommandTimeout='30']
SELECT COUNT(*)
FROM [Categories] AS [c]
2026-08-15 03:03:39.408 +03:00 [INF] Executing ViewResult, running view Index.
2026-08-15 03:03:39.514 +03:00 [INF] Executed ViewResult - view Index executed in 106.9014ms.
2026-08-15 03:03:39.518 +03:00 [INF] Executed action CourseHub.Controllers.HomeController.Index (CourseHub) in 232.2765ms
2026-08-15 03:03:39.520 +03:00 [INF] Executed endpoint 'CourseHub.Controllers.HomeController.Index (CourseHub)'
2026-08-15 03:03:39.530 +03:00 [INF] Request finished HTTP/2 GET https://localhost:7242/ - 200 null text/html; charset=utf-8 395.1923ms
2026-08-15 03:03:39.541 +03:00 [INF] Request starting HTTP/2 GET https://localhost:7242/_framework/aspnetcore-browser-refresh.js - null null
2026-08-15 03:03:39.548 +03:00 [INF] Request finished HTTP/2 GET https://localhost:7242/_framework/aspnetcore-browser-refresh.js - 200 14923 application/javascript; charset=utf-8 6.5809ms
2026-08-15 03:03:39.553 +03:00 [INF] Request starting HTTP/2 GET https://localhost:7242/_vs/browserLink - null null
2026-08-15 03:03:39.585 +03:00 [INF] Request finished HTTP/2 GET https://localhost:7242/_vs/browserLink - 200 null text/javascript; charset=UTF-8 32.3396ms
2026-08-15 03:03:41.209 +03:00 [INF] Request starting HTTP/2 POST https://localhost:7242/Account/Logout - application/x-www-form-urlencoded 225
2026-08-15 03:03:41.225 +03:00 [INF] Executing endpoint 'CourseHub.Controllers.AccountController.Logout (CourseHub)'
2026-08-15 03:03:41.232 +03:00 [INF] Route matched with {action = "Logout", controller = "Account"}. Executing controller action with signature System.Threading.Tasks.Task`1[Microsoft.AspNetCore.Mvc.IActionResult] Logout() on controller CourseHub.Controllers.AccountController (CourseHub).
2026-08-15 03:03:41.242 +03:00 [INF] AuthenticationScheme: Identity.Application signed out.
2026-08-15 03:03:41.244 +03:00 [INF] AuthenticationScheme: Identity.External signed out.
2026-08-15 03:03:41.245 +03:00 [INF] AuthenticationScheme: Identity.TwoFactorUserId signed out.
2026-08-15 03:03:41.247 +03:00 [INF] Executing RedirectResult, redirecting to /.
2026-08-15 03:03:41.248 +03:00 [INF] Executed action CourseHub.Controllers.AccountController.Logout (CourseHub) in 15.1535ms
2026-08-15 03:03:41.249 +03:00 [INF] Executed endpoint 'CourseHub.Controllers.AccountController.Logout (CourseHub)'
2026-08-15 03:03:41.250 +03:00 [INF] Request finished HTTP/2 POST https://localhost:7242/Account/Logout - 302 null null 40.3302ms
2026-08-15 03:03:41.253 +03:00 [INF] Request starting HTTP/2 GET https://localhost:7242/ - null null
2026-08-15 03:03:41.260 +03:00 [INF] Executing endpoint 'CourseHub.Controllers.HomeController.Index (CourseHub)'
2026-08-15 03:03:41.261 +03:00 [INF] Route matched with {action = "Index", controller = "Home"}. Executing controller action with signature System.Threading.Tasks.Task`1[Microsoft.AspNetCore.Mvc.IActionResult] Index() on controller CourseHub.Controllers.HomeController (CourseHub).
2026-08-15 03:03:41.274 +03:00 [INF] Executed DbCommand (1ms) [Parameters=[], CommandType='"Text"', CommandTimeout='30']
SELECT COUNT(*)
FROM [Courses] AS [c]
2026-08-15 03:03:41.276 +03:00 [INF] Executed DbCommand (0ms) [Parameters=[], CommandType='"Text"', CommandTimeout='30']
SELECT COUNT(*)
FROM [Categories] AS [c]
2026-08-15 03:03:41.278 +03:00 [INF] Executing ViewResult, running view Index.
2026-08-15 03:03:41.284 +03:00 [INF] Executed ViewResult - view Index executed in 6.1181ms.
2026-08-15 03:03:41.285 +03:00 [INF] Executed action CourseHub.Controllers.HomeController.Index (CourseHub) in 22.9113ms
2026-08-15 03:03:41.286 +03:00 [INF] Executed endpoint 'CourseHub.Controllers.HomeController.Index (CourseHub)'
2026-08-15 03:03:41.287 +03:00 [INF] Request finished HTTP/2 GET https://localhost:7242/ - 200 null text/html; charset=utf-8 33.3209ms
2026-08-15 03:03:41.477 +03:00 [INF] Request starting HTTP/2 GET https://localhost:7242/_vs/browserLink - null null
2026-08-15 03:03:41.478 +03:00 [INF] Request starting HTTP/2 GET https://localhost:7242/_framework/aspnetcore-browser-refresh.js - null null
2026-08-15 03:03:41.481 +03:00 [INF] Request finished HTTP/2 GET https://localhost:7242/_framework/aspnetcore-browser-refresh.js - 200 14923 application/javascript; charset=utf-8 3.5801ms
2026-08-15 03:03:41.491 +03:00 [INF] Request finished HTTP/2 GET https://localhost:7242/_vs/browserLink - 200 null text/javascript; charset=UTF-8 13.1436ms
2026-08-15 03:03:42.118 +03:00 [INF] Request starting HTTP/2 GET https://localhost:7242/Account/Login - null null
2026-08-15 03:03:42.122 +03:00 [INF] Executing endpoint 'CourseHub.Controllers.AccountController.Login (CourseHub)'
2026-08-15 03:03:42.129 +03:00 [INF] Route matched with {action = "Login", controller = "Account"}. Executing controller action with signature Microsoft.AspNetCore.Mvc.IActionResult Login(System.String) on controller CourseHub.Controllers.AccountController (CourseHub).
2026-08-15 03:03:42.145 +03:00 [INF] Executing ViewResult, running view Login.
2026-08-15 03:03:42.186 +03:00 [INF] Executed ViewResult - view Login executed in 41.3139ms.
2026-08-15 03:03:42.187 +03:00 [INF] Executed action CourseHub.Controllers.AccountController.Login (CourseHub) in 56.7963ms
2026-08-15 03:03:42.188 +03:00 [INF] Executed endpoint 'CourseHub.Controllers.AccountController.Login (CourseHub)'
2026-08-15 03:03:42.188 +03:00 [INF] Request finished HTTP/2 GET https://localhost:7242/Account/Login - 200 null text/html; charset=utf-8 70.9909ms
2026-08-15 03:03:42.280 +03:00 [INF] Request starting HTTP/2 GET https://localhost:7242/_framework/aspnetcore-browser-refresh.js - null null
2026-08-15 03:03:42.280 +03:00 [INF] Request starting HTTP/2 GET https://localhost:7242/_vs/browserLink - null null
2026-08-15 03:03:42.281 +03:00 [INF] Request finished HTTP/2 GET https://localhost:7242/_framework/aspnetcore-browser-refresh.js - 200 14923 application/javascript; charset=utf-8 1.7763ms
2026-08-15 03:03:42.286 +03:00 [INF] Request finished HTTP/2 GET https://localhost:7242/_vs/browserLink - 200 null text/javascript; charset=UTF-8 5.9272ms
2026-08-15 03:03:44.726 +03:00 [INF] Request starting HTTP/2 POST https://localhost:7242/Account/Login - application/x-www-form-urlencoded 259
2026-08-15 03:03:44.729 +03:00 [INF] Executing endpoint 'CourseHub.Controllers.AccountController.Login (CourseHub)'
2026-08-15 03:03:44.737 +03:00 [INF] Route matched with {action = "Login", controller = "Account"}. Executing controller action with signature System.Threading.Tasks.Task`1[Microsoft.AspNetCore.Mvc.IActionResult] Login(CourseHub.ViewModels.LoginViewModel, System.String) on controller CourseHub.Controllers.AccountController (CourseHub).
2026-08-15 03:03:44.754 +03:00 [INF] Executed DbCommand (1ms) [Parameters=[@normalizedEmail='?' (Size = 256)], CommandType='"Text"', CommandTimeout='30']
SELECT TOP(2) [a].[Id], [a].[AccessFailedCount], [a].[ConcurrencyStamp], [a].[Email], [a].[EmailConfirmed], [a].[FullName], [a].[LockoutEnabled], [a].[LockoutEnd], [a].[NormalizedEmail], [a].[NormalizedUserName], [a].[PasswordHash], [a].[PhoneNumber], [a].[PhoneNumberConfirmed], [a].[SecurityStamp], [a].[TwoFactorEnabled], [a].[UserName]
FROM [AspNetUsers] AS [a]
WHERE [a].[NormalizedEmail] = @normalizedEmail
2026-08-15 03:03:44.849 +03:00 [INF] Executed DbCommand (2ms) [Parameters=[@user_Id='?' (Size = 450)], CommandType='"Text"', CommandTimeout='30']
SELECT [a].[Id], [a].[ClaimType], [a].[ClaimValue], [a].[UserId]
FROM [AspNetUserClaims] AS [a]
WHERE [a].[UserId] = @user_Id
2026-08-15 03:03:44.872 +03:00 [INF] Executed DbCommand (2ms) [Parameters=[@userId='?' (Size = 450)], CommandType='"Text"', CommandTimeout='30']
SELECT [a0].[Name]
FROM [AspNetUserRoles] AS [a]
INNER JOIN [AspNetRoles] AS [a0] ON [a].[RoleId] = [a0].[Id]
WHERE [a].[UserId] = @userId
2026-08-15 03:03:44.875 +03:00 [INF] Executed DbCommand (0ms) [Parameters=[@normalizedName='?' (Size = 256)], CommandType='"Text"', CommandTimeout='30']
SELECT TOP(1) [a].[Id], [a].[ConcurrencyStamp], [a].[Name], [a].[NormalizedName]
FROM [AspNetRoles] AS [a]
WHERE [a].[NormalizedName] = @normalizedName
2026-08-15 03:03:44.883 +03:00 [INF] Executed DbCommand (2ms) [Parameters=[@role_Id='?' (Size = 450)], CommandType='"Text"', CommandTimeout='30']
SELECT [a].[ClaimType], [a].[ClaimValue]
FROM [AspNetRoleClaims] AS [a]
WHERE [a].[RoleId] = @role_Id
2026-08-15 03:03:44.888 +03:00 [INF] AuthenticationScheme: Identity.Application signed in.
2026-08-15 03:03:44.897 +03:00 [INF] Executed DbCommand (2ms) [Parameters=[@normalizedRoleName='?' (Size = 256)], CommandType='"Text"', CommandTimeout='30']
SELECT TOP(2) [a].[Id], [a].[ConcurrencyStamp], [a].[Name], [a].[NormalizedName]
FROM [AspNetRoles] AS [a]
WHERE [a].[NormalizedName] = @normalizedRoleName
2026-08-15 03:03:44.916 +03:00 [INF] Executed DbCommand (1ms) [Parameters=[@p='?' (Size = 450), @p1='?' (Size = 450)], CommandType='"Text"', CommandTimeout='30']
SELECT TOP(1) [a].[UserId], [a].[RoleId]
FROM [AspNetUserRoles] AS [a]
WHERE [a].[UserId] = @p AND [a].[RoleId] = @p1
2026-08-15 03:03:44.940 +03:00 [INF] Executing RedirectResult, redirecting to /Admin/Dashboard.
2026-08-15 03:03:44.941 +03:00 [INF] Executed action CourseHub.Controllers.AccountController.Login (CourseHub) in 202.953ms
2026-08-15 03:03:44.942 +03:00 [INF] Executed endpoint 'CourseHub.Controllers.AccountController.Login (CourseHub)'
2026-08-15 03:03:44.942 +03:00 [INF] Request finished HTTP/2 POST https://localhost:7242/Account/Login - 302 null null 216.1677ms
2026-08-15 03:03:44.945 +03:00 [INF] Request starting HTTP/2 GET https://localhost:7242/Admin/Dashboard - null null
2026-08-15 03:03:44.951 +03:00 [INF] Executing endpoint 'CourseHub.Controllers.AdminController.Dashboard (CourseHub)'
2026-08-15 03:03:44.957 +03:00 [INF] Route matched with {action = "Dashboard", controller = "Admin"}. Executing controller action with signature System.Threading.Tasks.Task`1[Microsoft.AspNetCore.Mvc.IActionResult] Dashboard() on controller CourseHub.Controllers.AdminController (CourseHub).
2026-08-15 03:03:44.964 +03:00 [INF] Executed DbCommand (1ms) [Parameters=[@normalizedRoleName='?' (Size = 256)], CommandType='"Text"', CommandTimeout='30']
SELECT TOP(2) [a].[Id], [a].[ConcurrencyStamp], [a].[Name], [a].[NormalizedName]
FROM [AspNetRoles] AS [a]
WHERE [a].[NormalizedName] = @normalizedRoleName
2026-08-15 03:03:44.976 +03:00 [INF] Executed DbCommand (2ms) [Parameters=[@role_Id='?' (Size = 450)], CommandType='"Text"', CommandTimeout='30']
SELECT [a0].[Id], [a0].[AccessFailedCount], [a0].[ConcurrencyStamp], [a0].[Email], [a0].[EmailConfirmed], [a0].[FullName], [a0].[LockoutEnabled], [a0].[LockoutEnd], [a0].[NormalizedEmail], [a0].[NormalizedUserName], [a0].[PasswordHash], [a0].[PhoneNumber], [a0].[PhoneNumberConfirmed], [a0].[SecurityStamp], [a0].[TwoFactorEnabled], [a0].[UserName]
FROM [AspNetUserRoles] AS [a]
INNER JOIN [AspNetUsers] AS [a0] ON [a].[UserId] = [a0].[Id]
WHERE [a].[RoleId] = @role_Id
2026-08-15 03:03:44.979 +03:00 [INF] Executed DbCommand (0ms) [Parameters=[@normalizedRoleName='?' (Size = 256)], CommandType='"Text"', CommandTimeout='30']
SELECT TOP(2) [a].[Id], [a].[ConcurrencyStamp], [a].[Name], [a].[NormalizedName]
FROM [AspNetRoles] AS [a]
WHERE [a].[NormalizedName] = @normalizedRoleName
2026-08-15 03:03:44.982 +03:00 [INF] Executed DbCommand (0ms) [Parameters=[@role_Id='?' (Size = 450)], CommandType='"Text"', CommandTimeout='30']
SELECT [a0].[Id], [a0].[AccessFailedCount], [a0].[ConcurrencyStamp], [a0].[Email], [a0].[EmailConfirmed], [a0].[FullName], [a0].[LockoutEnabled], [a0].[LockoutEnd], [a0].[NormalizedEmail], [a0].[NormalizedUserName], [a0].[PasswordHash], [a0].[PhoneNumber], [a0].[PhoneNumberConfirmed], [a0].[SecurityStamp], [a0].[TwoFactorEnabled], [a0].[UserName]
FROM [AspNetUserRoles] AS [a]
INNER JOIN [AspNetUsers] AS [a0] ON [a].[UserId] = [a0].[Id]
WHERE [a].[RoleId] = @role_Id
2026-08-15 03:03:44.988 +03:00 [INF] Executed DbCommand (2ms) [Parameters=[], CommandType='"Text"', CommandTimeout='30']
SELECT COUNT(*)
FROM [AspNetUsers] AS [a]
2026-08-15 03:03:44.990 +03:00 [INF] Executed DbCommand (0ms) [Parameters=[], CommandType='"Text"', CommandTimeout='30']
SELECT COUNT(*)
FROM [Courses] AS [c]
2026-08-15 03:03:44.997 +03:00 [INF] Executed DbCommand (3ms) [Parameters=[], CommandType='"Text"', CommandTimeout='30']
SELECT COUNT(*)
FROM [Enrollments] AS [e]
2026-08-15 03:03:45.001 +03:00 [INF] Executing ViewResult, running view Dashboard.
2026-08-15 03:03:45.013 +03:00 [INF] Executed ViewResult - view Dashboard executed in 12.9531ms.
2026-08-15 03:03:45.014 +03:00 [INF] Executed action CourseHub.Controllers.AdminController.Dashboard (CourseHub) in 56.0739ms
2026-08-15 03:03:45.014 +03:00 [INF] Executed endpoint 'CourseHub.Controllers.AdminController.Dashboard (CourseHub)'
2026-08-15 03:03:45.015 +03:00 [INF] Request finished HTTP/2 GET https://localhost:7242/Admin/Dashboard - 200 null text/html; charset=utf-8 69.7342ms
2026-08-15 03:03:45.195 +03:00 [INF] Request starting HTTP/2 GET https://localhost:7242/_vs/browserLink - null null
2026-08-15 03:03:45.199 +03:00 [INF] Request starting HTTP/2 GET https://localhost:7242/_framework/aspnetcore-browser-refresh.js - null null
2026-08-15 03:03:45.201 +03:00 [INF] Request finished HTTP/2 GET https://localhost:7242/_framework/aspnetcore-browser-refresh.js - 200 14923 application/javascript; charset=utf-8 1.9252ms
2026-08-15 03:03:45.201 +03:00 [INF] Request finished HTTP/2 GET https://localhost:7242/_vs/browserLink - 200 null text/javascript; charset=UTF-8 5.976ms
2026-08-15 03:03:48.907 +03:00 [INF] Request starting HTTP/2 GET https://localhost:7242/Admin/Courses - null null
2026-08-15 03:03:48.913 +03:00 [INF] Executing endpoint 'CourseHub.Controllers.AdminController.Courses (CourseHub)'
2026-08-15 03:03:48.918 +03:00 [INF] Route matched with {action = "Courses", controller = "Admin"}. Executing controller action with signature System.Threading.Tasks.Task`1[Microsoft.AspNetCore.Mvc.IActionResult] Courses() on controller CourseHub.Controllers.AdminController (CourseHub).
2026-08-15 03:03:48.954 +03:00 [INF] Executed DbCommand (5ms) [Parameters=[], CommandType='"Text"', CommandTimeout='30']
SELECT [c].[Id], [c].[CategoryId], [c].[CreatedAt], [c].[Description], [c].[EnrollmentDeadline], [c].[ImageUrl], [c].[InstructorId], [c].[Price], [c].[Title], [c0].[Id], [c0].[Name], [a].[Id], [a].[AccessFailedCount], [a].[ConcurrencyStamp], [a].[Email], [a].[EmailConfirmed], [a].[FullName], [a].[LockoutEnabled], [a].[LockoutEnd], [a].[NormalizedEmail], [a].[NormalizedUserName], [a].[PasswordHash], [a].[PhoneNumber], [a].[PhoneNumberConfirmed], [a].[SecurityStamp], [a].[TwoFactorEnabled], [a].[UserName]
FROM [Courses] AS [c]
INNER JOIN [Categories] AS [c0] ON [c].[CategoryId] = [c0].[Id]
INNER JOIN [AspNetUsers] AS [a] ON [c].[InstructorId] = [a].[Id]
ORDER BY [c].[CreatedAt] DESC
2026-08-15 03:03:48.965 +03:00 [INF] Executing ViewResult, running view Courses.
2026-08-15 03:03:48.982 +03:00 [INF] Executed ViewResult - view Courses executed in 17.8006ms.
2026-08-15 03:03:48.983 +03:00 [INF] Executed action CourseHub.Controllers.AdminController.Courses (CourseHub) in 64.1297ms
2026-08-15 03:03:48.984 +03:00 [INF] Executed endpoint 'CourseHub.Controllers.AdminController.Courses (CourseHub)'
2026-08-15 03:03:48.985 +03:00 [INF] Request finished HTTP/2 GET https://localhost:7242/Admin/Courses - 200 null text/html; charset=utf-8 77.8156ms
2026-08-15 03:03:49.033 +03:00 [INF] Request starting HTTP/2 GET https://localhost:7242/_vs/browserLink - null null
2026-08-15 03:03:49.037 +03:00 [INF] Request finished HTTP/2 GET https://localhost:7242/_vs/browserLink - 200 null text/javascript; charset=UTF-8 4.8795ms
2026-08-15 03:03:49.078 +03:00 [INF] Request starting HTTP/2 GET https://localhost:7242/_framework/aspnetcore-browser-refresh.js - null null
2026-08-15 03:03:49.080 +03:00 [INF] Request finished HTTP/2 GET https://localhost:7242/_framework/aspnetcore-browser-refresh.js - 200 14923 application/javascript; charset=utf-8 1.755ms
2026-08-15 03:03:53.713 +03:00 [INF] Request starting HTTP/2 GET https://localhost:7242/Courses/Create - null null
2026-08-15 03:03:53.716 +03:00 [INF] Executing endpoint 'CourseHub.Controllers.CoursesController.Create (CourseHub)'
2026-08-15 03:03:53.723 +03:00 [INF] Route matched with {action = "Create", controller = "Courses"}. Executing controller action with signature System.Threading.Tasks.Task`1[Microsoft.AspNetCore.Mvc.IActionResult] Create() on controller CourseHub.Controllers.CoursesController (CourseHub).
2026-08-15 03:03:53.801 +03:00 [WRN] You do not have a valid license key for the Lucky Penny software AutoMapper. This is allowed for development and testing scenarios. If you are running in production you are required to have a licensed version. Please visit https://luckypennysoftware.com to obtain a valid license.
2026-08-15 03:03:53.814 +03:00 [INF] Executed DbCommand (1ms) [Parameters=[], CommandType='"Text"', CommandTimeout='30']
SELECT CONVERT(varchar(11), [c].[Id]) AS [Value], [c].[Name] AS [Text]
FROM [Categories] AS [c]
ORDER BY [c].[Name]
2026-08-15 03:03:53.818 +03:00 [INF] Executed DbCommand (0ms) [Parameters=[@normalizedRoleName='?' (Size = 256)], CommandType='"Text"', CommandTimeout='30']
SELECT TOP(2) [a].[Id], [a].[ConcurrencyStamp], [a].[Name], [a].[NormalizedName]
FROM [AspNetRoles] AS [a]
WHERE [a].[NormalizedName] = @normalizedRoleName
2026-08-15 03:03:53.820 +03:00 [INF] Executed DbCommand (0ms) [Parameters=[@role_Id='?' (Size = 450)], CommandType='"Text"', CommandTimeout='30']
SELECT [a0].[Id], [a0].[AccessFailedCount], [a0].[ConcurrencyStamp], [a0].[Email], [a0].[EmailConfirmed], [a0].[FullName], [a0].[LockoutEnabled], [a0].[LockoutEnd], [a0].[NormalizedEmail], [a0].[NormalizedUserName], [a0].[PasswordHash], [a0].[PhoneNumber], [a0].[PhoneNumberConfirmed], [a0].[SecurityStamp], [a0].[TwoFactorEnabled], [a0].[UserName]
FROM [AspNetUserRoles] AS [a]
INNER JOIN [AspNetUsers] AS [a0] ON [a].[UserId] = [a0].[Id]
WHERE [a].[RoleId] = @role_Id
2026-08-15 03:03:53.822 +03:00 [INF] Executing ViewResult, running view Create.
2026-08-15 03:03:53.859 +03:00 [INF] Executed ViewResult - view Create executed in 37.4778ms.
2026-08-15 03:03:53.860 +03:00 [INF] Executed action CourseHub.Controllers.CoursesController.Create (CourseHub) in 136.2198ms
2026-08-15 03:03:53.861 +03:00 [INF] Executed endpoint 'CourseHub.Controllers.CoursesController.Create (CourseHub)'
2026-08-15 03:03:53.862 +03:00 [INF] Request finished HTTP/2 GET https://localhost:7242/Courses/Create - 200 null text/html; charset=utf-8 149.1678ms
2026-08-15 03:03:53.899 +03:00 [INF] Request starting HTTP/2 GET https://localhost:7242/_framework/aspnetcore-browser-refresh.js - null null
2026-08-15 03:03:53.899 +03:00 [INF] Request starting HTTP/2 GET https://localhost:7242/_vs/browserLink - null null
2026-08-15 03:03:53.901 +03:00 [INF] Request finished HTTP/2 GET https://localhost:7242/_framework/aspnetcore-browser-refresh.js - 200 14923 application/javascript; charset=utf-8 2.003ms
2026-08-15 03:03:53.907 +03:00 [INF] Request finished HTTP/2 GET https://localhost:7242/_vs/browserLink - 200 null text/javascript; charset=UTF-8 7.5608ms
2026-08-15 03:04:11.433 +03:00 [INF] Request starting HTTP/2 POST https://localhost:7242/Courses/Create - multipart/form-data; boundary=----WebKitFormBoundarysZz3SgpcgH5D0KmQ 1376
2026-08-15 03:04:11.437 +03:00 [INF] Executing endpoint 'CourseHub.Controllers.CoursesController.Create (CourseHub)'
2026-08-15 03:04:11.445 +03:00 [INF] Route matched with {action = "Create", controller = "Courses"}. Executing controller action with signature System.Threading.Tasks.Task`1[Microsoft.AspNetCore.Mvc.IActionResult] Create(CourseHub.ViewModels.CreateCourseViewModel) on controller CourseHub.Controllers.CoursesController (CourseHub).
2026-08-15 03:04:11.466 +03:00 [INF] Executed DbCommand (2ms) [Parameters=[@p='?' (Size = 450)], CommandType='"Text"', CommandTimeout='30']
SELECT TOP(1) [a].[Id], [a].[AccessFailedCount], [a].[ConcurrencyStamp], [a].[Email], [a].[EmailConfirmed], [a].[FullName], [a].[LockoutEnabled], [a].[LockoutEnd], [a].[NormalizedEmail], [a].[NormalizedUserName], [a].[PasswordHash], [a].[PhoneNumber], [a].[PhoneNumberConfirmed], [a].[SecurityStamp], [a].[TwoFactorEnabled], [a].[UserName]
FROM [AspNetUsers] AS [a]
WHERE [a].[Id] = @p
2026-08-15 03:04:11.605 +03:00 [INF] Executed DbCommand (5ms) [Parameters=[@p0='?' (DbType = Int32), @p1='?' (DbType = DateTime2), @p2='?' (Size = 2000), @p3='?' (DbType = DateTime2), @p4='?' (Size = 4000), @p5='?' (Size = 450), @p6='?' (Precision = 18) (Scale = 2) (DbType = Decimal), @p7='?' (Size = 150)], CommandType='"Text"', CommandTimeout='30']
SET IMPLICIT_TRANSACTIONS OFF;
SET NOCOUNT ON;
INSERT INTO [Courses] ([CategoryId], [CreatedAt], [Description], [EnrollmentDeadline], [ImageUrl], [InstructorId], [Price], [Title])
OUTPUT INSERTED.[Id]
VALUES (@p0, @p1, @p2, @p3, @p4, @p5, @p6, @p7);
2026-08-15 03:04:11.627 +03:00 [INF] Executing RedirectResult, redirecting to /Courses.
2026-08-15 03:04:11.628 +03:00 [INF] Executed action CourseHub.Controllers.CoursesController.Create (CourseHub) in 182.3037ms
2026-08-15 03:04:11.629 +03:00 [INF] Executed endpoint 'CourseHub.Controllers.CoursesController.Create (CourseHub)'
2026-08-15 03:04:11.629 +03:00 [INF] Request finished HTTP/2 POST https://localhost:7242/Courses/Create - 302 null null 196.3674ms
2026-08-15 03:04:11.633 +03:00 [INF] Request starting HTTP/2 GET https://localhost:7242/Courses - null null
2026-08-15 03:04:11.635 +03:00 [INF] Executing endpoint 'CourseHub.Controllers.CoursesController.Index (CourseHub)'
2026-08-15 03:04:11.643 +03:00 [INF] Route matched with {action = "Index", controller = "Courses"}. Executing controller action with signature System.Threading.Tasks.Task`1[Microsoft.AspNetCore.Mvc.IActionResult] Index(System.String, System.Nullable`1[System.Int32], Int32) on controller CourseHub.Controllers.CoursesController (CourseHub).
2026-08-15 03:04:11.651 +03:00 [INF] Executed DbCommand (2ms) [Parameters=[], CommandType='"Text"', CommandTimeout='30']
SELECT COUNT(*)
FROM [Courses] AS [c]
2026-08-15 03:04:11.672 +03:00 [INF] Executed DbCommand (4ms) [Parameters=[@p='?' (DbType = Int32), @p1='?' (DbType = Int32)], CommandType='"Text"', CommandTimeout='30']
SELECT [c1].[Id], [c1].[CategoryId], [c1].[CreatedAt], [c1].[Description], [c1].[EnrollmentDeadline], [c1].[ImageUrl], [c1].[InstructorId], [c1].[Price], [c1].[Title], [c0].[Id], [c0].[Name], [a].[Id], [a].[AccessFailedCount], [a].[ConcurrencyStamp], [a].[Email], [a].[EmailConfirmed], [a].[FullName], [a].[LockoutEnabled], [a].[LockoutEnd], [a].[NormalizedEmail], [a].[NormalizedUserName], [a].[PasswordHash], [a].[PhoneNumber], [a].[PhoneNumberConfirmed], [a].[SecurityStamp], [a].[TwoFactorEnabled], [a].[UserName]
FROM (
    SELECT [c].[Id], [c].[CategoryId], [c].[CreatedAt], [c].[Description], [c].[EnrollmentDeadline], [c].[ImageUrl], [c].[InstructorId], [c].[Price], [c].[Title]
    FROM [Courses] AS [c]
    ORDER BY [c].[CreatedAt] DESC
    OFFSET @p ROWS FETCH NEXT @p1 ROWS ONLY
) AS [c1]
INNER JOIN [Categories] AS [c0] ON [c1].[CategoryId] = [c0].[Id]
INNER JOIN [AspNetUsers] AS [a] ON [c1].[InstructorId] = [a].[Id]
ORDER BY [c1].[CreatedAt] DESC
2026-08-15 03:04:11.679 +03:00 [INF] Executed DbCommand (1ms) [Parameters=[], CommandType='"Text"', CommandTimeout='30']
SELECT [c].[Id], [c].[Name]
FROM [Categories] AS [c]
ORDER BY [c].[Name]
2026-08-15 03:04:11.689 +03:00 [INF] Executing ViewResult, running view Index.
2026-08-15 03:04:11.719 +03:00 [INF] Executed ViewResult - view Index executed in 30.4371ms.
2026-08-15 03:04:11.720 +03:00 [INF] Executed action CourseHub.Controllers.CoursesController.Index (CourseHub) in 76.0117ms
2026-08-15 03:04:11.721 +03:00 [INF] Executed endpoint 'CourseHub.Controllers.CoursesController.Index (CourseHub)'
2026-08-15 03:04:11.721 +03:00 [INF] Request finished HTTP/2 GET https://localhost:7242/Courses - 200 null text/html; charset=utf-8 88.692ms
2026-08-15 03:04:11.776 +03:00 [INF] Request starting HTTP/2 GET https://localhost:7242/_vs/browserLink - null null
2026-08-15 03:04:11.776 +03:00 [INF] Request starting HTTP/2 GET https://localhost:7242/_framework/aspnetcore-browser-refresh.js - null null
2026-08-15 03:04:11.780 +03:00 [INF] Request finished HTTP/2 GET https://localhost:7242/_framework/aspnetcore-browser-refresh.js - 200 14923 application/javascript; charset=utf-8 3.2327ms
2026-08-15 03:04:11.781 +03:00 [INF] Request finished HTTP/2 GET https://localhost:7242/_vs/browserLink - 200 null text/javascript; charset=UTF-8 5.4686ms
2026-08-15 03:04:22.318 +03:00 [INF] Request starting HTTP/2 GET https://localhost:7242/Admin/Dashboard - null null
2026-08-15 03:04:22.322 +03:00 [INF] Executing endpoint 'CourseHub.Controllers.AdminController.Dashboard (CourseHub)'
2026-08-15 03:04:22.322 +03:00 [INF] Route matched with {action = "Dashboard", controller = "Admin"}. Executing controller action with signature System.Threading.Tasks.Task`1[Microsoft.AspNetCore.Mvc.IActionResult] Dashboard() on controller CourseHub.Controllers.AdminController (CourseHub).
2026-08-15 03:04:22.326 +03:00 [INF] Executed DbCommand (2ms) [Parameters=[@normalizedRoleName='?' (Size = 256)], CommandType='"Text"', CommandTimeout='30']
SELECT TOP(2) [a].[Id], [a].[ConcurrencyStamp], [a].[Name], [a].[NormalizedName]
FROM [AspNetRoles] AS [a]
WHERE [a].[NormalizedName] = @normalizedRoleName
2026-08-15 03:04:22.330 +03:00 [INF] Executed DbCommand (2ms) [Parameters=[@role_Id='?' (Size = 450)], CommandType='"Text"', CommandTimeout='30']
SELECT [a0].[Id], [a0].[AccessFailedCount], [a0].[ConcurrencyStamp], [a0].[Email], [a0].[EmailConfirmed], [a0].[FullName], [a0].[LockoutEnabled], [a0].[LockoutEnd], [a0].[NormalizedEmail], [a0].[NormalizedUserName], [a0].[PasswordHash], [a0].[PhoneNumber], [a0].[PhoneNumberConfirmed], [a0].[SecurityStamp], [a0].[TwoFactorEnabled], [a0].[UserName]
FROM [AspNetUserRoles] AS [a]
INNER JOIN [AspNetUsers] AS [a0] ON [a].[UserId] = [a0].[Id]
WHERE [a].[RoleId] = @role_Id
2026-08-15 03:04:22.332 +03:00 [INF] Executed DbCommand (0ms) [Parameters=[@normalizedRoleName='?' (Size = 256)], CommandType='"Text"', CommandTimeout='30']
SELECT TOP(2) [a].[Id], [a].[ConcurrencyStamp], [a].[Name], [a].[NormalizedName]
FROM [AspNetRoles] AS [a]
WHERE [a].[NormalizedName] = @normalizedRoleName
2026-08-15 03:04:22.334 +03:00 [INF] Executed DbCommand (0ms) [Parameters=[@role_Id='?' (Size = 450)], CommandType='"Text"', CommandTimeout='30']
SELECT [a0].[Id], [a0].[AccessFailedCount], [a0].[ConcurrencyStamp], [a0].[Email], [a0].[EmailConfirmed], [a0].[FullName], [a0].[LockoutEnabled], [a0].[LockoutEnd], [a0].[NormalizedEmail], [a0].[NormalizedUserName], [a0].[PasswordHash], [a0].[PhoneNumber], [a0].[PhoneNumberConfirmed], [a0].[SecurityStamp], [a0].[TwoFactorEnabled], [a0].[UserName]
FROM [AspNetUserRoles] AS [a]
INNER JOIN [AspNetUsers] AS [a0] ON [a].[UserId] = [a0].[Id]
WHERE [a].[RoleId] = @role_Id
2026-08-15 03:04:22.336 +03:00 [INF] Executed DbCommand (1ms) [Parameters=[], CommandType='"Text"', CommandTimeout='30']
SELECT COUNT(*)
FROM [AspNetUsers] AS [a]
2026-08-15 03:04:22.338 +03:00 [INF] Executed DbCommand (1ms) [Parameters=[], CommandType='"Text"', CommandTimeout='30']
SELECT COUNT(*)
FROM [Courses] AS [c]
2026-08-15 03:04:22.340 +03:00 [INF] Executed DbCommand (1ms) [Parameters=[], CommandType='"Text"', CommandTimeout='30']
SELECT COUNT(*)
FROM [Enrollments] AS [e]
2026-08-15 03:04:22.341 +03:00 [INF] Executing ViewResult, running view Dashboard.
2026-08-15 03:04:22.342 +03:00 [INF] Executed ViewResult - view Dashboard executed in 1.5839ms.
2026-08-15 03:04:22.343 +03:00 [INF] Executed action CourseHub.Controllers.AdminController.Dashboard (CourseHub) in 20.1272ms
2026-08-15 03:04:22.344 +03:00 [INF] Executed endpoint 'CourseHub.Controllers.AdminController.Dashboard (CourseHub)'
2026-08-15 03:04:22.345 +03:00 [INF] Request finished HTTP/2 GET https://localhost:7242/Admin/Dashboard - 200 null text/html; charset=utf-8 26.6141ms
2026-08-15 03:04:22.381 +03:00 [INF] Request starting HTTP/2 GET https://localhost:7242/_vs/browserLink - null null
2026-08-15 03:04:22.381 +03:00 [INF] Request starting HTTP/2 GET https://localhost:7242/_framework/aspnetcore-browser-refresh.js - null null
2026-08-15 03:04:22.384 +03:00 [INF] Request finished HTTP/2 GET https://localhost:7242/_framework/aspnetcore-browser-refresh.js - 200 14923 application/javascript; charset=utf-8 3.2146ms
2026-08-15 03:04:22.386 +03:00 [INF] Request finished HTTP/2 GET https://localhost:7242/_vs/browserLink - 200 null text/javascript; charset=UTF-8 5.1748ms
2026-08-15 03:04:27.871 +03:00 [INF] Request starting HTTP/2 GET https://localhost:7242/Admin/Instructors - null null
2026-08-15 03:04:27.873 +03:00 [INF] Executing endpoint 'CourseHub.Controllers.AdminController.Instructors (CourseHub)'
2026-08-15 03:04:27.879 +03:00 [INF] Route matched with {action = "Instructors", controller = "Admin"}. Executing controller action with signature System.Threading.Tasks.Task`1[Microsoft.AspNetCore.Mvc.IActionResult] Instructors() on controller CourseHub.Controllers.AdminController (CourseHub).
2026-08-15 03:04:27.883 +03:00 [INF] Executed DbCommand (1ms) [Parameters=[@normalizedRoleName='?' (Size = 256)], CommandType='"Text"', CommandTimeout='30']
SELECT TOP(2) [a].[Id], [a].[ConcurrencyStamp], [a].[Name], [a].[NormalizedName]
FROM [AspNetRoles] AS [a]
WHERE [a].[NormalizedName] = @normalizedRoleName
2026-08-15 03:04:27.884 +03:00 [INF] Executed DbCommand (0ms) [Parameters=[@role_Id='?' (Size = 450)], CommandType='"Text"', CommandTimeout='30']
SELECT [a0].[Id], [a0].[AccessFailedCount], [a0].[ConcurrencyStamp], [a0].[Email], [a0].[EmailConfirmed], [a0].[FullName], [a0].[LockoutEnabled], [a0].[LockoutEnd], [a0].[NormalizedEmail], [a0].[NormalizedUserName], [a0].[PasswordHash], [a0].[PhoneNumber], [a0].[PhoneNumberConfirmed], [a0].[SecurityStamp], [a0].[TwoFactorEnabled], [a0].[UserName]
FROM [AspNetUserRoles] AS [a]
INNER JOIN [AspNetUsers] AS [a0] ON [a].[UserId] = [a0].[Id]
WHERE [a].[RoleId] = @role_Id
2026-08-15 03:04:27.887 +03:00 [INF] Executing ViewResult, running view Instructors.
2026-08-15 03:04:27.897 +03:00 [INF] Executed ViewResult - view Instructors executed in 10.2773ms.
2026-08-15 03:04:27.898 +03:00 [INF] Executed action CourseHub.Controllers.AdminController.Instructors (CourseHub) in 17.3279ms
2026-08-15 03:04:27.898 +03:00 [INF] Executed endpoint 'CourseHub.Controllers.AdminController.Instructors (CourseHub)'
2026-08-15 03:04:27.899 +03:00 [INF] Request finished HTTP/2 GET https://localhost:7242/Admin/Instructors - 200 null text/html; charset=utf-8 28.4125ms
2026-08-15 03:04:27.932 +03:00 [INF] Request starting HTTP/2 GET https://localhost:7242/_vs/browserLink - null null
2026-08-15 03:04:27.932 +03:00 [INF] Request starting HTTP/2 GET https://localhost:7242/_framework/aspnetcore-browser-refresh.js - null null
2026-08-15 03:04:27.936 +03:00 [INF] Request finished HTTP/2 GET https://localhost:7242/_framework/aspnetcore-browser-refresh.js - 200 14923 application/javascript; charset=utf-8 4.2656ms
2026-08-15 03:04:27.938 +03:00 [INF] Request finished HTTP/2 GET https://localhost:7242/_vs/browserLink - 200 null text/javascript; charset=UTF-8 5.9843ms
2026-08-15 03:04:37.653 +03:00 [INF] Request starting HTTP/2 GET https://localhost:7242/Admin/Dashboard - null null
2026-08-15 03:04:37.656 +03:00 [INF] Executing endpoint 'CourseHub.Controllers.AdminController.Dashboard (CourseHub)'
2026-08-15 03:04:37.657 +03:00 [INF] Route matched with {action = "Dashboard", controller = "Admin"}. Executing controller action with signature System.Threading.Tasks.Task`1[Microsoft.AspNetCore.Mvc.IActionResult] Dashboard() on controller CourseHub.Controllers.AdminController (CourseHub).
2026-08-15 03:04:37.659 +03:00 [INF] Executed DbCommand (0ms) [Parameters=[@normalizedRoleName='?' (Size = 256)], CommandType='"Text"', CommandTimeout='30']
SELECT TOP(2) [a].[Id], [a].[ConcurrencyStamp], [a].[Name], [a].[NormalizedName]
FROM [AspNetRoles] AS [a]
WHERE [a].[NormalizedName] = @normalizedRoleName
2026-08-15 03:04:37.661 +03:00 [INF] Executed DbCommand (0ms) [Parameters=[@role_Id='?' (Size = 450)], CommandType='"Text"', CommandTimeout='30']
SELECT [a0].[Id], [a0].[AccessFailedCount], [a0].[ConcurrencyStamp], [a0].[Email], [a0].[EmailConfirmed], [a0].[FullName], [a0].[LockoutEnabled], [a0].[LockoutEnd], [a0].[NormalizedEmail], [a0].[NormalizedUserName], [a0].[PasswordHash], [a0].[PhoneNumber], [a0].[PhoneNumberConfirmed], [a0].[SecurityStamp], [a0].[TwoFactorEnabled], [a0].[UserName]
FROM [AspNetUserRoles] AS [a]
INNER JOIN [AspNetUsers] AS [a0] ON [a].[UserId] = [a0].[Id]
WHERE [a].[RoleId] = @role_Id
2026-08-15 03:04:37.662 +03:00 [INF] Executed DbCommand (0ms) [Parameters=[@normalizedRoleName='?' (Size = 256)], CommandType='"Text"', CommandTimeout='30']
SELECT TOP(2) [a].[Id], [a].[ConcurrencyStamp], [a].[Name], [a].[NormalizedName]
FROM [AspNetRoles] AS [a]
WHERE [a].[NormalizedName] = @normalizedRoleName
2026-08-15 03:04:37.664 +03:00 [INF] Executed DbCommand (0ms) [Parameters=[@role_Id='?' (Size = 450)], CommandType='"Text"', CommandTimeout='30']
SELECT [a0].[Id], [a0].[AccessFailedCount], [a0].[ConcurrencyStamp], [a0].[Email], [a0].[EmailConfirmed], [a0].[FullName], [a0].[LockoutEnabled], [a0].[LockoutEnd], [a0].[NormalizedEmail], [a0].[NormalizedUserName], [a0].[PasswordHash], [a0].[PhoneNumber], [a0].[PhoneNumberConfirmed], [a0].[SecurityStamp], [a0].[TwoFactorEnabled], [a0].[UserName]
FROM [AspNetUserRoles] AS [a]
INNER JOIN [AspNetUsers] AS [a0] ON [a].[UserId] = [a0].[Id]
WHERE [a].[RoleId] = @role_Id
2026-08-15 03:04:37.665 +03:00 [INF] Executed DbCommand (0ms) [Parameters=[], CommandType='"Text"', CommandTimeout='30']
SELECT COUNT(*)
FROM [AspNetUsers] AS [a]
2026-08-15 03:04:37.666 +03:00 [INF] Executed DbCommand (0ms) [Parameters=[], CommandType='"Text"', CommandTimeout='30']
SELECT COUNT(*)
FROM [Courses] AS [c]
2026-08-15 03:04:37.667 +03:00 [INF] Executed DbCommand (0ms) [Parameters=[], CommandType='"Text"', CommandTimeout='30']
SELECT COUNT(*)
FROM [Enrollments] AS [e]
2026-08-15 03:04:37.669 +03:00 [INF] Executing ViewResult, running view Dashboard.
2026-08-15 03:04:37.671 +03:00 [INF] Executed ViewResult - view Dashboard executed in 2.1176ms.
2026-08-15 03:04:37.672 +03:00 [INF] Executed action CourseHub.Controllers.AdminController.Dashboard (CourseHub) in 13.9552ms
2026-08-15 03:04:37.672 +03:00 [INF] Executed endpoint 'CourseHub.Controllers.AdminController.Dashboard (CourseHub)'
2026-08-15 03:04:37.673 +03:00 [INF] Request finished HTTP/2 GET https://localhost:7242/Admin/Dashboard - 200 null text/html; charset=utf-8 19.8119ms
2026-08-15 03:04:37.709 +03:00 [INF] Request starting HTTP/2 GET https://localhost:7242/_vs/browserLink - null null
2026-08-15 03:04:37.709 +03:00 [INF] Request starting HTTP/2 GET https://localhost:7242/_framework/aspnetcore-browser-refresh.js - null null
2026-08-15 03:04:37.712 +03:00 [INF] Request finished HTTP/2 GET https://localhost:7242/_framework/aspnetcore-browser-refresh.js - 200 14923 application/javascript; charset=utf-8 3.0456ms
2026-08-15 03:04:37.713 +03:00 [INF] Request finished HTTP/2 GET https://localhost:7242/_vs/browserLink - 200 null text/javascript; charset=UTF-8 4.9283ms
2026-08-15 03:04:48.758 +03:00 [INF] Request starting HTTP/2 GET https://localhost:7242/Admin/Courses - null null
2026-08-15 03:04:48.761 +03:00 [INF] Executing endpoint 'CourseHub.Controllers.AdminController.Courses (CourseHub)'
2026-08-15 03:04:48.762 +03:00 [INF] Route matched with {action = "Courses", controller = "Admin"}. Executing controller action with signature System.Threading.Tasks.Task`1[Microsoft.AspNetCore.Mvc.IActionResult] Courses() on controller CourseHub.Controllers.AdminController (CourseHub).
2026-08-15 03:04:48.767 +03:00 [INF] Executed DbCommand (4ms) [Parameters=[], CommandType='"Text"', CommandTimeout='30']
SELECT [c].[Id], [c].[CategoryId], [c].[CreatedAt], [c].[Description], [c].[EnrollmentDeadline], [c].[ImageUrl], [c].[InstructorId], [c].[Price], [c].[Title], [c0].[Id], [c0].[Name], [a].[Id], [a].[AccessFailedCount], [a].[ConcurrencyStamp], [a].[Email], [a].[EmailConfirmed], [a].[FullName], [a].[LockoutEnabled], [a].[LockoutEnd], [a].[NormalizedEmail], [a].[NormalizedUserName], [a].[PasswordHash], [a].[PhoneNumber], [a].[PhoneNumberConfirmed], [a].[SecurityStamp], [a].[TwoFactorEnabled], [a].[UserName]
FROM [Courses] AS [c]
INNER JOIN [Categories] AS [c0] ON [c].[CategoryId] = [c0].[Id]
INNER JOIN [AspNetUsers] AS [a] ON [c].[InstructorId] = [a].[Id]
ORDER BY [c].[CreatedAt] DESC
2026-08-15 03:04:48.769 +03:00 [INF] Executing ViewResult, running view Courses.
2026-08-15 03:04:48.772 +03:00 [INF] Executed ViewResult - view Courses executed in 2.922ms.
2026-08-15 03:04:48.773 +03:00 [INF] Executed action CourseHub.Controllers.AdminController.Courses (CourseHub) in 10.5978ms
2026-08-15 03:04:48.774 +03:00 [INF] Executed endpoint 'CourseHub.Controllers.AdminController.Courses (CourseHub)'
2026-08-15 03:04:48.775 +03:00 [INF] Request finished HTTP/2 GET https://localhost:7242/Admin/Courses - 200 null text/html; charset=utf-8 16.8964ms
2026-08-15 03:04:48.810 +03:00 [INF] Request starting HTTP/2 GET https://localhost:7242/_vs/browserLink - null null
2026-08-15 03:04:48.811 +03:00 [INF] Request starting HTTP/2 GET https://localhost:7242/_framework/aspnetcore-browser-refresh.js - null null
2026-08-15 03:04:48.814 +03:00 [INF] Request finished HTTP/2 GET https://localhost:7242/_framework/aspnetcore-browser-refresh.js - 200 14923 application/javascript; charset=utf-8 2.654ms
2026-08-15 03:04:48.815 +03:00 [INF] Request finished HTTP/2 GET https://localhost:7242/_vs/browserLink - 200 null text/javascript; charset=UTF-8 5.1579ms
2026-08-15 03:04:51.593 +03:00 [INF] Request starting HTTP/2 GET https://localhost:7242/Courses/Create - null null
2026-08-15 03:04:51.596 +03:00 [INF] Executing endpoint 'CourseHub.Controllers.CoursesController.Create (CourseHub)'
2026-08-15 03:04:51.597 +03:00 [INF] Route matched with {action = "Create", controller = "Courses"}. Executing controller action with signature System.Threading.Tasks.Task`1[Microsoft.AspNetCore.Mvc.IActionResult] Create() on controller CourseHub.Controllers.CoursesController (CourseHub).
2026-08-15 03:04:51.601 +03:00 [INF] Executed DbCommand (1ms) [Parameters=[], CommandType='"Text"', CommandTimeout='30']
SELECT CONVERT(varchar(11), [c].[Id]) AS [Value], [c].[Name] AS [Text]
FROM [Categories] AS [c]
ORDER BY [c].[Name]
2026-08-15 03:04:51.602 +03:00 [INF] Executed DbCommand (0ms) [Parameters=[@normalizedRoleName='?' (Size = 256)], CommandType='"Text"', CommandTimeout='30']
SELECT TOP(2) [a].[Id], [a].[ConcurrencyStamp], [a].[Name], [a].[NormalizedName]
FROM [AspNetRoles] AS [a]
WHERE [a].[NormalizedName] = @normalizedRoleName
2026-08-15 03:04:51.604 +03:00 [INF] Executed DbCommand (0ms) [Parameters=[@role_Id='?' (Size = 450)], CommandType='"Text"', CommandTimeout='30']
SELECT [a0].[Id], [a0].[AccessFailedCount], [a0].[ConcurrencyStamp], [a0].[Email], [a0].[EmailConfirmed], [a0].[FullName], [a0].[LockoutEnabled], [a0].[LockoutEnd], [a0].[NormalizedEmail], [a0].[NormalizedUserName], [a0].[PasswordHash], [a0].[PhoneNumber], [a0].[PhoneNumberConfirmed], [a0].[SecurityStamp], [a0].[TwoFactorEnabled], [a0].[UserName]
FROM [AspNetUserRoles] AS [a]
INNER JOIN [AspNetUsers] AS [a0] ON [a].[UserId] = [a0].[Id]
WHERE [a].[RoleId] = @role_Id
2026-08-15 03:04:51.606 +03:00 [INF] Executing ViewResult, running view Create.
2026-08-15 03:04:51.608 +03:00 [INF] Executed ViewResult - view Create executed in 2.5204ms.
2026-08-15 03:04:51.609 +03:00 [INF] Executed action CourseHub.Controllers.CoursesController.Create (CourseHub) in 10.9324ms
2026-08-15 03:04:51.610 +03:00 [INF] Executed endpoint 'CourseHub.Controllers.CoursesController.Create (CourseHub)'
2026-08-15 03:04:51.610 +03:00 [INF] Request finished HTTP/2 GET https://localhost:7242/Courses/Create - 200 null text/html; charset=utf-8 17.1077ms
2026-08-15 03:04:51.643 +03:00 [INF] Request starting HTTP/2 GET https://localhost:7242/_vs/browserLink - null null
2026-08-15 03:04:51.643 +03:00 [INF] Request starting HTTP/2 GET https://localhost:7242/_framework/aspnetcore-browser-refresh.js - null null
2026-08-15 03:04:51.647 +03:00 [INF] Request finished HTTP/2 GET https://localhost:7242/_framework/aspnetcore-browser-refresh.js - 200 14923 application/javascript; charset=utf-8 3.4946ms
2026-08-15 03:04:51.649 +03:00 [INF] Request finished HTTP/2 GET https://localhost:7242/_vs/browserLink - 200 null text/javascript; charset=UTF-8 5.6523ms
2026-08-15 03:05:03.792 +03:00 [INF] Request starting HTTP/2 POST https://localhost:7242/Courses/Create - multipart/form-data; boundary=----WebKitFormBoundaryXjv0yNX6K5xtI2EA 1376
2026-08-15 03:05:03.795 +03:00 [INF] Executing endpoint 'CourseHub.Controllers.CoursesController.Create (CourseHub)'
2026-08-15 03:05:03.796 +03:00 [INF] Route matched with {action = "Create", controller = "Courses"}. Executing controller action with signature System.Threading.Tasks.Task`1[Microsoft.AspNetCore.Mvc.IActionResult] Create(CourseHub.ViewModels.CreateCourseViewModel) on controller CourseHub.Controllers.CoursesController (CourseHub).
2026-08-15 03:05:03.801 +03:00 [INF] Executed DbCommand (2ms) [Parameters=[@p='?' (Size = 450)], CommandType='"Text"', CommandTimeout='30']
SELECT TOP(1) [a].[Id], [a].[AccessFailedCount], [a].[ConcurrencyStamp], [a].[Email], [a].[EmailConfirmed], [a].[FullName], [a].[LockoutEnabled], [a].[LockoutEnd], [a].[NormalizedEmail], [a].[NormalizedUserName], [a].[PasswordHash], [a].[PhoneNumber], [a].[PhoneNumberConfirmed], [a].[SecurityStamp], [a].[TwoFactorEnabled], [a].[UserName]
FROM [AspNetUsers] AS [a]
WHERE [a].[Id] = @p
2026-08-15 03:05:03.812 +03:00 [INF] Executed DbCommand (7ms) [Parameters=[@p0='?' (DbType = Int32), @p1='?' (DbType = DateTime2), @p2='?' (Size = 2000), @p3='?' (DbType = DateTime2), @p4='?' (Size = 4000), @p5='?' (Size = 450), @p6='?' (Precision = 18) (Scale = 2) (DbType = Decimal), @p7='?' (Size = 150)], CommandType='"Text"', CommandTimeout='30']
SET IMPLICIT_TRANSACTIONS OFF;
SET NOCOUNT ON;
INSERT INTO [Courses] ([CategoryId], [CreatedAt], [Description], [EnrollmentDeadline], [ImageUrl], [InstructorId], [Price], [Title])
OUTPUT INSERTED.[Id]
VALUES (@p0, @p1, @p2, @p3, @p4, @p5, @p6, @p7);
2026-08-15 03:05:03.814 +03:00 [INF] Executing RedirectResult, redirecting to /Courses.
2026-08-15 03:05:03.814 +03:00 [INF] Executed action CourseHub.Controllers.CoursesController.Create (CourseHub) in 17.1008ms
2026-08-15 03:05:03.815 +03:00 [INF] Executed endpoint 'CourseHub.Controllers.CoursesController.Create (CourseHub)'
2026-08-15 03:05:03.815 +03:00 [INF] Request finished HTTP/2 POST https://localhost:7242/Courses/Create - 302 null null 23.3071ms
2026-08-15 03:05:03.818 +03:00 [INF] Request starting HTTP/2 GET https://localhost:7242/Courses - null null
2026-08-15 03:05:03.821 +03:00 [INF] Executing endpoint 'CourseHub.Controllers.CoursesController.Index (CourseHub)'
2026-08-15 03:05:03.821 +03:00 [INF] Route matched with {action = "Index", controller = "Courses"}. Executing controller action with signature System.Threading.Tasks.Task`1[Microsoft.AspNetCore.Mvc.IActionResult] Index(System.String, System.Nullable`1[System.Int32], Int32) on controller CourseHub.Controllers.CoursesController (CourseHub).
2026-08-15 03:05:03.824 +03:00 [INF] Executed DbCommand (1ms) [Parameters=[], CommandType='"Text"', CommandTimeout='30']
SELECT COUNT(*)
FROM [Courses] AS [c]
2026-08-15 03:05:03.829 +03:00 [INF] Executed DbCommand (3ms) [Parameters=[@p='?' (DbType = Int32), @p1='?' (DbType = Int32)], CommandType='"Text"', CommandTimeout='30']
SELECT [c1].[Id], [c1].[CategoryId], [c1].[CreatedAt], [c1].[Description], [c1].[EnrollmentDeadline], [c1].[ImageUrl], [c1].[InstructorId], [c1].[Price], [c1].[Title], [c0].[Id], [c0].[Name], [a].[Id], [a].[AccessFailedCount], [a].[ConcurrencyStamp], [a].[Email], [a].[EmailConfirmed], [a].[FullName], [a].[LockoutEnabled], [a].[LockoutEnd], [a].[NormalizedEmail], [a].[NormalizedUserName], [a].[PasswordHash], [a].[PhoneNumber], [a].[PhoneNumberConfirmed], [a].[SecurityStamp], [a].[TwoFactorEnabled], [a].[UserName]
FROM (
    SELECT [c].[Id], [c].[CategoryId], [c].[CreatedAt], [c].[Description], [c].[EnrollmentDeadline], [c].[ImageUrl], [c].[InstructorId], [c].[Price], [c].[Title]
    FROM [Courses] AS [c]
    ORDER BY [c].[CreatedAt] DESC
    OFFSET @p ROWS FETCH NEXT @p1 ROWS ONLY
) AS [c1]
INNER JOIN [Categories] AS [c0] ON [c1].[CategoryId] = [c0].[Id]
INNER JOIN [AspNetUsers] AS [a] ON [c1].[InstructorId] = [a].[Id]
ORDER BY [c1].[CreatedAt] DESC
2026-08-15 03:05:03.831 +03:00 [INF] Executed DbCommand (1ms) [Parameters=[], CommandType='"Text"', CommandTimeout='30']
SELECT [c].[Id], [c].[Name]
FROM [Categories] AS [c]
ORDER BY [c].[Name]
2026-08-15 03:05:03.832 +03:00 [INF] Executing ViewResult, running view Index.
2026-08-15 03:05:03.834 +03:00 [INF] Executed ViewResult - view Index executed in 1.8956ms.
2026-08-15 03:05:03.835 +03:00 [INF] Executed action CourseHub.Controllers.CoursesController.Index (CourseHub) in 12.7613ms
2026-08-15 03:05:03.836 +03:00 [INF] Executed endpoint 'CourseHub.Controllers.CoursesController.Index (CourseHub)'
2026-08-15 03:05:03.836 +03:00 [INF] Request finished HTTP/2 GET https://localhost:7242/Courses - 200 null text/html; charset=utf-8 18.3237ms
2026-08-15 03:05:04.058 +03:00 [INF] Request starting HTTP/2 GET https://localhost:7242/_vs/browserLink - null null
2026-08-15 03:05:04.062 +03:00 [INF] Request starting HTTP/2 GET https://localhost:7242/_framework/aspnetcore-browser-refresh.js - null null
2026-08-15 03:05:04.064 +03:00 [INF] Request finished HTTP/2 GET https://localhost:7242/_framework/aspnetcore-browser-refresh.js - 200 14923 application/javascript; charset=utf-8 1.7895ms
2026-08-15 03:05:04.064 +03:00 [INF] Request finished HTTP/2 GET https://localhost:7242/_vs/browserLink - 200 null text/javascript; charset=UTF-8 6.0409ms
2026-08-15 03:05:07.499 +03:00 [INF] Request starting HTTP/2 GET https://localhost:7242/Courses/Details/18 - null null
2026-08-15 03:05:07.503 +03:00 [INF] Executing endpoint 'CourseHub.Controllers.CoursesController.Details (CourseHub)'
2026-08-15 03:05:07.509 +03:00 [INF] Route matched with {action = "Details", controller = "Courses"}. Executing controller action with signature System.Threading.Tasks.Task`1[Microsoft.AspNetCore.Mvc.IActionResult] Details(System.Nullable`1[System.Int32]) on controller CourseHub.Controllers.CoursesController (CourseHub).
2026-08-15 03:05:07.523 +03:00 [INF] Executed DbCommand (3ms) [Parameters=[@id='?' (DbType = Int32)], CommandType='"Text"', CommandTimeout='30']
SELECT TOP(1) [c].[Id], [c].[CategoryId], [c].[CreatedAt], [c].[Description], [c].[EnrollmentDeadline], [c].[ImageUrl], [c].[InstructorId], [c].[Price], [c].[Title], [c0].[Id], [c0].[Name], [a].[Id], [a].[AccessFailedCount], [a].[ConcurrencyStamp], [a].[Email], [a].[EmailConfirmed], [a].[FullName], [a].[LockoutEnabled], [a].[LockoutEnd], [a].[NormalizedEmail], [a].[NormalizedUserName], [a].[PasswordHash], [a].[PhoneNumber], [a].[PhoneNumberConfirmed], [a].[SecurityStamp], [a].[TwoFactorEnabled], [a].[UserName]
FROM [Courses] AS [c]
INNER JOIN [Categories] AS [c0] ON [c].[CategoryId] = [c0].[Id]
INNER JOIN [AspNetUsers] AS [a] ON [c].[InstructorId] = [a].[Id]
WHERE [c].[Id] = @id
2026-08-15 03:05:07.527 +03:00 [INF] Executed DbCommand (0ms) [Parameters=[@p='?' (Size = 450)], CommandType='"Text"', CommandTimeout='30']
SELECT TOP(1) [a].[Id], [a].[AccessFailedCount], [a].[ConcurrencyStamp], [a].[Email], [a].[EmailConfirmed], [a].[FullName], [a].[LockoutEnabled], [a].[LockoutEnd], [a].[NormalizedEmail], [a].[NormalizedUserName], [a].[PasswordHash], [a].[PhoneNumber], [a].[PhoneNumberConfirmed], [a].[SecurityStamp], [a].[TwoFactorEnabled], [a].[UserName]
FROM [AspNetUsers] AS [a]
WHERE [a].[Id] = @p
2026-08-15 03:05:07.544 +03:00 [INF] Executed DbCommand (2ms) [Parameters=[@user_Id='?' (Size = 450), @_8__locals1_course_Id='?' (DbType = Int32)], CommandType='"Text"', CommandTimeout='30']
SELECT CASE
    WHEN EXISTS (
        SELECT 1
        FROM [Enrollments] AS [e]
        WHERE [e].[StudentId] = @user_Id AND [e].[CourseId] = @_8__locals1_course_Id) THEN CAST(1 AS bit)
    ELSE CAST(0 AS bit)
END
2026-08-15 03:05:07.548 +03:00 [INF] Executing ViewResult, running view Details.
2026-08-15 03:05:07.558 +03:00 [INF] Executed ViewResult - view Details executed in 11.0928ms.
2026-08-15 03:05:07.559 +03:00 [INF] Executed action CourseHub.Controllers.CoursesController.Details (CourseHub) in 49.2714ms
2026-08-15 03:05:07.560 +03:00 [INF] Executed endpoint 'CourseHub.Controllers.CoursesController.Details (CourseHub)'
2026-08-15 03:05:07.561 +03:00 [INF] Request finished HTTP/2 GET https://localhost:7242/Courses/Details/18 - 200 null text/html; charset=utf-8 61.5473ms
2026-08-15 03:05:07.595 +03:00 [INF] Request starting HTTP/2 GET https://localhost:7242/_vs/browserLink - null null
2026-08-15 03:05:07.595 +03:00 [INF] Request starting HTTP/2 GET https://localhost:7242/_framework/aspnetcore-browser-refresh.js - null null
2026-08-15 03:05:07.598 +03:00 [INF] Request finished HTTP/2 GET https://localhost:7242/_framework/aspnetcore-browser-refresh.js - 200 14923 application/javascript; charset=utf-8 3.0303ms
2026-08-15 03:05:07.600 +03:00 [INF] Request finished HTTP/2 GET https://localhost:7242/_vs/browserLink - 200 null text/javascript; charset=UTF-8 5.3629ms
2026-08-15 03:05:09.538 +03:00 [INF] Request starting HTTP/2 GET https://localhost:7242/Courses/Edit/18 - null null
2026-08-15 03:05:09.541 +03:00 [INF] Executing endpoint 'CourseHub.Controllers.CoursesController.Edit (CourseHub)'
2026-08-15 03:05:09.547 +03:00 [INF] Route matched with {action = "Edit", controller = "Courses"}. Executing controller action with signature System.Threading.Tasks.Task`1[Microsoft.AspNetCore.Mvc.IActionResult] Edit(System.Nullable`1[System.Int32]) on controller CourseHub.Controllers.CoursesController (CourseHub).
2026-08-15 03:05:09.556 +03:00 [INF] Executed DbCommand (1ms) [Parameters=[@p='?' (DbType = Int32)], CommandType='"Text"', CommandTimeout='30']
SELECT TOP(1) [c].[Id], [c].[CategoryId], [c].[CreatedAt], [c].[Description], [c].[EnrollmentDeadline], [c].[ImageUrl], [c].[InstructorId], [c].[Price], [c].[Title]
FROM [Courses] AS [c]
WHERE [c].[Id] = @p
2026-08-15 03:05:09.562 +03:00 [INF] Executed DbCommand (1ms) [Parameters=[], CommandType='"Text"', CommandTimeout='30']
SELECT CONVERT(varchar(11), [c].[Id]) AS [Value], [c].[Name] AS [Text]
FROM [Categories] AS [c]
ORDER BY [c].[Name]
2026-08-15 03:05:09.564 +03:00 [INF] Executing ViewResult, running view Edit.
2026-08-15 03:05:09.587 +03:00 [INF] Executed ViewResult - view Edit executed in 23.4058ms.
2026-08-15 03:05:09.588 +03:00 [INF] Executed action CourseHub.Controllers.CoursesController.Edit (CourseHub) in 39.3866ms
2026-08-15 03:05:09.588 +03:00 [INF] Executed endpoint 'CourseHub.Controllers.CoursesController.Edit (CourseHub)'
2026-08-15 03:05:09.589 +03:00 [INF] Request finished HTTP/2 GET https://localhost:7242/Courses/Edit/18 - 200 null text/html; charset=utf-8 50.6362ms
2026-08-15 03:05:09.625 +03:00 [INF] Request starting HTTP/2 GET https://localhost:7242/_vs/browserLink - null null
2026-08-15 03:05:09.625 +03:00 [INF] Request starting HTTP/2 GET https://localhost:7242/_framework/aspnetcore-browser-refresh.js - null null
2026-08-15 03:05:09.628 +03:00 [INF] Request finished HTTP/2 GET https://localhost:7242/_framework/aspnetcore-browser-refresh.js - 200 14923 application/javascript; charset=utf-8 3.1816ms
2026-08-15 03:05:09.630 +03:00 [INF] Request finished HTTP/2 GET https://localhost:7242/_vs/browserLink - 200 null text/javascript; charset=UTF-8 5.4041ms
2026-08-15 03:12:11.957 +03:00 [INF] Starting CourseHub application...
2026-08-15 03:12:12.393 +03:00 [INF] User profile is available. Using 'C:\Users\ayman\AppData\Local\ASP.NET\DataProtection-Keys' as key repository and Windows DPAPI to encrypt keys at rest.
2026-08-15 03:12:12.921 +03:00 [WRN] No store type was specified for the decimal property 'Price' on entity type 'Course'. This will cause values to be silently truncated if they do not fit in the default precision and scale. Explicitly specify the SQL server column type that can accommodate all the values in 'OnModelCreating' using 'HasColumnType', specify precision and scale using 'HasPrecision', or configure a value converter using 'HasConversion'.
2026-08-15 03:12:13.511 +03:00 [INF] Executed DbCommand (72ms) [Parameters=[@normalizedName='?' (Size = 256)], CommandType='"Text"', CommandTimeout='30']
SELECT TOP(1) [a].[Id], [a].[ConcurrencyStamp], [a].[Name], [a].[NormalizedName]
FROM [AspNetRoles] AS [a]
WHERE [a].[NormalizedName] = @normalizedName
2026-08-15 03:12:13.578 +03:00 [INF] Executed DbCommand (1ms) [Parameters=[@normalizedName='?' (Size = 256)], CommandType='"Text"', CommandTimeout='30']
SELECT TOP(1) [a].[Id], [a].[ConcurrencyStamp], [a].[Name], [a].[NormalizedName]
FROM [AspNetRoles] AS [a]
WHERE [a].[NormalizedName] = @normalizedName
2026-08-15 03:12:13.580 +03:00 [INF] Executed DbCommand (0ms) [Parameters=[@normalizedName='?' (Size = 256)], CommandType='"Text"', CommandTimeout='30']
SELECT TOP(1) [a].[Id], [a].[ConcurrencyStamp], [a].[Name], [a].[NormalizedName]
FROM [AspNetRoles] AS [a]
WHERE [a].[NormalizedName] = @normalizedName
2026-08-15 03:12:13.592 +03:00 [INF] Executed DbCommand (3ms) [Parameters=[@normalizedEmail='?' (Size = 256)], CommandType='"Text"', CommandTimeout='30']
SELECT TOP(2) [a].[Id], [a].[AccessFailedCount], [a].[ConcurrencyStamp], [a].[Email], [a].[EmailConfirmed], [a].[FullName], [a].[LockoutEnabled], [a].[LockoutEnd], [a].[NormalizedEmail], [a].[NormalizedUserName], [a].[PasswordHash], [a].[PhoneNumber], [a].[PhoneNumberConfirmed], [a].[SecurityStamp], [a].[TwoFactorEnabled], [a].[UserName]
FROM [AspNetUsers] AS [a]
WHERE [a].[NormalizedEmail] = @normalizedEmail
2026-08-15 03:12:13.622 +03:00 [INF] CourseHub application started successfully.
2026-08-15 03:12:13.784 +03:00 [INF] Now listening on: https://localhost:7242
2026-08-15 03:12:13.784 +03:00 [INF] Now listening on: http://localhost:5164
2026-08-15 03:12:13.815 +03:00 [INF] Application started. Press Ctrl+C to shut down.
2026-08-15 03:12:13.816 +03:00 [INF] Hosting environment: Development
2026-08-15 03:12:13.816 +03:00 [INF] Content root path: D:\Real Projects\Mvc Projects\CourseHub\CourseHub
2026-08-15 03:12:14.499 +03:00 [INF] Request starting HTTP/2 GET https://localhost:7242/ - null null
2026-08-15 03:12:14.651 +03:00 [INF] Executing endpoint 'CourseHub.Controllers.HomeController.Index (CourseHub)'
2026-08-15 03:12:14.665 +03:00 [INF] Route matched with {action = "Index", controller = "Home"}. Executing controller action with signature System.Threading.Tasks.Task`1[Microsoft.AspNetCore.Mvc.IActionResult] Index() on controller CourseHub.Controllers.HomeController (CourseHub).
2026-08-15 03:12:14.750 +03:00 [INF] Executed DbCommand (3ms) [Parameters=[], CommandType='"Text"', CommandTimeout='30']
SELECT COUNT(*)
FROM [Courses] AS [c]
2026-08-15 03:12:14.758 +03:00 [INF] Executed DbCommand (2ms) [Parameters=[], CommandType='"Text"', CommandTimeout='30']
SELECT COUNT(*)
FROM [Categories] AS [c]
2026-08-15 03:12:14.795 +03:00 [INF] Executing ViewResult, running view Index.
2026-08-15 03:12:14.904 +03:00 [INF] Executed ViewResult - view Index executed in 110.2934ms.
2026-08-15 03:12:14.908 +03:00 [INF] Executed action CourseHub.Controllers.HomeController.Index (CourseHub) in 241.4976ms
2026-08-15 03:12:14.910 +03:00 [INF] Executed endpoint 'CourseHub.Controllers.HomeController.Index (CourseHub)'
2026-08-15 03:12:14.920 +03:00 [INF] Request finished HTTP/2 GET https://localhost:7242/ - 200 null text/html; charset=utf-8 426.8226ms
2026-08-15 03:12:14.933 +03:00 [INF] Request starting HTTP/2 GET https://localhost:7242/_framework/aspnetcore-browser-refresh.js - null null
2026-08-15 03:12:14.934 +03:00 [INF] Request starting HTTP/2 GET https://localhost:7242/_vs/browserLink - null null
2026-08-15 03:12:14.939 +03:00 [INF] Request finished HTTP/2 GET https://localhost:7242/_framework/aspnetcore-browser-refresh.js - 200 14923 application/javascript; charset=utf-8 6.6541ms
2026-08-15 03:12:14.969 +03:00 [INF] Request finished HTTP/2 GET https://localhost:7242/_vs/browserLink - 200 null text/javascript; charset=UTF-8 35.5164ms
2026-08-15 03:12:16.438 +03:00 [INF] Request starting HTTP/2 POST https://localhost:7242/Account/Logout - application/x-www-form-urlencoded 225
2026-08-15 03:12:16.452 +03:00 [INF] Executing endpoint 'CourseHub.Controllers.AccountController.Logout (CourseHub)'
2026-08-15 03:12:16.459 +03:00 [INF] Route matched with {action = "Logout", controller = "Account"}. Executing controller action with signature System.Threading.Tasks.Task`1[Microsoft.AspNetCore.Mvc.IActionResult] Logout() on controller CourseHub.Controllers.AccountController (CourseHub).
2026-08-15 03:12:16.467 +03:00 [INF] AuthenticationScheme: Identity.Application signed out.
2026-08-15 03:12:16.469 +03:00 [INF] AuthenticationScheme: Identity.External signed out.
2026-08-15 03:12:16.470 +03:00 [INF] AuthenticationScheme: Identity.TwoFactorUserId signed out.
2026-08-15 03:12:16.472 +03:00 [INF] Executing RedirectResult, redirecting to /.
2026-08-15 03:12:16.473 +03:00 [INF] Executed action CourseHub.Controllers.AccountController.Logout (CourseHub) in 12.6785ms
2026-08-15 03:12:16.474 +03:00 [INF] Executed endpoint 'CourseHub.Controllers.AccountController.Logout (CourseHub)'
2026-08-15 03:12:16.474 +03:00 [INF] Request finished HTTP/2 POST https://localhost:7242/Account/Logout - 302 null null 36.5072ms
2026-08-15 03:12:16.478 +03:00 [INF] Request starting HTTP/2 GET https://localhost:7242/ - null null
2026-08-15 03:12:16.481 +03:00 [INF] Executing endpoint 'CourseHub.Controllers.HomeController.Index (CourseHub)'
2026-08-15 03:12:16.482 +03:00 [INF] Route matched with {action = "Index", controller = "Home"}. Executing controller action with signature System.Threading.Tasks.Task`1[Microsoft.AspNetCore.Mvc.IActionResult] Index() on controller CourseHub.Controllers.HomeController (CourseHub).
2026-08-15 03:12:16.495 +03:00 [INF] Executed DbCommand (0ms) [Parameters=[], CommandType='"Text"', CommandTimeout='30']
SELECT COUNT(*)
FROM [Courses] AS [c]
2026-08-15 03:12:16.498 +03:00 [INF] Executed DbCommand (1ms) [Parameters=[], CommandType='"Text"', CommandTimeout='30']
SELECT COUNT(*)
FROM [Categories] AS [c]
2026-08-15 03:12:16.499 +03:00 [INF] Executing ViewResult, running view Index.
2026-08-15 03:12:16.505 +03:00 [INF] Executed ViewResult - view Index executed in 5.6843ms.
2026-08-15 03:12:16.506 +03:00 [INF] Executed action CourseHub.Controllers.HomeController.Index (CourseHub) in 23.0824ms
2026-08-15 03:12:16.507 +03:00 [INF] Executed endpoint 'CourseHub.Controllers.HomeController.Index (CourseHub)'
2026-08-15 03:12:16.508 +03:00 [INF] Request finished HTTP/2 GET https://localhost:7242/ - 200 null text/html; charset=utf-8 29.8687ms
2026-08-15 03:12:16.676 +03:00 [INF] Request starting HTTP/2 GET https://localhost:7242/_vs/browserLink - null null
2026-08-15 03:12:16.689 +03:00 [INF] Request finished HTTP/2 GET https://localhost:7242/_vs/browserLink - 200 null text/javascript; charset=UTF-8 12.2678ms
2026-08-15 03:12:16.717 +03:00 [INF] Request starting HTTP/2 GET https://localhost:7242/_framework/aspnetcore-browser-refresh.js - null null
2026-08-15 03:12:16.719 +03:00 [INF] Request finished HTTP/2 GET https://localhost:7242/_framework/aspnetcore-browser-refresh.js - 200 14923 application/javascript; charset=utf-8 1.9382ms
2026-08-15 03:12:17.327 +03:00 [INF] Request starting HTTP/2 GET https://localhost:7242/Account/Login - null null
2026-08-15 03:12:17.331 +03:00 [INF] Executing endpoint 'CourseHub.Controllers.AccountController.Login (CourseHub)'
2026-08-15 03:12:17.338 +03:00 [INF] Route matched with {action = "Login", controller = "Account"}. Executing controller action with signature Microsoft.AspNetCore.Mvc.IActionResult Login(System.String) on controller CourseHub.Controllers.AccountController (CourseHub).
2026-08-15 03:12:17.355 +03:00 [INF] Executing ViewResult, running view Login.
2026-08-15 03:12:17.397 +03:00 [INF] Executed ViewResult - view Login executed in 42.839ms.
2026-08-15 03:12:17.398 +03:00 [INF] Executed action CourseHub.Controllers.AccountController.Login (CourseHub) in 59.333ms
2026-08-15 03:12:17.399 +03:00 [INF] Executed endpoint 'CourseHub.Controllers.AccountController.Login (CourseHub)'
2026-08-15 03:12:17.400 +03:00 [INF] Request finished HTTP/2 GET https://localhost:7242/Account/Login - 200 null text/html; charset=utf-8 72.5996ms
2026-08-15 03:12:17.452 +03:00 [INF] Request starting HTTP/2 GET https://localhost:7242/_framework/aspnetcore-browser-refresh.js - null null
2026-08-15 03:12:17.453 +03:00 [INF] Request starting HTTP/2 GET https://localhost:7242/_vs/browserLink - null null
2026-08-15 03:12:17.454 +03:00 [INF] Request finished HTTP/2 GET https://localhost:7242/_framework/aspnetcore-browser-refresh.js - 200 14923 application/javascript; charset=utf-8 1.7923ms
2026-08-15 03:12:17.460 +03:00 [INF] Request finished HTTP/2 GET https://localhost:7242/_vs/browserLink - 200 null text/javascript; charset=UTF-8 7.0952ms
2026-08-15 03:12:19.395 +03:00 [INF] Request starting HTTP/2 POST https://localhost:7242/Account/Login - application/x-www-form-urlencoded 255
2026-08-15 03:12:19.397 +03:00 [INF] Executing endpoint 'CourseHub.Controllers.AccountController.Login (CourseHub)'
2026-08-15 03:12:19.406 +03:00 [INF] Route matched with {action = "Login", controller = "Account"}. Executing controller action with signature System.Threading.Tasks.Task`1[Microsoft.AspNetCore.Mvc.IActionResult] Login(CourseHub.ViewModels.LoginViewModel, System.String) on controller CourseHub.Controllers.AccountController (CourseHub).
2026-08-15 03:12:19.423 +03:00 [INF] Executed DbCommand (1ms) [Parameters=[@normalizedEmail='?' (Size = 256)], CommandType='"Text"', CommandTimeout='30']
SELECT TOP(2) [a].[Id], [a].[AccessFailedCount], [a].[ConcurrencyStamp], [a].[Email], [a].[EmailConfirmed], [a].[FullName], [a].[LockoutEnabled], [a].[LockoutEnd], [a].[NormalizedEmail], [a].[NormalizedUserName], [a].[PasswordHash], [a].[PhoneNumber], [a].[PhoneNumberConfirmed], [a].[SecurityStamp], [a].[TwoFactorEnabled], [a].[UserName]
FROM [AspNetUsers] AS [a]
WHERE [a].[NormalizedEmail] = @normalizedEmail
2026-08-15 03:12:19.520 +03:00 [INF] Executed DbCommand (1ms) [Parameters=[@user_Id='?' (Size = 450)], CommandType='"Text"', CommandTimeout='30']
SELECT [a].[Id], [a].[ClaimType], [a].[ClaimValue], [a].[UserId]
FROM [AspNetUserClaims] AS [a]
WHERE [a].[UserId] = @user_Id
2026-08-15 03:12:19.544 +03:00 [INF] Executed DbCommand (2ms) [Parameters=[@userId='?' (Size = 450)], CommandType='"Text"', CommandTimeout='30']
SELECT [a0].[Name]
FROM [AspNetUserRoles] AS [a]
INNER JOIN [AspNetRoles] AS [a0] ON [a].[RoleId] = [a0].[Id]
WHERE [a].[UserId] = @userId
2026-08-15 03:12:19.548 +03:00 [INF] Executed DbCommand (0ms) [Parameters=[@normalizedName='?' (Size = 256)], CommandType='"Text"', CommandTimeout='30']
SELECT TOP(1) [a].[Id], [a].[ConcurrencyStamp], [a].[Name], [a].[NormalizedName]
FROM [AspNetRoles] AS [a]
WHERE [a].[NormalizedName] = @normalizedName
2026-08-15 03:12:19.555 +03:00 [INF] Executed DbCommand (1ms) [Parameters=[@role_Id='?' (Size = 450)], CommandType='"Text"', CommandTimeout='30']
SELECT [a].[ClaimType], [a].[ClaimValue]
FROM [AspNetRoleClaims] AS [a]
WHERE [a].[RoleId] = @role_Id
2026-08-15 03:12:19.560 +03:00 [INF] AuthenticationScheme: Identity.Application signed in.
2026-08-15 03:12:19.569 +03:00 [INF] Executed DbCommand (2ms) [Parameters=[@normalizedRoleName='?' (Size = 256)], CommandType='"Text"', CommandTimeout='30']
SELECT TOP(2) [a].[Id], [a].[ConcurrencyStamp], [a].[Name], [a].[NormalizedName]
FROM [AspNetRoles] AS [a]
WHERE [a].[NormalizedName] = @normalizedRoleName
2026-08-15 03:12:19.588 +03:00 [INF] Executed DbCommand (1ms) [Parameters=[@p='?' (Size = 450), @p1='?' (Size = 450)], CommandType='"Text"', CommandTimeout='30']
SELECT TOP(1) [a].[UserId], [a].[RoleId]
FROM [AspNetUserRoles] AS [a]
WHERE [a].[UserId] = @p AND [a].[RoleId] = @p1
2026-08-15 03:12:19.591 +03:00 [INF] Executed DbCommand (0ms) [Parameters=[@normalizedRoleName='?' (Size = 256)], CommandType='"Text"', CommandTimeout='30']
SELECT TOP(2) [a].[Id], [a].[ConcurrencyStamp], [a].[Name], [a].[NormalizedName]
FROM [AspNetRoles] AS [a]
WHERE [a].[NormalizedName] = @normalizedRoleName
2026-08-15 03:12:19.608 +03:00 [INF] Executed DbCommand (15ms) [Parameters=[@p='?' (Size = 450), @p1='?' (Size = 450)], CommandType='"Text"', CommandTimeout='30']
SELECT TOP(1) [a].[UserId], [a].[RoleId]
FROM [AspNetUserRoles] AS [a]
WHERE [a].[UserId] = @p AND [a].[RoleId] = @p1
2026-08-15 03:12:19.623 +03:00 [INF] Executing RedirectResult, redirecting to /Instructor/Dashboard.
2026-08-15 03:12:19.624 +03:00 [INF] Executed action CourseHub.Controllers.AccountController.Login (CourseHub) in 217.1036ms
2026-08-15 03:12:19.624 +03:00 [INF] Executed endpoint 'CourseHub.Controllers.AccountController.Login (CourseHub)'
2026-08-15 03:12:19.625 +03:00 [INF] Request finished HTTP/2 POST https://localhost:7242/Account/Login - 302 null null 230.1947ms
2026-08-15 03:12:19.628 +03:00 [INF] Request starting HTTP/2 GET https://localhost:7242/Instructor/Dashboard - null null
2026-08-15 03:12:19.633 +03:00 [INF] Executing endpoint 'CourseHub.Controllers.InstructorController.Dashboard (CourseHub)'
2026-08-15 03:12:19.639 +03:00 [INF] Route matched with {action = "Dashboard", controller = "Instructor"}. Executing controller action with signature System.Threading.Tasks.Task`1[Microsoft.AspNetCore.Mvc.IActionResult] Dashboard() on controller CourseHub.Controllers.InstructorController (CourseHub).
2026-08-15 03:12:19.649 +03:00 [INF] Executed DbCommand (2ms) [Parameters=[@p='?' (Size = 450)], CommandType='"Text"', CommandTimeout='30']
SELECT TOP(1) [a].[Id], [a].[AccessFailedCount], [a].[ConcurrencyStamp], [a].[Email], [a].[EmailConfirmed], [a].[FullName], [a].[LockoutEnabled], [a].[LockoutEnd], [a].[NormalizedEmail], [a].[NormalizedUserName], [a].[PasswordHash], [a].[PhoneNumber], [a].[PhoneNumberConfirmed], [a].[SecurityStamp], [a].[TwoFactorEnabled], [a].[UserName]
FROM [AspNetUsers] AS [a]
WHERE [a].[Id] = @p
2026-08-15 03:12:19.656 +03:00 [INF] Executed DbCommand (2ms) [Parameters=[@user_Id='?' (Size = 450)], CommandType='"Text"', CommandTimeout='30']
SELECT COUNT(*)
FROM [Courses] AS [c]
WHERE [c].[InstructorId] = @user_Id
2026-08-15 03:12:19.669 +03:00 [INF] Executed DbCommand (5ms) [Parameters=[@user_Id='?' (Size = 450)], CommandType='"Text"', CommandTimeout='30']
SELECT COUNT(*)
FROM [Enrollments] AS [e]
INNER JOIN [Courses] AS [c] ON [e].[CourseId] = [c].[Id]
WHERE [c].[InstructorId] = @user_Id
2026-08-15 03:12:19.685 +03:00 [INF] Executed DbCommand (3ms) [Parameters=[@user_Id='?' (Size = 450)], CommandType='"Text"', CommandTimeout='30']
SELECT COUNT(*)
FROM (
    SELECT DISTINCT [e].[StudentId]
    FROM [Enrollments] AS [e]
    INNER JOIN [Courses] AS [c] ON [e].[CourseId] = [c].[Id]
    WHERE [c].[InstructorId] = @user_Id
) AS [s]
2026-08-15 03:12:19.689 +03:00 [INF] Executing ViewResult, running view Dashboard.
2026-08-15 03:12:19.699 +03:00 [INF] Executed ViewResult - view Dashboard executed in 11.5454ms.
2026-08-15 03:12:19.701 +03:00 [INF] Executed action CourseHub.Controllers.InstructorController.Dashboard (CourseHub) in 60.4106ms
2026-08-15 03:12:19.701 +03:00 [INF] Executed endpoint 'CourseHub.Controllers.InstructorController.Dashboard (CourseHub)'
2026-08-15 03:12:19.702 +03:00 [INF] Request finished HTTP/2 GET https://localhost:7242/Instructor/Dashboard - 200 null text/html; charset=utf-8 73.9438ms
2026-08-15 03:12:19.776 +03:00 [INF] Request starting HTTP/2 GET https://localhost:7242/_framework/aspnetcore-browser-refresh.js - null null
2026-08-15 03:12:19.776 +03:00 [INF] Request starting HTTP/2 GET https://localhost:7242/_vs/browserLink - null null
2026-08-15 03:12:19.778 +03:00 [INF] Request finished HTTP/2 GET https://localhost:7242/_framework/aspnetcore-browser-refresh.js - 200 14923 application/javascript; charset=utf-8 2.0571ms
2026-08-15 03:12:19.783 +03:00 [INF] Request finished HTTP/2 GET https://localhost:7242/_vs/browserLink - 200 null text/javascript; charset=UTF-8 6.7657ms
2026-08-15 03:12:23.330 +03:00 [INF] Request starting HTTP/2 GET https://localhost:7242/Instructor/MyCourses - null null
2026-08-15 03:12:23.335 +03:00 [INF] Executing endpoint 'CourseHub.Controllers.InstructorController.MyCourses (CourseHub)'
2026-08-15 03:12:23.341 +03:00 [INF] Route matched with {action = "MyCourses", controller = "Instructor"}. Executing controller action with signature System.Threading.Tasks.Task`1[Microsoft.AspNetCore.Mvc.IActionResult] MyCourses() on controller CourseHub.Controllers.InstructorController (CourseHub).
2026-08-15 03:12:23.344 +03:00 [INF] Executed DbCommand (0ms) [Parameters=[@p='?' (Size = 450)], CommandType='"Text"', CommandTimeout='30']
SELECT TOP(1) [a].[Id], [a].[AccessFailedCount], [a].[ConcurrencyStamp], [a].[Email], [a].[EmailConfirmed], [a].[FullName], [a].[LockoutEnabled], [a].[LockoutEnd], [a].[NormalizedEmail], [a].[NormalizedUserName], [a].[PasswordHash], [a].[PhoneNumber], [a].[PhoneNumberConfirmed], [a].[SecurityStamp], [a].[TwoFactorEnabled], [a].[UserName]
FROM [AspNetUsers] AS [a]
WHERE [a].[Id] = @p
2026-08-15 03:12:23.376 +03:00 [INF] Executed DbCommand (3ms) [Parameters=[@user_Id='?' (Size = 450)], CommandType='"Text"', CommandTimeout='30']
SELECT [c].[Id], [c].[CategoryId], [c].[CreatedAt], [c].[Description], [c].[EnrollmentDeadline], [c].[ImageUrl], [c].[InstructorId], [c].[Price], [c].[Title], [c0].[Id], [c0].[Name]
FROM [Courses] AS [c]
INNER JOIN [Categories] AS [c0] ON [c].[CategoryId] = [c0].[Id]
WHERE [c].[InstructorId] = @user_Id
ORDER BY [c].[CreatedAt] DESC
2026-08-15 03:12:23.383 +03:00 [INF] Executing ViewResult, running view MyCourses.
2026-08-15 03:12:23.395 +03:00 [INF] Executed ViewResult - view MyCourses executed in 13.2438ms.
2026-08-15 03:12:23.396 +03:00 [INF] Executed action CourseHub.Controllers.InstructorController.MyCourses (CourseHub) in 54.6885ms
2026-08-15 03:12:23.397 +03:00 [INF] Executed endpoint 'CourseHub.Controllers.InstructorController.MyCourses (CourseHub)'
2026-08-15 03:12:23.398 +03:00 [INF] Request finished HTTP/2 GET https://localhost:7242/Instructor/MyCourses - 200 null text/html; charset=utf-8 67.6581ms
2026-08-15 03:12:23.432 +03:00 [INF] Request starting HTTP/2 GET https://localhost:7242/images/courses/default-course.jpg - null null
2026-08-15 03:12:23.433 +03:00 [INF] Request starting HTTP/2 GET https://localhost:7242/_vs/browserLink - null null
2026-08-15 03:12:23.439 +03:00 [INF] Request finished HTTP/2 GET https://localhost:7242/_vs/browserLink - 200 null text/javascript; charset=UTF-8 5.8255ms
2026-08-15 03:12:23.440 +03:00 [INF] The file /images/courses/default-course.jpg was not modified
2026-08-15 03:12:23.442 +03:00 [INF] Request finished HTTP/2 GET https://localhost:7242/images/courses/default-course.jpg - 304 null image/jpeg 10.0866ms
2026-08-15 03:12:23.445 +03:00 [INF] Request starting HTTP/2 GET https://localhost:7242/_framework/aspnetcore-browser-refresh.js - null null
2026-08-15 03:12:23.448 +03:00 [INF] Request finished HTTP/2 GET https://localhost:7242/_framework/aspnetcore-browser-refresh.js - 200 14923 application/javascript; charset=utf-8 2.5591ms
2026-08-15 03:12:24.311 +03:00 [INF] Request starting HTTP/2 GET https://localhost:7242/Courses/Create - null null
2026-08-15 03:12:24.314 +03:00 [INF] Executing endpoint 'CourseHub.Controllers.CoursesController.Create (CourseHub)'
2026-08-15 03:12:24.319 +03:00 [INF] Route matched with {action = "Create", controller = "Courses"}. Executing controller action with signature System.Threading.Tasks.Task`1[Microsoft.AspNetCore.Mvc.IActionResult] Create() on controller CourseHub.Controllers.CoursesController (CourseHub).
2026-08-15 03:12:24.402 +03:00 [WRN] You do not have a valid license key for the Lucky Penny software AutoMapper. This is allowed for development and testing scenarios. If you are running in production you are required to have a licensed version. Please visit https://luckypennysoftware.com to obtain a valid license.
2026-08-15 03:12:24.411 +03:00 [INF] Executed DbCommand (1ms) [Parameters=[], CommandType='"Text"', CommandTimeout='30']
SELECT CONVERT(varchar(11), [c].[Id]) AS [Value], [c].[Name] AS [Text]
FROM [Categories] AS [c]
ORDER BY [c].[Name]
2026-08-15 03:12:24.414 +03:00 [INF] Executing ViewResult, running view Create.
2026-08-15 03:12:24.449 +03:00 [INF] Executed ViewResult - view Create executed in 34.9807ms.
2026-08-15 03:12:24.450 +03:00 [INF] Executed action CourseHub.Controllers.CoursesController.Create (CourseHub) in 129.601ms
2026-08-15 03:12:24.450 +03:00 [INF] Executed endpoint 'CourseHub.Controllers.CoursesController.Create (CourseHub)'
2026-08-15 03:12:24.451 +03:00 [INF] Request finished HTTP/2 GET https://localhost:7242/Courses/Create - 200 null text/html; charset=utf-8 140.53ms
2026-08-15 03:12:24.490 +03:00 [INF] Request starting HTTP/2 GET https://localhost:7242/_vs/browserLink - null null
2026-08-15 03:12:24.492 +03:00 [INF] Request starting HTTP/2 GET https://localhost:7242/_framework/aspnetcore-browser-refresh.js - null null
2026-08-15 03:12:24.494 +03:00 [INF] Request finished HTTP/2 GET https://localhost:7242/_framework/aspnetcore-browser-refresh.js - 200 14923 application/javascript; charset=utf-8 2.2941ms
2026-08-15 03:12:24.496 +03:00 [INF] Request finished HTTP/2 GET https://localhost:7242/_vs/browserLink - 200 null text/javascript; charset=UTF-8 5.4973ms
2026-08-15 03:19:33.941 +03:00 [INF] Starting CourseHub application...
2026-08-15 03:19:34.400 +03:00 [INF] User profile is available. Using 'C:\Users\ayman\AppData\Local\ASP.NET\DataProtection-Keys' as key repository and Windows DPAPI to encrypt keys at rest.
2026-08-15 03:19:34.889 +03:00 [WRN] No store type was specified for the decimal property 'Price' on entity type 'Course'. This will cause values to be silently truncated if they do not fit in the default precision and scale. Explicitly specify the SQL server column type that can accommodate all the values in 'OnModelCreating' using 'HasColumnType', specify precision and scale using 'HasPrecision', or configure a value converter using 'HasConversion'.
2026-08-15 03:19:35.579 +03:00 [INF] Executed DbCommand (52ms) [Parameters=[@normalizedName='?' (Size = 256)], CommandType='"Text"', CommandTimeout='30']
SELECT TOP(1) [a].[Id], [a].[ConcurrencyStamp], [a].[Name], [a].[NormalizedName]
FROM [AspNetRoles] AS [a]
WHERE [a].[NormalizedName] = @normalizedName
2026-08-15 03:19:35.666 +03:00 [INF] Executed DbCommand (2ms) [Parameters=[@normalizedName='?' (Size = 256)], CommandType='"Text"', CommandTimeout='30']
SELECT TOP(1) [a].[Id], [a].[ConcurrencyStamp], [a].[Name], [a].[NormalizedName]
FROM [AspNetRoles] AS [a]
WHERE [a].[NormalizedName] = @normalizedName
2026-08-15 03:19:35.669 +03:00 [INF] Executed DbCommand (0ms) [Parameters=[@normalizedName='?' (Size = 256)], CommandType='"Text"', CommandTimeout='30']
SELECT TOP(1) [a].[Id], [a].[ConcurrencyStamp], [a].[Name], [a].[NormalizedName]
FROM [AspNetRoles] AS [a]
WHERE [a].[NormalizedName] = @normalizedName
2026-08-15 03:19:35.686 +03:00 [INF] Executed DbCommand (4ms) [Parameters=[@normalizedEmail='?' (Size = 256)], CommandType='"Text"', CommandTimeout='30']
SELECT TOP(2) [a].[Id], [a].[AccessFailedCount], [a].[ConcurrencyStamp], [a].[Email], [a].[EmailConfirmed], [a].[FullName], [a].[LockoutEnabled], [a].[LockoutEnd], [a].[NormalizedEmail], [a].[NormalizedUserName], [a].[PasswordHash], [a].[PhoneNumber], [a].[PhoneNumberConfirmed], [a].[SecurityStamp], [a].[TwoFactorEnabled], [a].[UserName]
FROM [AspNetUsers] AS [a]
WHERE [a].[NormalizedEmail] = @normalizedEmail
2026-08-15 03:19:35.721 +03:00 [INF] CourseHub application started successfully.
2026-08-15 03:19:35.887 +03:00 [INF] Now listening on: https://localhost:7242
2026-08-15 03:19:35.888 +03:00 [INF] Now listening on: http://localhost:5164
2026-08-15 03:19:35.920 +03:00 [INF] Application started. Press Ctrl+C to shut down.
2026-08-15 03:19:35.921 +03:00 [INF] Hosting environment: Development
2026-08-15 03:19:35.922 +03:00 [INF] Content root path: D:\Real Projects\Mvc Projects\CourseHub\CourseHub
2026-08-15 03:19:36.404 +03:00 [INF] Request starting HTTP/2 GET https://localhost:7242/ - null null
2026-08-15 03:19:36.509 +03:00 [INF] Executing endpoint 'CourseHub.Controllers.HomeController.Index (CourseHub)'
2026-08-15 03:19:36.522 +03:00 [INF] Route matched with {action = "Index", controller = "Home"}. Executing controller action with signature System.Threading.Tasks.Task`1[Microsoft.AspNetCore.Mvc.IActionResult] Index() on controller CourseHub.Controllers.HomeController (CourseHub).
2026-08-15 03:19:36.606 +03:00 [INF] Executed DbCommand (3ms) [Parameters=[], CommandType='"Text"', CommandTimeout='30']
SELECT COUNT(*)
FROM [Courses] AS [c]
2026-08-15 03:19:36.615 +03:00 [INF] Executed DbCommand (2ms) [Parameters=[], CommandType='"Text"', CommandTimeout='30']
SELECT COUNT(*)
FROM [Categories] AS [c]
2026-08-15 03:19:36.661 +03:00 [INF] Executing ViewResult, running view Index.
2026-08-15 03:19:36.774 +03:00 [INF] Executed ViewResult - view Index executed in 116.2858ms.
2026-08-15 03:19:36.778 +03:00 [INF] Executed action CourseHub.Controllers.HomeController.Index (CourseHub) in 254.0588ms
2026-08-15 03:19:36.780 +03:00 [INF] Executed endpoint 'CourseHub.Controllers.HomeController.Index (CourseHub)'
2026-08-15 03:19:36.791 +03:00 [INF] Request finished HTTP/2 GET https://localhost:7242/ - 200 null text/html; charset=utf-8 392.7283ms
2026-08-15 03:19:36.808 +03:00 [INF] Request starting HTTP/2 GET https://localhost:7242/_framework/aspnetcore-browser-refresh.js - null null
2026-08-15 03:19:36.816 +03:00 [INF] Request finished HTTP/2 GET https://localhost:7242/_framework/aspnetcore-browser-refresh.js - 200 14923 application/javascript; charset=utf-8 8.4864ms
2026-08-15 03:19:36.834 +03:00 [INF] Request starting HTTP/2 GET https://localhost:7242/_vs/browserLink - null null
2026-08-15 03:19:36.870 +03:00 [INF] Request finished HTTP/2 GET https://localhost:7242/_vs/browserLink - 200 null text/javascript; charset=UTF-8 36.4047ms
2026-08-15 03:19:39.022 +03:00 [INF] Request starting HTTP/2 GET https://localhost:7242/Instructor/Dashboard - null null
2026-08-15 03:19:39.040 +03:00 [INF] Executing endpoint 'CourseHub.Controllers.InstructorController.Dashboard (CourseHub)'
2026-08-15 03:19:39.046 +03:00 [INF] Route matched with {action = "Dashboard", controller = "Instructor"}. Executing controller action with signature System.Threading.Tasks.Task`1[Microsoft.AspNetCore.Mvc.IActionResult] Dashboard() on controller CourseHub.Controllers.InstructorController (CourseHub).
2026-08-15 03:19:39.085 +03:00 [INF] Executed DbCommand (2ms) [Parameters=[@p='?' (Size = 450)], CommandType='"Text"', CommandTimeout='30']
SELECT TOP(1) [a].[Id], [a].[AccessFailedCount], [a].[ConcurrencyStamp], [a].[Email], [a].[EmailConfirmed], [a].[FullName], [a].[LockoutEnabled], [a].[LockoutEnd], [a].[NormalizedEmail], [a].[NormalizedUserName], [a].[PasswordHash], [a].[PhoneNumber], [a].[PhoneNumberConfirmed], [a].[SecurityStamp], [a].[TwoFactorEnabled], [a].[UserName]
FROM [AspNetUsers] AS [a]
WHERE [a].[Id] = @p
2026-08-15 03:19:39.092 +03:00 [INF] Executed DbCommand (2ms) [Parameters=[@user_Id='?' (Size = 450)], CommandType='"Text"', CommandTimeout='30']
SELECT COUNT(*)
FROM [Courses] AS [c]
WHERE [c].[InstructorId] = @user_Id
2026-08-15 03:19:39.129 +03:00 [INF] Executed DbCommand (4ms) [Parameters=[@user_Id='?' (Size = 450)], CommandType='"Text"', CommandTimeout='30']
SELECT COUNT(*)
FROM [Enrollments] AS [e]
INNER JOIN [Courses] AS [c] ON [e].[CourseId] = [c].[Id]
WHERE [c].[InstructorId] = @user_Id
2026-08-15 03:19:39.149 +03:00 [INF] Executed DbCommand (3ms) [Parameters=[@user_Id='?' (Size = 450)], CommandType='"Text"', CommandTimeout='30']
SELECT COUNT(*)
FROM (
    SELECT DISTINCT [e].[StudentId]
    FROM [Enrollments] AS [e]
    INNER JOIN [Courses] AS [c] ON [e].[CourseId] = [c].[Id]
    WHERE [c].[InstructorId] = @user_Id
) AS [s]
2026-08-15 03:19:39.152 +03:00 [INF] Executing ViewResult, running view Dashboard.
2026-08-15 03:19:39.164 +03:00 [INF] Executed ViewResult - view Dashboard executed in 13.0513ms.
2026-08-15 03:19:39.166 +03:00 [INF] Executed action CourseHub.Controllers.InstructorController.Dashboard (CourseHub) in 117.9362ms
2026-08-15 03:19:39.167 +03:00 [INF] Executed endpoint 'CourseHub.Controllers.InstructorController.Dashboard (CourseHub)'
2026-08-15 03:19:39.168 +03:00 [INF] Request finished HTTP/2 GET https://localhost:7242/Instructor/Dashboard - 200 null text/html; charset=utf-8 145.6103ms
2026-08-15 03:19:39.318 +03:00 [INF] Request starting HTTP/2 GET https://localhost:7242/_vs/browserLink - null null
2026-08-15 03:19:39.318 +03:00 [INF] Request starting HTTP/2 GET https://localhost:7242/_framework/aspnetcore-browser-refresh.js - null null
2026-08-15 03:19:39.324 +03:00 [INF] Request finished HTTP/2 GET https://localhost:7242/_framework/aspnetcore-browser-refresh.js - 200 14923 application/javascript; charset=utf-8 5.1823ms
2026-08-15 03:19:39.334 +03:00 [INF] Request finished HTTP/2 GET https://localhost:7242/_vs/browserLink - 200 null text/javascript; charset=UTF-8 16.1178ms
2026-08-15 03:19:40.797 +03:00 [INF] Request starting HTTP/2 GET https://localhost:7242/Instructor/MyCourses - null null
2026-08-15 03:19:40.816 +03:00 [INF] Executing endpoint 'CourseHub.Controllers.InstructorController.MyCourses (CourseHub)'
2026-08-15 03:19:40.822 +03:00 [INF] Route matched with {action = "MyCourses", controller = "Instructor"}. Executing controller action with signature System.Threading.Tasks.Task`1[Microsoft.AspNetCore.Mvc.IActionResult] MyCourses() on controller CourseHub.Controllers.InstructorController (CourseHub).
2026-08-15 03:19:40.828 +03:00 [INF] Executed DbCommand (2ms) [Parameters=[@p='?' (Size = 450)], CommandType='"Text"', CommandTimeout='30']
SELECT TOP(1) [a].[Id], [a].[AccessFailedCount], [a].[ConcurrencyStamp], [a].[Email], [a].[EmailConfirmed], [a].[FullName], [a].[LockoutEnabled], [a].[LockoutEnd], [a].[NormalizedEmail], [a].[NormalizedUserName], [a].[PasswordHash], [a].[PhoneNumber], [a].[PhoneNumberConfirmed], [a].[SecurityStamp], [a].[TwoFactorEnabled], [a].[UserName]
FROM [AspNetUsers] AS [a]
WHERE [a].[Id] = @p
2026-08-15 03:19:40.863 +03:00 [INF] Executed DbCommand (4ms) [Parameters=[@user_Id='?' (Size = 450)], CommandType='"Text"', CommandTimeout='30']
SELECT [c].[Id], [c].[CategoryId], [c].[CreatedAt], [c].[Description], [c].[EnrollmentDeadline], [c].[ImageUrl], [c].[InstructorId], [c].[Price], [c].[Title], [c0].[Id], [c0].[Name]
FROM [Courses] AS [c]
INNER JOIN [Categories] AS [c0] ON [c].[CategoryId] = [c0].[Id]
WHERE [c].[InstructorId] = @user_Id
ORDER BY [c].[CreatedAt] DESC
2026-08-15 03:19:40.871 +03:00 [INF] Executing ViewResult, running view MyCourses.
2026-08-15 03:19:40.885 +03:00 [INF] Executed ViewResult - view MyCourses executed in 13.6378ms.
2026-08-15 03:19:40.886 +03:00 [INF] Executed action CourseHub.Controllers.InstructorController.MyCourses (CourseHub) in 62.6904ms
2026-08-15 03:19:40.887 +03:00 [INF] Executed endpoint 'CourseHub.Controllers.InstructorController.MyCourses (CourseHub)'
2026-08-15 03:19:40.888 +03:00 [INF] Request finished HTTP/2 GET https://localhost:7242/Instructor/MyCourses - 200 null text/html; charset=utf-8 91.2805ms
2026-08-15 03:19:40.921 +03:00 [INF] Request starting HTTP/2 GET https://localhost:7242/images/courses/default-course.jpg - null null
2026-08-15 03:19:40.921 +03:00 [INF] Request starting HTTP/2 GET https://localhost:7242/_vs/browserLink - null null
2026-08-15 03:19:40.921 +03:00 [INF] Request starting HTTP/2 GET https://localhost:7242/_framework/aspnetcore-browser-refresh.js - null null
2026-08-15 03:19:40.927 +03:00 [INF] Request finished HTTP/2 GET https://localhost:7242/_framework/aspnetcore-browser-refresh.js - 200 14923 application/javascript; charset=utf-8 5.1993ms
2026-08-15 03:19:40.955 +03:00 [INF] The file /images/courses/default-course.jpg was not modified
2026-08-15 03:19:40.955 +03:00 [INF] Request finished HTTP/2 GET https://localhost:7242/_vs/browserLink - 200 null text/javascript; charset=UTF-8 33.8651ms
2026-08-15 03:19:40.956 +03:00 [INF] Request finished HTTP/2 GET https://localhost:7242/images/courses/default-course.jpg - 304 null image/jpeg 35.187ms
2026-08-15 03:19:42.010 +03:00 [INF] Request starting HTTP/2 GET https://localhost:7242/Courses/Create - null null
2026-08-15 03:19:42.015 +03:00 [INF] Executing endpoint 'CourseHub.Controllers.CoursesController.Create (CourseHub)'
2026-08-15 03:19:42.021 +03:00 [INF] Route matched with {action = "Create", controller = "Courses"}. Executing controller action with signature System.Threading.Tasks.Task`1[Microsoft.AspNetCore.Mvc.IActionResult] Create() on controller CourseHub.Controllers.CoursesController (CourseHub).
2026-08-15 03:19:42.117 +03:00 [WRN] You do not have a valid license key for the Lucky Penny software AutoMapper. This is allowed for development and testing scenarios. If you are running in production you are required to have a licensed version. Please visit https://luckypennysoftware.com to obtain a valid license.
2026-08-15 03:19:42.129 +03:00 [INF] Executed DbCommand (2ms) [Parameters=[], CommandType='"Text"', CommandTimeout='30']
SELECT CONVERT(varchar(11), [c].[Id]) AS [Value], [c].[Name] AS [Text]
FROM [Categories] AS [c]
ORDER BY [c].[Name]
2026-08-15 03:19:42.133 +03:00 [INF] Executing ViewResult, running view Create.
2026-08-15 03:19:42.189 +03:00 [INF] Executed ViewResult - view Create executed in 55.8938ms.
2026-08-15 03:19:42.190 +03:00 [INF] Executed action CourseHub.Controllers.CoursesController.Create (CourseHub) in 167.5645ms
2026-08-15 03:19:42.191 +03:00 [INF] Executed endpoint 'CourseHub.Controllers.CoursesController.Create (CourseHub)'
2026-08-15 03:19:42.192 +03:00 [INF] Request finished HTTP/2 GET https://localhost:7242/Courses/Create - 200 null text/html; charset=utf-8 181.6512ms
2026-08-15 03:19:42.236 +03:00 [INF] Request starting HTTP/2 GET https://localhost:7242/_vs/browserLink - null null
2026-08-15 03:19:42.236 +03:00 [INF] Request starting HTTP/2 GET https://localhost:7242/_framework/aspnetcore-browser-refresh.js - null null
2026-08-15 03:19:42.241 +03:00 [INF] Request finished HTTP/2 GET https://localhost:7242/_framework/aspnetcore-browser-refresh.js - 200 14923 application/javascript; charset=utf-8 5.2507ms
2026-08-15 03:19:42.244 +03:00 [INF] Request finished HTTP/2 GET https://localhost:7242/_vs/browserLink - 200 null text/javascript; charset=UTF-8 7.4557ms
2026-08-15 03:19:51.193 +03:00 [INF] Request starting HTTP/2 POST https://localhost:7242/Courses/Create - multipart/form-data; boundary=----WebKitFormBoundary5PRiQFuf5Q582iNK 1243
2026-08-15 03:19:51.199 +03:00 [INF] Executing endpoint 'CourseHub.Controllers.CoursesController.Create (CourseHub)'
2026-08-15 03:19:51.212 +03:00 [INF] Route matched with {action = "Create", controller = "Courses"}. Executing controller action with signature System.Threading.Tasks.Task`1[Microsoft.AspNetCore.Mvc.IActionResult] Create(CourseHub.ViewModels.CreateCourseViewModel) on controller CourseHub.Controllers.CoursesController (CourseHub).
2026-08-15 03:19:51.240 +03:00 [INF] ========== CREATE COURSE POST START ==========
2026-08-15 03:19:51.241 +03:00 [INF] Title: bbbbbbb
2026-08-15 03:19:51.241 +03:00 [INF] Image Name: null
2026-08-15 03:19:51.242 +03:00 [INF] Image Size: null
2026-08-15 03:19:51.246 +03:00 [INF] Executed DbCommand (2ms) [Parameters=[@p='?' (Size = 450)], CommandType='"Text"', CommandTimeout='30']
SELECT TOP(1) [a].[Id], [a].[AccessFailedCount], [a].[ConcurrencyStamp], [a].[Email], [a].[EmailConfirmed], [a].[FullName], [a].[LockoutEnabled], [a].[LockoutEnd], [a].[NormalizedEmail], [a].[NormalizedUserName], [a].[PasswordHash], [a].[PhoneNumber], [a].[PhoneNumberConfirmed], [a].[SecurityStamp], [a].[TwoFactorEnabled], [a].[UserName]
FROM [AspNetUsers] AS [a]
WHERE [a].[Id] = @p
2026-08-15 03:19:51.252 +03:00 [INF] No image uploaded. Using default image.
2026-08-15 03:19:51.384 +03:00 [INF] Executed DbCommand (4ms) [Parameters=[@p0='?' (DbType = Int32), @p1='?' (DbType = DateTime2), @p2='?' (Size = 2000), @p3='?' (DbType = DateTime2), @p4='?' (Size = 4000), @p5='?' (Size = 450), @p6='?' (Precision = 18) (Scale = 2) (DbType = Decimal), @p7='?' (Size = 150)], CommandType='"Text"', CommandTimeout='30']
SET IMPLICIT_TRANSACTIONS OFF;
SET NOCOUNT ON;
INSERT INTO [Courses] ([CategoryId], [CreatedAt], [Description], [EnrollmentDeadline], [ImageUrl], [InstructorId], [Price], [Title])
OUTPUT INSERTED.[Id]
VALUES (@p0, @p1, @p2, @p3, @p4, @p5, @p6, @p7);
2026-08-15 03:19:51.406 +03:00 [INF] Course created successfully. Id: 19
2026-08-15 03:19:51.408 +03:00 [INF] Executing RedirectResult, redirecting to /Courses.
2026-08-15 03:19:51.409 +03:00 [INF] Executed action CourseHub.Controllers.CoursesController.Create (CourseHub) in 195.7429ms
2026-08-15 03:19:51.410 +03:00 [INF] Executed endpoint 'CourseHub.Controllers.CoursesController.Create (CourseHub)'
2026-08-15 03:19:51.411 +03:00 [INF] Request finished HTTP/2 POST https://localhost:7242/Courses/Create - 302 null null 217.6095ms
2026-08-15 03:19:51.415 +03:00 [INF] Request starting HTTP/2 GET https://localhost:7242/Courses - null null
2026-08-15 03:19:51.418 +03:00 [INF] Executing endpoint 'CourseHub.Controllers.CoursesController.Index (CourseHub)'
2026-08-15 03:19:51.425 +03:00 [INF] Route matched with {action = "Index", controller = "Courses"}. Executing controller action with signature System.Threading.Tasks.Task`1[Microsoft.AspNetCore.Mvc.IActionResult] Index(System.String, System.Nullable`1[System.Int32], Int32) on controller CourseHub.Controllers.CoursesController (CourseHub).
2026-08-15 03:19:51.434 +03:00 [INF] Executed DbCommand (1ms) [Parameters=[], CommandType='"Text"', CommandTimeout='30']
SELECT COUNT(*)
FROM [Courses] AS [c]
2026-08-15 03:19:51.455 +03:00 [INF] Executed DbCommand (4ms) [Parameters=[@p='?' (DbType = Int32), @p1='?' (DbType = Int32)], CommandType='"Text"', CommandTimeout='30']
SELECT [c1].[Id], [c1].[CategoryId], [c1].[CreatedAt], [c1].[Description], [c1].[EnrollmentDeadline], [c1].[ImageUrl], [c1].[InstructorId], [c1].[Price], [c1].[Title], [c0].[Id], [c0].[Name], [a].[Id], [a].[AccessFailedCount], [a].[ConcurrencyStamp], [a].[Email], [a].[EmailConfirmed], [a].[FullName], [a].[LockoutEnabled], [a].[LockoutEnd], [a].[NormalizedEmail], [a].[NormalizedUserName], [a].[PasswordHash], [a].[PhoneNumber], [a].[PhoneNumberConfirmed], [a].[SecurityStamp], [a].[TwoFactorEnabled], [a].[UserName]
FROM (
    SELECT [c].[Id], [c].[CategoryId], [c].[CreatedAt], [c].[Description], [c].[EnrollmentDeadline], [c].[ImageUrl], [c].[InstructorId], [c].[Price], [c].[Title]
    FROM [Courses] AS [c]
    ORDER BY [c].[CreatedAt] DESC
    OFFSET @p ROWS FETCH NEXT @p1 ROWS ONLY
) AS [c1]
INNER JOIN [Categories] AS [c0] ON [c1].[CategoryId] = [c0].[Id]
INNER JOIN [AspNetUsers] AS [a] ON [c1].[InstructorId] = [a].[Id]
ORDER BY [c1].[CreatedAt] DESC
2026-08-15 03:19:51.464 +03:00 [INF] Executed DbCommand (1ms) [Parameters=[], CommandType='"Text"', CommandTimeout='30']
SELECT [c].[Id], [c].[Name]
FROM [Categories] AS [c]
ORDER BY [c].[Name]
2026-08-15 03:19:51.474 +03:00 [INF] Executing ViewResult, running view Index.
2026-08-15 03:19:51.510 +03:00 [INF] Executed ViewResult - view Index executed in 36.2993ms.
2026-08-15 03:19:51.511 +03:00 [INF] Executed action CourseHub.Controllers.CoursesController.Index (CourseHub) in 84.1444ms
2026-08-15 03:19:51.511 +03:00 [INF] Executed endpoint 'CourseHub.Controllers.CoursesController.Index (CourseHub)'
2026-08-15 03:19:51.512 +03:00 [INF] Request finished HTTP/2 GET https://localhost:7242/Courses - 200 null text/html; charset=utf-8 97.6205ms
2026-08-15 03:19:51.581 +03:00 [INF] Request starting HTTP/2 GET https://localhost:7242/_vs/browserLink - null null
2026-08-15 03:19:51.581 +03:00 [INF] Request starting HTTP/2 GET https://localhost:7242/_framework/aspnetcore-browser-refresh.js - null null
2026-08-15 03:19:51.585 +03:00 [INF] Request finished HTTP/2 GET https://localhost:7242/_framework/aspnetcore-browser-refresh.js - 200 14923 application/javascript; charset=utf-8 3.5268ms
2026-08-15 03:19:51.587 +03:00 [INF] Request finished HTTP/2 GET https://localhost:7242/_vs/browserLink - 200 null text/javascript; charset=UTF-8 6.3264ms
2026-08-15 03:19:55.917 +03:00 [INF] Request starting HTTP/2 GET https://localhost:7242/Courses/Create - null null
2026-08-15 03:19:55.922 +03:00 [INF] Executing endpoint 'CourseHub.Controllers.CoursesController.Create (CourseHub)'
2026-08-15 03:19:55.923 +03:00 [INF] Route matched with {action = "Create", controller = "Courses"}. Executing controller action with signature System.Threading.Tasks.Task`1[Microsoft.AspNetCore.Mvc.IActionResult] Create() on controller CourseHub.Controllers.CoursesController (CourseHub).
2026-08-15 03:19:55.927 +03:00 [INF] Executed DbCommand (1ms) [Parameters=[], CommandType='"Text"', CommandTimeout='30']
SELECT CONVERT(varchar(11), [c].[Id]) AS [Value], [c].[Name] AS [Text]
FROM [Categories] AS [c]
ORDER BY [c].[Name]
2026-08-15 03:19:55.929 +03:00 [INF] Executing ViewResult, running view Create.
2026-08-15 03:19:55.932 +03:00 [INF] Executed ViewResult - view Create executed in 3.1741ms.
2026-08-15 03:19:55.933 +03:00 [INF] Executed action CourseHub.Controllers.CoursesController.Create (CourseHub) in 9.1186ms
2026-08-15 03:19:55.934 +03:00 [INF] Executed endpoint 'CourseHub.Controllers.CoursesController.Create (CourseHub)'
2026-08-15 03:19:55.935 +03:00 [INF] Request finished HTTP/2 GET https://localhost:7242/Courses/Create - 200 null text/html; charset=utf-8 18.002ms
2026-08-15 03:19:55.969 +03:00 [INF] Request starting HTTP/2 GET https://localhost:7242/_vs/browserLink - null null
2026-08-15 03:19:55.969 +03:00 [INF] Request starting HTTP/2 GET https://localhost:7242/_framework/aspnetcore-browser-refresh.js - null null
2026-08-15 03:19:55.974 +03:00 [INF] Request finished HTTP/2 GET https://localhost:7242/_framework/aspnetcore-browser-refresh.js - 200 14923 application/javascript; charset=utf-8 4.567ms
2026-08-15 03:19:55.976 +03:00 [INF] Request finished HTTP/2 GET https://localhost:7242/_vs/browserLink - 200 null text/javascript; charset=UTF-8 6.7674ms
2026-08-15 03:26:04.465 +03:00 [INF] Starting CourseHub application...
2026-08-15 03:26:04.927 +03:00 [INF] User profile is available. Using 'C:\Users\ayman\AppData\Local\ASP.NET\DataProtection-Keys' as key repository and Windows DPAPI to encrypt keys at rest.
2026-08-15 03:26:05.503 +03:00 [WRN] No store type was specified for the decimal property 'Price' on entity type 'Course'. This will cause values to be silently truncated if they do not fit in the default precision and scale. Explicitly specify the SQL server column type that can accommodate all the values in 'OnModelCreating' using 'HasColumnType', specify precision and scale using 'HasPrecision', or configure a value converter using 'HasConversion'.
2026-08-15 03:26:06.080 +03:00 [INF] Executed DbCommand (40ms) [Parameters=[@normalizedName='?' (Size = 256)], CommandType='"Text"', CommandTimeout='30']
SELECT TOP(1) [a].[Id], [a].[ConcurrencyStamp], [a].[Name], [a].[NormalizedName]
FROM [AspNetRoles] AS [a]
WHERE [a].[NormalizedName] = @normalizedName
2026-08-15 03:26:06.150 +03:00 [INF] Executed DbCommand (1ms) [Parameters=[@normalizedName='?' (Size = 256)], CommandType='"Text"', CommandTimeout='30']
SELECT TOP(1) [a].[Id], [a].[ConcurrencyStamp], [a].[Name], [a].[NormalizedName]
FROM [AspNetRoles] AS [a]
WHERE [a].[NormalizedName] = @normalizedName
2026-08-15 03:26:06.153 +03:00 [INF] Executed DbCommand (0ms) [Parameters=[@normalizedName='?' (Size = 256)], CommandType='"Text"', CommandTimeout='30']
SELECT TOP(1) [a].[Id], [a].[ConcurrencyStamp], [a].[Name], [a].[NormalizedName]
FROM [AspNetRoles] AS [a]
WHERE [a].[NormalizedName] = @normalizedName
2026-08-15 03:26:06.164 +03:00 [INF] Executed DbCommand (3ms) [Parameters=[@normalizedEmail='?' (Size = 256)], CommandType='"Text"', CommandTimeout='30']
SELECT TOP(2) [a].[Id], [a].[AccessFailedCount], [a].[ConcurrencyStamp], [a].[Email], [a].[EmailConfirmed], [a].[FullName], [a].[LockoutEnabled], [a].[LockoutEnd], [a].[NormalizedEmail], [a].[NormalizedUserName], [a].[PasswordHash], [a].[PhoneNumber], [a].[PhoneNumberConfirmed], [a].[SecurityStamp], [a].[TwoFactorEnabled], [a].[UserName]
FROM [AspNetUsers] AS [a]
WHERE [a].[NormalizedEmail] = @normalizedEmail
2026-08-15 03:26:06.195 +03:00 [INF] CourseHub application started successfully.
2026-08-15 03:26:06.328 +03:00 [INF] Now listening on: https://localhost:7242
2026-08-15 03:26:06.328 +03:00 [INF] Now listening on: http://localhost:5164
2026-08-15 03:26:06.359 +03:00 [INF] Application started. Press Ctrl+C to shut down.
2026-08-15 03:26:06.360 +03:00 [INF] Hosting environment: Development
2026-08-15 03:26:06.361 +03:00 [INF] Content root path: D:\Real Projects\Mvc Projects\CourseHub\CourseHub
2026-08-15 03:26:07.222 +03:00 [INF] Request starting HTTP/2 GET https://localhost:7242/ - null null
2026-08-15 03:26:07.334 +03:00 [INF] Executing endpoint 'CourseHub.Controllers.HomeController.Index (CourseHub)'
2026-08-15 03:26:07.347 +03:00 [INF] Route matched with {action = "Index", controller = "Home"}. Executing controller action with signature System.Threading.Tasks.Task`1[Microsoft.AspNetCore.Mvc.IActionResult] Index() on controller CourseHub.Controllers.HomeController (CourseHub).
2026-08-15 03:26:07.430 +03:00 [INF] Executed DbCommand (2ms) [Parameters=[], CommandType='"Text"', CommandTimeout='30']
SELECT COUNT(*)
FROM [Courses] AS [c]
2026-08-15 03:26:07.437 +03:00 [INF] Executed DbCommand (1ms) [Parameters=[], CommandType='"Text"', CommandTimeout='30']
SELECT COUNT(*)
FROM [Categories] AS [c]
2026-08-15 03:26:07.472 +03:00 [INF] Executing ViewResult, running view Index.
2026-08-15 03:26:07.579 +03:00 [INF] Executed ViewResult - view Index executed in 107.5427ms.
2026-08-15 03:26:07.582 +03:00 [INF] Executed action CourseHub.Controllers.HomeController.Index (CourseHub) in 232.9008ms
2026-08-15 03:26:07.584 +03:00 [INF] Executed endpoint 'CourseHub.Controllers.HomeController.Index (CourseHub)'
2026-08-15 03:26:07.595 +03:00 [INF] Request finished HTTP/2 GET https://localhost:7242/ - 200 null text/html; charset=utf-8 378.8335ms
2026-08-15 03:26:07.606 +03:00 [INF] Request starting HTTP/2 GET https://localhost:7242/_framework/aspnetcore-browser-refresh.js - null null
2026-08-15 03:26:07.608 +03:00 [INF] Request starting HTTP/2 GET https://localhost:7242/_vs/browserLink - null null
2026-08-15 03:26:07.613 +03:00 [INF] Request finished HTTP/2 GET https://localhost:7242/_framework/aspnetcore-browser-refresh.js - 200 14923 application/javascript; charset=utf-8 6.8184ms
2026-08-15 03:26:07.638 +03:00 [INF] Request finished HTTP/2 GET https://localhost:7242/_vs/browserLink - 200 null text/javascript; charset=UTF-8 29.6919ms
2026-08-15 03:26:09.353 +03:00 [INF] Request starting HTTP/2 GET https://localhost:7242/Instructor/Dashboard - null null
2026-08-15 03:26:09.368 +03:00 [INF] Executing endpoint 'CourseHub.Controllers.InstructorController.Dashboard (CourseHub)'
2026-08-15 03:26:09.375 +03:00 [INF] Route matched with {action = "Dashboard", controller = "Instructor"}. Executing controller action with signature System.Threading.Tasks.Task`1[Microsoft.AspNetCore.Mvc.IActionResult] Dashboard() on controller CourseHub.Controllers.InstructorController (CourseHub).
2026-08-15 03:26:09.411 +03:00 [INF] Executed DbCommand (3ms) [Parameters=[@p='?' (Size = 450)], CommandType='"Text"', CommandTimeout='30']
SELECT TOP(1) [a].[Id], [a].[AccessFailedCount], [a].[ConcurrencyStamp], [a].[Email], [a].[EmailConfirmed], [a].[FullName], [a].[LockoutEnabled], [a].[LockoutEnd], [a].[NormalizedEmail], [a].[NormalizedUserName], [a].[PasswordHash], [a].[PhoneNumber], [a].[PhoneNumberConfirmed], [a].[SecurityStamp], [a].[TwoFactorEnabled], [a].[UserName]
FROM [AspNetUsers] AS [a]
WHERE [a].[Id] = @p
2026-08-15 03:26:09.422 +03:00 [INF] Executed DbCommand (2ms) [Parameters=[@user_Id='?' (Size = 450)], CommandType='"Text"', CommandTimeout='30']
SELECT COUNT(*)
FROM [Courses] AS [c]
WHERE [c].[InstructorId] = @user_Id
2026-08-15 03:26:09.454 +03:00 [INF] Executed DbCommand (3ms) [Parameters=[@user_Id='?' (Size = 450)], CommandType='"Text"', CommandTimeout='30']
SELECT COUNT(*)
FROM [Enrollments] AS [e]
INNER JOIN [Courses] AS [c] ON [e].[CourseId] = [c].[Id]
WHERE [c].[InstructorId] = @user_Id
2026-08-15 03:26:09.473 +03:00 [INF] Executed DbCommand (3ms) [Parameters=[@user_Id='?' (Size = 450)], CommandType='"Text"', CommandTimeout='30']
SELECT COUNT(*)
FROM (
    SELECT DISTINCT [e].[StudentId]
    FROM [Enrollments] AS [e]
    INNER JOIN [Courses] AS [c] ON [e].[CourseId] = [c].[Id]
    WHERE [c].[InstructorId] = @user_Id
) AS [s]
2026-08-15 03:26:09.476 +03:00 [INF] Executing ViewResult, running view Dashboard.
2026-08-15 03:26:09.487 +03:00 [INF] Executed ViewResult - view Dashboard executed in 11.8827ms.
2026-08-15 03:26:09.488 +03:00 [INF] Executed action CourseHub.Controllers.InstructorController.Dashboard (CourseHub) in 111.8102ms
2026-08-15 03:26:09.489 +03:00 [INF] Executed endpoint 'CourseHub.Controllers.InstructorController.Dashboard (CourseHub)'
2026-08-15 03:26:09.490 +03:00 [INF] Request finished HTTP/2 GET https://localhost:7242/Instructor/Dashboard - 200 null text/html; charset=utf-8 137.3954ms
2026-08-15 03:26:09.546 +03:00 [INF] Request starting HTTP/2 GET https://localhost:7242/_framework/aspnetcore-browser-refresh.js - null null
2026-08-15 03:26:09.546 +03:00 [INF] Request starting HTTP/2 GET https://localhost:7242/_vs/browserLink - null null
2026-08-15 03:26:09.548 +03:00 [INF] Request finished HTTP/2 GET https://localhost:7242/_framework/aspnetcore-browser-refresh.js - 200 14923 application/javascript; charset=utf-8 2.2015ms
2026-08-15 03:26:09.586 +03:00 [INF] Request finished HTTP/2 GET https://localhost:7242/_vs/browserLink - 200 null text/javascript; charset=UTF-8 40.3529ms
2026-08-15 03:26:10.758 +03:00 [INF] Request starting HTTP/2 GET https://localhost:7242/Instructor/MyCourses - null null
2026-08-15 03:26:10.778 +03:00 [INF] Executing endpoint 'CourseHub.Controllers.InstructorController.MyCourses (CourseHub)'
2026-08-15 03:26:10.784 +03:00 [INF] Route matched with {action = "MyCourses", controller = "Instructor"}. Executing controller action with signature System.Threading.Tasks.Task`1[Microsoft.AspNetCore.Mvc.IActionResult] MyCourses() on controller CourseHub.Controllers.InstructorController (CourseHub).
2026-08-15 03:26:10.788 +03:00 [INF] Executed DbCommand (0ms) [Parameters=[@p='?' (Size = 450)], CommandType='"Text"', CommandTimeout='30']
SELECT TOP(1) [a].[Id], [a].[AccessFailedCount], [a].[ConcurrencyStamp], [a].[Email], [a].[EmailConfirmed], [a].[FullName], [a].[LockoutEnabled], [a].[LockoutEnd], [a].[NormalizedEmail], [a].[NormalizedUserName], [a].[PasswordHash], [a].[PhoneNumber], [a].[PhoneNumberConfirmed], [a].[SecurityStamp], [a].[TwoFactorEnabled], [a].[UserName]
FROM [AspNetUsers] AS [a]
WHERE [a].[Id] = @p
2026-08-15 03:26:10.819 +03:00 [INF] Executed DbCommand (3ms) [Parameters=[@user_Id='?' (Size = 450)], CommandType='"Text"', CommandTimeout='30']
SELECT [c].[Id], [c].[CategoryId], [c].[CreatedAt], [c].[Description], [c].[EnrollmentDeadline], [c].[ImageUrl], [c].[InstructorId], [c].[Price], [c].[Title], [c0].[Id], [c0].[Name]
FROM [Courses] AS [c]
INNER JOIN [Categories] AS [c0] ON [c].[CategoryId] = [c0].[Id]
WHERE [c].[InstructorId] = @user_Id
ORDER BY [c].[CreatedAt] DESC
2026-08-15 03:26:10.827 +03:00 [INF] Executing ViewResult, running view MyCourses.
2026-08-15 03:26:10.841 +03:00 [INF] Executed ViewResult - view MyCourses executed in 14.7494ms.
2026-08-15 03:26:10.842 +03:00 [INF] Executed action CourseHub.Controllers.InstructorController.MyCourses (CourseHub) in 57.2494ms
2026-08-15 03:26:10.843 +03:00 [INF] Executed endpoint 'CourseHub.Controllers.InstructorController.MyCourses (CourseHub)'
2026-08-15 03:26:10.845 +03:00 [INF] Request finished HTTP/2 GET https://localhost:7242/Instructor/MyCourses - 200 null text/html; charset=utf-8 86.9065ms
2026-08-15 03:26:10.880 +03:00 [INF] Request starting HTTP/2 GET https://localhost:7242/_vs/browserLink - null null
2026-08-15 03:26:10.880 +03:00 [INF] Request starting HTTP/2 GET https://localhost:7242/_framework/aspnetcore-browser-refresh.js - null null
2026-08-15 03:26:10.880 +03:00 [INF] Request starting HTTP/2 GET https://localhost:7242/images/courses/default-course.jpg - null null
2026-08-15 03:26:10.883 +03:00 [INF] Request finished HTTP/2 GET https://localhost:7242/_framework/aspnetcore-browser-refresh.js - 200 14923 application/javascript; charset=utf-8 3.7902ms
2026-08-15 03:26:10.888 +03:00 [INF] Request finished HTTP/2 GET https://localhost:7242/_vs/browserLink - 200 null text/javascript; charset=UTF-8 7.9069ms
2026-08-15 03:26:10.891 +03:00 [INF] The file /images/courses/default-course.jpg was not modified
2026-08-15 03:26:10.893 +03:00 [INF] Request finished HTTP/2 GET https://localhost:7242/images/courses/default-course.jpg - 304 null image/jpeg 13.2268ms
2026-08-15 03:26:12.011 +03:00 [INF] Request starting HTTP/2 GET https://localhost:7242/Courses/Create - null null
2026-08-15 03:26:12.015 +03:00 [INF] Executing endpoint 'CourseHub.Controllers.CoursesController.Create (CourseHub)'
2026-08-15 03:26:12.022 +03:00 [INF] Route matched with {action = "Create", controller = "Courses"}. Executing controller action with signature System.Threading.Tasks.Task`1[Microsoft.AspNetCore.Mvc.IActionResult] Create() on controller CourseHub.Controllers.CoursesController (CourseHub).
2026-08-15 03:26:12.114 +03:00 [WRN] You do not have a valid license key for the Lucky Penny software AutoMapper. This is allowed for development and testing scenarios. If you are running in production you are required to have a licensed version. Please visit https://luckypennysoftware.com to obtain a valid license.
2026-08-15 03:26:12.125 +03:00 [INF] Executed DbCommand (1ms) [Parameters=[], CommandType='"Text"', CommandTimeout='30']
SELECT CONVERT(varchar(11), [c].[Id]) AS [Value], [c].[Name] AS [Text]
FROM [Categories] AS [c]
ORDER BY [c].[Name]
2026-08-15 03:26:12.128 +03:00 [INF] Executing ViewResult, running view Create.
2026-08-15 03:26:12.183 +03:00 [INF] Executed ViewResult - view Create executed in 55.7633ms.
2026-08-15 03:26:12.184 +03:00 [INF] Executed action CourseHub.Controllers.CoursesController.Create (CourseHub) in 160.1895ms
2026-08-15 03:26:12.185 +03:00 [INF] Executed endpoint 'CourseHub.Controllers.CoursesController.Create (CourseHub)'
2026-08-15 03:26:12.186 +03:00 [INF] Request finished HTTP/2 GET https://localhost:7242/Courses/Create - 200 null text/html; charset=utf-8 174.6558ms
2026-08-15 03:26:12.223 +03:00 [INF] Request starting HTTP/2 GET https://localhost:7242/_framework/aspnetcore-browser-refresh.js - null null
2026-08-15 03:26:12.223 +03:00 [INF] Request starting HTTP/2 GET https://localhost:7242/_vs/browserLink - null null
2026-08-15 03:26:12.225 +03:00 [INF] Request finished HTTP/2 GET https://localhost:7242/_framework/aspnetcore-browser-refresh.js - 200 14923 application/javascript; charset=utf-8 2.2243ms
2026-08-15 03:26:12.231 +03:00 [INF] Request finished HTTP/2 GET https://localhost:7242/_vs/browserLink - 200 null text/javascript; charset=UTF-8 7.857ms
2026-08-15 18:49:36.163 +03:00 [INF] Starting CourseHub application...
2026-08-15 18:49:37.117 +03:00 [INF] User profile is available. Using 'C:\Users\ayman\AppData\Local\ASP.NET\DataProtection-Keys' as key repository and Windows DPAPI to encrypt keys at rest.
2026-08-15 18:49:38.005 +03:00 [WRN] No store type was specified for the decimal property 'Price' on entity type 'Course'. This will cause values to be silently truncated if they do not fit in the default precision and scale. Explicitly specify the SQL server column type that can accommodate all the values in 'OnModelCreating' using 'HasColumnType', specify precision and scale using 'HasPrecision', or configure a value converter using 'HasConversion'.
2026-08-15 18:49:38.888 +03:00 [INF] Executed DbCommand (93ms) [Parameters=[@normalizedName='?' (Size = 256)], CommandType='"Text"', CommandTimeout='30']
SELECT TOP(1) [a].[Id], [a].[ConcurrencyStamp], [a].[Name], [a].[NormalizedName]
FROM [AspNetRoles] AS [a]
WHERE [a].[NormalizedName] = @normalizedName
2026-08-15 18:49:38.965 +03:00 [INF] Executed DbCommand (2ms) [Parameters=[@normalizedName='?' (Size = 256)], CommandType='"Text"', CommandTimeout='30']
SELECT TOP(1) [a].[Id], [a].[ConcurrencyStamp], [a].[Name], [a].[NormalizedName]
FROM [AspNetRoles] AS [a]
WHERE [a].[NormalizedName] = @normalizedName
2026-08-15 18:49:38.967 +03:00 [INF] Executed DbCommand (0ms) [Parameters=[@normalizedName='?' (Size = 256)], CommandType='"Text"', CommandTimeout='30']
SELECT TOP(1) [a].[Id], [a].[ConcurrencyStamp], [a].[Name], [a].[NormalizedName]
FROM [AspNetRoles] AS [a]
WHERE [a].[NormalizedName] = @normalizedName
2026-08-15 18:49:38.981 +03:00 [INF] Executed DbCommand (3ms) [Parameters=[@normalizedEmail='?' (Size = 256)], CommandType='"Text"', CommandTimeout='30']
SELECT TOP(2) [a].[Id], [a].[AccessFailedCount], [a].[ConcurrencyStamp], [a].[Email], [a].[EmailConfirmed], [a].[FullName], [a].[LockoutEnabled], [a].[LockoutEnd], [a].[NormalizedEmail], [a].[NormalizedUserName], [a].[PasswordHash], [a].[PhoneNumber], [a].[PhoneNumberConfirmed], [a].[SecurityStamp], [a].[TwoFactorEnabled], [a].[UserName]
FROM [AspNetUsers] AS [a]
WHERE [a].[NormalizedEmail] = @normalizedEmail
2026-08-15 18:49:39.013 +03:00 [INF] CourseHub application started successfully.
2026-08-15 18:49:39.288 +03:00 [INF] Now listening on: https://localhost:7242
2026-08-15 18:49:39.288 +03:00 [INF] Now listening on: http://localhost:5164
2026-08-15 18:49:39.324 +03:00 [INF] Application started. Press Ctrl+C to shut down.
2026-08-15 18:49:39.325 +03:00 [INF] Hosting environment: Development
2026-08-15 18:49:39.325 +03:00 [INF] Content root path: D:\Real Projects\Mvc Projects\CourseHub\CourseHub
2026-08-15 18:49:39.785 +03:00 [INF] Request starting HTTP/2 GET https://localhost:7242/ - null null
2026-08-15 18:49:39.993 +03:00 [INF] Executed DbCommand (2ms) [Parameters=[@p='?' (Size = 450)], CommandType='"Text"', CommandTimeout='30']
SELECT TOP(1) [a].[Id], [a].[AccessFailedCount], [a].[ConcurrencyStamp], [a].[Email], [a].[EmailConfirmed], [a].[FullName], [a].[LockoutEnabled], [a].[LockoutEnd], [a].[NormalizedEmail], [a].[NormalizedUserName], [a].[PasswordHash], [a].[PhoneNumber], [a].[PhoneNumberConfirmed], [a].[SecurityStamp], [a].[TwoFactorEnabled], [a].[UserName]
FROM [AspNetUsers] AS [a]
WHERE [a].[Id] = @p
2026-08-15 18:49:40.030 +03:00 [INF] Executed DbCommand (2ms) [Parameters=[@user_Id='?' (Size = 450)], CommandType='"Text"', CommandTimeout='30']
SELECT [a].[Id], [a].[ClaimType], [a].[ClaimValue], [a].[UserId]
FROM [AspNetUserClaims] AS [a]
WHERE [a].[UserId] = @user_Id
2026-08-15 18:49:40.054 +03:00 [INF] Executed DbCommand (3ms) [Parameters=[@userId='?' (Size = 450)], CommandType='"Text"', CommandTimeout='30']
SELECT [a0].[Name]
FROM [AspNetUserRoles] AS [a]
INNER JOIN [AspNetRoles] AS [a0] ON [a].[RoleId] = [a0].[Id]
WHERE [a].[UserId] = @userId
2026-08-15 18:49:40.057 +03:00 [INF] Executed DbCommand (0ms) [Parameters=[@normalizedName='?' (Size = 256)], CommandType='"Text"', CommandTimeout='30']
SELECT TOP(1) [a].[Id], [a].[ConcurrencyStamp], [a].[Name], [a].[NormalizedName]
FROM [AspNetRoles] AS [a]
WHERE [a].[NormalizedName] = @normalizedName
2026-08-15 18:49:40.065 +03:00 [INF] Executed DbCommand (2ms) [Parameters=[@role_Id='?' (Size = 450)], CommandType='"Text"', CommandTimeout='30']
SELECT [a].[ClaimType], [a].[ClaimValue]
FROM [AspNetRoleClaims] AS [a]
WHERE [a].[RoleId] = @role_Id
2026-08-15 18:49:40.076 +03:00 [INF] Executing endpoint 'CourseHub.Controllers.HomeController.Index (CourseHub)'
2026-08-15 18:49:40.093 +03:00 [INF] Route matched with {action = "Index", controller = "Home"}. Executing controller action with signature System.Threading.Tasks.Task`1[Microsoft.AspNetCore.Mvc.IActionResult] Index() on controller CourseHub.Controllers.HomeController (CourseHub).
2026-08-15 18:49:40.126 +03:00 [INF] Executed DbCommand (2ms) [Parameters=[], CommandType='"Text"', CommandTimeout='30']
SELECT COUNT(*)
FROM [Courses] AS [c]
2026-08-15 18:49:40.133 +03:00 [INF] Executed DbCommand (1ms) [Parameters=[], CommandType='"Text"', CommandTimeout='30']
SELECT COUNT(*)
FROM [Categories] AS [c]
2026-08-15 18:49:40.176 +03:00 [INF] Executing ViewResult, running view Index.
2026-08-15 18:49:40.333 +03:00 [INF] Executed ViewResult - view Index executed in 158.2702ms.
2026-08-15 18:49:40.338 +03:00 [INF] Executed action CourseHub.Controllers.HomeController.Index (CourseHub) in 242.3061ms
2026-08-15 18:49:40.339 +03:00 [INF] Executed endpoint 'CourseHub.Controllers.HomeController.Index (CourseHub)'
2026-08-15 18:49:40.349 +03:00 [INF] Request finished HTTP/2 GET https://localhost:7242/ - 200 null text/html; charset=utf-8 571.1673ms
2026-08-15 18:49:40.358 +03:00 [INF] Request starting HTTP/2 GET https://localhost:7242/css/site.css?v=j6fhJSuuyLpOSLuPJU0TsDV0iNjor5S3rDnvxJrt4bg - null null
2026-08-15 18:49:40.359 +03:00 [INF] Request starting HTTP/2 GET https://localhost:7242/js/site.js?v=hRQyftXiu1lLX2P9Ly9xa4gHJgLeR1uGN5qegUobtGo - null null
2026-08-15 18:49:40.358 +03:00 [INF] Request starting HTTP/2 GET https://localhost:7242/lib/jquery/dist/jquery.min.js - null null
2026-08-15 18:49:40.358 +03:00 [INF] Request starting HTTP/2 GET https://localhost:7242/_framework/aspnetcore-browser-refresh.js - null null
2026-08-15 18:49:40.358 +03:00 [INF] Request starting HTTP/2 GET https://localhost:7242/lib/bootstrap/dist/css/bootstrap.min.css - null null
2026-08-15 18:49:40.358 +03:00 [INF] Request starting HTTP/2 GET https://localhost:7242/lib/bootstrap/dist/js/bootstrap.bundle.min.js - null null
2026-08-15 18:49:40.366 +03:00 [INF] The file /css/site.css was not modified
2026-08-15 18:49:40.366 +03:00 [INF] The file /js/site.js was not modified
2026-08-15 18:49:40.366 +03:00 [INF] The file /lib/jquery/dist/jquery.min.js was not modified
2026-08-15 18:49:40.366 +03:00 [INF] The file /lib/bootstrap/dist/css/bootstrap.min.css was not modified
2026-08-15 18:49:40.368 +03:00 [INF] The file /lib/bootstrap/dist/js/bootstrap.bundle.min.js was not modified
2026-08-15 18:49:40.371 +03:00 [INF] Request finished HTTP/2 GET https://localhost:7242/js/site.js?v=hRQyftXiu1lLX2P9Ly9xa4gHJgLeR1uGN5qegUobtGo - 304 null text/javascript 11.9417ms
2026-08-15 18:49:40.371 +03:00 [INF] Request finished HTTP/2 GET https://localhost:7242/lib/jquery/dist/jquery.min.js - 304 null text/javascript 12.2089ms
2026-08-15 18:49:40.371 +03:00 [INF] Request finished HTTP/2 GET https://localhost:7242/css/site.css?v=j6fhJSuuyLpOSLuPJU0TsDV0iNjor5S3rDnvxJrt4bg - 304 null text/css 12.2051ms
2026-08-15 18:49:40.371 +03:00 [INF] Request finished HTTP/2 GET https://localhost:7242/_framework/aspnetcore-browser-refresh.js - 200 14923 application/javascript; charset=utf-8 12.489ms
2026-08-15 18:49:40.371 +03:00 [INF] Request finished HTTP/2 GET https://localhost:7242/lib/bootstrap/dist/css/bootstrap.min.css - 304 null text/css 12.6978ms
2026-08-15 18:49:40.371 +03:00 [INF] Request finished HTTP/2 GET https://localhost:7242/lib/bootstrap/dist/js/bootstrap.bundle.min.js - 304 null text/javascript 13.2431ms
2026-08-15 18:49:40.388 +03:00 [INF] Request starting HTTP/2 GET https://localhost:7242/_vs/browserLink - null null
2026-08-15 18:49:40.417 +03:00 [INF] Request finished HTTP/2 GET https://localhost:7242/_vs/browserLink - 200 null text/javascript; charset=UTF-8 29.8807ms
2026-08-15 18:49:42.981 +03:00 [INF] Request starting HTTP/2 GET https://localhost:7242/Instructor/Dashboard - null null
2026-08-15 18:49:43.001 +03:00 [INF] Executing endpoint 'CourseHub.Controllers.InstructorController.Dashboard (CourseHub)'
2026-08-15 18:49:43.009 +03:00 [INF] Route matched with {action = "Dashboard", controller = "Instructor"}. Executing controller action with signature System.Threading.Tasks.Task`1[Microsoft.AspNetCore.Mvc.IActionResult] Dashboard() on controller CourseHub.Controllers.InstructorController (CourseHub).
2026-08-15 18:49:43.026 +03:00 [INF] Executed DbCommand (1ms) [Parameters=[@p='?' (Size = 450)], CommandType='"Text"', CommandTimeout='30']
SELECT TOP(1) [a].[Id], [a].[AccessFailedCount], [a].[ConcurrencyStamp], [a].[Email], [a].[EmailConfirmed], [a].[FullName], [a].[LockoutEnabled], [a].[LockoutEnd], [a].[NormalizedEmail], [a].[NormalizedUserName], [a].[PasswordHash], [a].[PhoneNumber], [a].[PhoneNumberConfirmed], [a].[SecurityStamp], [a].[TwoFactorEnabled], [a].[UserName]
FROM [AspNetUsers] AS [a]
WHERE [a].[Id] = @p
2026-08-15 18:49:43.033 +03:00 [INF] Executed DbCommand (1ms) [Parameters=[@user_Id='?' (Size = 450)], CommandType='"Text"', CommandTimeout='30']
SELECT COUNT(*)
FROM [Courses] AS [c]
WHERE [c].[InstructorId] = @user_Id
2026-08-15 18:49:43.047 +03:00 [INF] Executed DbCommand (4ms) [Parameters=[@user_Id='?' (Size = 450)], CommandType='"Text"', CommandTimeout='30']
SELECT COUNT(*)
FROM [Enrollments] AS [e]
INNER JOIN [Courses] AS [c] ON [e].[CourseId] = [c].[Id]
WHERE [c].[InstructorId] = @user_Id
2026-08-15 18:49:43.064 +03:00 [INF] Executed DbCommand (4ms) [Parameters=[@user_Id='?' (Size = 450)], CommandType='"Text"', CommandTimeout='30']
SELECT COUNT(*)
FROM (
    SELECT DISTINCT [e].[StudentId]
    FROM [Enrollments] AS [e]
    INNER JOIN [Courses] AS [c] ON [e].[CourseId] = [c].[Id]
    WHERE [c].[InstructorId] = @user_Id
) AS [s]
2026-08-15 18:49:43.067 +03:00 [INF] Executing ViewResult, running view Dashboard.
2026-08-15 18:49:43.080 +03:00 [INF] Executed ViewResult - view Dashboard executed in 13.2906ms.
2026-08-15 18:49:43.081 +03:00 [INF] Executed action CourseHub.Controllers.InstructorController.Dashboard (CourseHub) in 69.7201ms
2026-08-15 18:49:43.081 +03:00 [INF] Executed endpoint 'CourseHub.Controllers.InstructorController.Dashboard (CourseHub)'
2026-08-15 18:49:43.082 +03:00 [INF] Request finished HTTP/2 GET https://localhost:7242/Instructor/Dashboard - 200 null text/html; charset=utf-8 101.1905ms
2026-08-15 18:49:43.130 +03:00 [INF] Request starting HTTP/2 GET https://localhost:7242/_vs/browserLink - null null
2026-08-15 18:49:43.130 +03:00 [INF] Request starting HTTP/2 GET https://localhost:7242/_framework/aspnetcore-browser-refresh.js - null null
2026-08-15 18:49:43.134 +03:00 [INF] Request finished HTTP/2 GET https://localhost:7242/_framework/aspnetcore-browser-refresh.js - 200 14923 application/javascript; charset=utf-8 4.2039ms
2026-08-15 18:49:43.143 +03:00 [INF] Request finished HTTP/2 GET https://localhost:7242/_vs/browserLink - 200 null text/javascript; charset=UTF-8 13.244ms
2026-08-15 18:49:45.039 +03:00 [INF] Request starting HTTP/2 GET https://localhost:7242/Instructor/MyCourses - null null
2026-08-15 18:49:45.060 +03:00 [INF] Executing endpoint 'CourseHub.Controllers.InstructorController.MyCourses (CourseHub)'
2026-08-15 18:49:45.066 +03:00 [INF] Route matched with {action = "MyCourses", controller = "Instructor"}. Executing controller action with signature System.Threading.Tasks.Task`1[Microsoft.AspNetCore.Mvc.IActionResult] MyCourses() on controller CourseHub.Controllers.InstructorController (CourseHub).
2026-08-15 18:49:45.069 +03:00 [INF] Executed DbCommand (1ms) [Parameters=[@p='?' (Size = 450)], CommandType='"Text"', CommandTimeout='30']
SELECT TOP(1) [a].[Id], [a].[AccessFailedCount], [a].[ConcurrencyStamp], [a].[Email], [a].[EmailConfirmed], [a].[FullName], [a].[LockoutEnabled], [a].[LockoutEnd], [a].[NormalizedEmail], [a].[NormalizedUserName], [a].[PasswordHash], [a].[PhoneNumber], [a].[PhoneNumberConfirmed], [a].[SecurityStamp], [a].[TwoFactorEnabled], [a].[UserName]
FROM [AspNetUsers] AS [a]
WHERE [a].[Id] = @p
2026-08-15 18:49:45.101 +03:00 [INF] Executed DbCommand (4ms) [Parameters=[@user_Id='?' (Size = 450)], CommandType='"Text"', CommandTimeout='30']
SELECT [c].[Id], [c].[CategoryId], [c].[CreatedAt], [c].[Description], [c].[EnrollmentDeadline], [c].[ImageUrl], [c].[InstructorId], [c].[Price], [c].[Title], [c0].[Id], [c0].[Name]
FROM [Courses] AS [c]
INNER JOIN [Categories] AS [c0] ON [c].[CategoryId] = [c0].[Id]
WHERE [c].[InstructorId] = @user_Id
ORDER BY [c].[CreatedAt] DESC
2026-08-15 18:49:45.110 +03:00 [INF] Executing ViewResult, running view MyCourses.
2026-08-15 18:49:45.123 +03:00 [INF] Executed ViewResult - view MyCourses executed in 14.2841ms.
2026-08-15 18:49:45.124 +03:00 [INF] Executed action CourseHub.Controllers.InstructorController.MyCourses (CourseHub) in 57.8463ms
2026-08-15 18:49:45.125 +03:00 [INF] Executed endpoint 'CourseHub.Controllers.InstructorController.MyCourses (CourseHub)'
2026-08-15 18:49:45.126 +03:00 [INF] Request finished HTTP/2 GET https://localhost:7242/Instructor/MyCourses - 200 null text/html; charset=utf-8 87.3445ms
2026-08-15 18:49:45.161 +03:00 [INF] Request starting HTTP/2 GET https://localhost:7242/images/courses/default-course.jpg - null null
2026-08-15 18:49:45.161 +03:00 [INF] Request starting HTTP/2 GET https://localhost:7242/_vs/browserLink - null null
2026-08-15 18:49:45.161 +03:00 [INF] Request starting HTTP/2 GET https://localhost:7242/_framework/aspnetcore-browser-refresh.js - null null
2026-08-15 18:49:45.162 +03:00 [INF] The file /images/courses/default-course.jpg was not modified
2026-08-15 18:49:45.166 +03:00 [INF] Request finished HTTP/2 GET https://localhost:7242/_framework/aspnetcore-browser-refresh.js - 200 14923 application/javascript; charset=utf-8 5.5104ms
2026-08-15 18:49:45.166 +03:00 [INF] Request finished HTTP/2 GET https://localhost:7242/images/courses/default-course.jpg - 304 null image/jpeg 5.78ms
2026-08-15 18:49:45.168 +03:00 [INF] Request finished HTTP/2 GET https://localhost:7242/_vs/browserLink - 200 null text/javascript; charset=UTF-8 7.6949ms
2026-08-15 18:49:45.976 +03:00 [INF] Request starting HTTP/2 GET https://localhost:7242/Courses/Create - null null
2026-08-15 18:49:45.981 +03:00 [INF] Executing endpoint 'CourseHub.Controllers.CoursesController.Create (CourseHub)'
2026-08-15 18:49:45.988 +03:00 [INF] Route matched with {action = "Create", controller = "Courses"}. Executing controller action with signature System.Threading.Tasks.Task`1[Microsoft.AspNetCore.Mvc.IActionResult] Create() on controller CourseHub.Controllers.CoursesController (CourseHub).
2026-08-15 18:49:46.083 +03:00 [WRN] You do not have a valid license key for the Lucky Penny software AutoMapper. This is allowed for development and testing scenarios. If you are running in production you are required to have a licensed version. Please visit https://luckypennysoftware.com to obtain a valid license.
2026-08-15 18:49:46.089 +03:00 [INF] Executed DbCommand (1ms) [Parameters=[], CommandType='"Text"', CommandTimeout='30']
SELECT CONVERT(varchar(11), [c].[Id]) AS [Value], [c].[Name] AS [Text]
FROM [Categories] AS [c]
ORDER BY [c].[Name]
2026-08-15 18:49:46.092 +03:00 [INF] Executing ViewResult, running view Create.
2026-08-15 18:49:46.153 +03:00 [INF] Executed ViewResult - view Create executed in 61.457ms.
2026-08-15 18:49:46.154 +03:00 [INF] Executed action CourseHub.Controllers.CoursesController.Create (CourseHub) in 164.7379ms
2026-08-15 18:49:46.155 +03:00 [INF] Executed endpoint 'CourseHub.Controllers.CoursesController.Create (CourseHub)'
2026-08-15 18:49:46.155 +03:00 [INF] Request finished HTTP/2 GET https://localhost:7242/Courses/Create - 200 null text/html; charset=utf-8 179.0967ms
2026-08-15 18:49:46.210 +03:00 [INF] Request starting HTTP/2 GET https://localhost:7242/_framework/aspnetcore-browser-refresh.js - null null
2026-08-15 18:49:46.210 +03:00 [INF] Request starting HTTP/2 GET https://localhost:7242/lib/jquery-validation-unobtrusive/dist/jquery.validate.unobtrusive.min.js - null null
2026-08-15 18:49:46.210 +03:00 [INF] Request starting HTTP/2 GET https://localhost:7242/lib/jquery-validation/dist/jquery.validate.min.js - null null
2026-08-15 18:49:46.211 +03:00 [INF] Request starting HTTP/2 GET https://localhost:7242/_vs/browserLink - null null
2026-08-15 18:49:46.212 +03:00 [INF] Request finished HTTP/2 GET https://localhost:7242/_framework/aspnetcore-browser-refresh.js - 200 14923 application/javascript; charset=utf-8 2.008ms
2026-08-15 18:49:46.215 +03:00 [INF] The file /lib/jquery-validation/dist/jquery.validate.min.js was not modified
2026-08-15 18:49:46.214 +03:00 [INF] The file /lib/jquery-validation-unobtrusive/dist/jquery.validate.unobtrusive.min.js was not modified
2026-08-15 18:49:46.220 +03:00 [INF] Request finished HTTP/2 GET https://localhost:7242/lib/jquery-validation/dist/jquery.validate.min.js - 304 null text/javascript 9.3334ms
2026-08-15 18:49:46.220 +03:00 [INF] Request finished HTTP/2 GET https://localhost:7242/lib/jquery-validation-unobtrusive/dist/jquery.validate.unobtrusive.min.js - 304 null text/javascript 9.8862ms
2026-08-15 18:49:46.221 +03:00 [INF] Request finished HTTP/2 GET https://localhost:7242/_vs/browserLink - 200 null text/javascript; charset=UTF-8 10.2774ms
2026-08-15 18:50:15.095 +03:00 [INF] Starting CourseHub application...
2026-08-15 18:50:15.561 +03:00 [INF] User profile is available. Using 'C:\Users\ayman\AppData\Local\ASP.NET\DataProtection-Keys' as key repository and Windows DPAPI to encrypt keys at rest.
2026-08-15 18:50:16.028 +03:00 [WRN] No store type was specified for the decimal property 'Price' on entity type 'Course'. This will cause values to be silently truncated if they do not fit in the default precision and scale. Explicitly specify the SQL server column type that can accommodate all the values in 'OnModelCreating' using 'HasColumnType', specify precision and scale using 'HasPrecision', or configure a value converter using 'HasConversion'.
2026-08-15 18:50:16.595 +03:00 [INF] Executed DbCommand (43ms) [Parameters=[@normalizedName='?' (Size = 256)], CommandType='"Text"', CommandTimeout='30']
SELECT TOP(1) [a].[Id], [a].[ConcurrencyStamp], [a].[Name], [a].[NormalizedName]
FROM [AspNetRoles] AS [a]
WHERE [a].[NormalizedName] = @normalizedName
2026-08-15 18:50:16.663 +03:00 [INF] Executed DbCommand (1ms) [Parameters=[@normalizedName='?' (Size = 256)], CommandType='"Text"', CommandTimeout='30']
SELECT TOP(1) [a].[Id], [a].[ConcurrencyStamp], [a].[Name], [a].[NormalizedName]
FROM [AspNetRoles] AS [a]
WHERE [a].[NormalizedName] = @normalizedName
2026-08-15 18:50:16.666 +03:00 [INF] Executed DbCommand (0ms) [Parameters=[@normalizedName='?' (Size = 256)], CommandType='"Text"', CommandTimeout='30']
SELECT TOP(1) [a].[Id], [a].[ConcurrencyStamp], [a].[Name], [a].[NormalizedName]
FROM [AspNetRoles] AS [a]
WHERE [a].[NormalizedName] = @normalizedName
2026-08-15 18:50:16.679 +03:00 [INF] Executed DbCommand (3ms) [Parameters=[@normalizedEmail='?' (Size = 256)], CommandType='"Text"', CommandTimeout='30']
SELECT TOP(2) [a].[Id], [a].[AccessFailedCount], [a].[ConcurrencyStamp], [a].[Email], [a].[EmailConfirmed], [a].[FullName], [a].[LockoutEnabled], [a].[LockoutEnd], [a].[NormalizedEmail], [a].[NormalizedUserName], [a].[PasswordHash], [a].[PhoneNumber], [a].[PhoneNumberConfirmed], [a].[SecurityStamp], [a].[TwoFactorEnabled], [a].[UserName]
FROM [AspNetUsers] AS [a]
WHERE [a].[NormalizedEmail] = @normalizedEmail
2026-08-15 18:50:16.714 +03:00 [INF] CourseHub application started successfully.
2026-08-15 18:50:16.871 +03:00 [INF] Now listening on: https://localhost:7242
2026-08-15 18:50:16.872 +03:00 [INF] Now listening on: http://localhost:5164
2026-08-15 18:50:16.918 +03:00 [INF] Application started. Press Ctrl+C to shut down.
2026-08-15 18:50:16.919 +03:00 [INF] Hosting environment: Development
2026-08-15 18:50:16.919 +03:00 [INF] Content root path: D:\Real Projects\Mvc Projects\CourseHub\CourseHub
2026-08-15 18:50:17.724 +03:00 [INF] Request starting HTTP/2 GET https://localhost:7242/ - null null
2026-08-15 18:50:17.841 +03:00 [INF] Executing endpoint 'CourseHub.Controllers.HomeController.Index (CourseHub)'
2026-08-15 18:50:17.855 +03:00 [INF] Route matched with {action = "Index", controller = "Home"}. Executing controller action with signature System.Threading.Tasks.Task`1[Microsoft.AspNetCore.Mvc.IActionResult] Index() on controller CourseHub.Controllers.HomeController (CourseHub).
2026-08-15 18:50:17.940 +03:00 [INF] Executed DbCommand (3ms) [Parameters=[], CommandType='"Text"', CommandTimeout='30']
SELECT COUNT(*)
FROM [Courses] AS [c]
2026-08-15 18:50:17.948 +03:00 [INF] Executed DbCommand (1ms) [Parameters=[], CommandType='"Text"', CommandTimeout='30']
SELECT COUNT(*)
FROM [Categories] AS [c]
2026-08-15 18:50:17.984 +03:00 [INF] Executing ViewResult, running view Index.
2026-08-15 18:50:18.095 +03:00 [INF] Executed ViewResult - view Index executed in 110.9988ms.
2026-08-15 18:50:18.099 +03:00 [INF] Executed action CourseHub.Controllers.HomeController.Index (CourseHub) in 241.3306ms
2026-08-15 18:50:18.100 +03:00 [INF] Executed endpoint 'CourseHub.Controllers.HomeController.Index (CourseHub)'
2026-08-15 18:50:18.111 +03:00 [INF] Request finished HTTP/2 GET https://localhost:7242/ - 200 null text/html; charset=utf-8 393.0277ms
2026-08-15 18:50:18.123 +03:00 [INF] Request starting HTTP/2 GET https://localhost:7242/_vs/browserLink - null null
2026-08-15 18:50:18.123 +03:00 [INF] Request starting HTTP/2 GET https://localhost:7242/_framework/aspnetcore-browser-refresh.js - null null
2026-08-15 18:50:18.131 +03:00 [INF] Request finished HTTP/2 GET https://localhost:7242/_framework/aspnetcore-browser-refresh.js - 200 14923 application/javascript; charset=utf-8 8.5995ms
2026-08-15 18:50:18.156 +03:00 [INF] Request finished HTTP/2 GET https://localhost:7242/_vs/browserLink - 200 null text/javascript; charset=UTF-8 32.8323ms
2026-08-15 18:50:21.370 +03:00 [INF] Request starting HTTP/2 GET https://localhost:7242/Instructor/Dashboard - null null
2026-08-15 18:50:21.386 +03:00 [INF] Executing endpoint 'CourseHub.Controllers.InstructorController.Dashboard (CourseHub)'
2026-08-15 18:50:21.392 +03:00 [INF] Route matched with {action = "Dashboard", controller = "Instructor"}. Executing controller action with signature System.Threading.Tasks.Task`1[Microsoft.AspNetCore.Mvc.IActionResult] Dashboard() on controller CourseHub.Controllers.InstructorController (CourseHub).
2026-08-15 18:50:21.423 +03:00 [INF] Executed DbCommand (1ms) [Parameters=[@p='?' (Size = 450)], CommandType='"Text"', CommandTimeout='30']
SELECT TOP(1) [a].[Id], [a].[AccessFailedCount], [a].[ConcurrencyStamp], [a].[Email], [a].[EmailConfirmed], [a].[FullName], [a].[LockoutEnabled], [a].[LockoutEnd], [a].[NormalizedEmail], [a].[NormalizedUserName], [a].[PasswordHash], [a].[PhoneNumber], [a].[PhoneNumberConfirmed], [a].[SecurityStamp], [a].[TwoFactorEnabled], [a].[UserName]
FROM [AspNetUsers] AS [a]
WHERE [a].[Id] = @p
2026-08-15 18:50:21.429 +03:00 [INF] Executed DbCommand (1ms) [Parameters=[@user_Id='?' (Size = 450)], CommandType='"Text"', CommandTimeout='30']
SELECT COUNT(*)
FROM [Courses] AS [c]
WHERE [c].[InstructorId] = @user_Id
2026-08-15 18:50:21.459 +03:00 [INF] Executed DbCommand (4ms) [Parameters=[@user_Id='?' (Size = 450)], CommandType='"Text"', CommandTimeout='30']
SELECT COUNT(*)
FROM [Enrollments] AS [e]
INNER JOIN [Courses] AS [c] ON [e].[CourseId] = [c].[Id]
WHERE [c].[InstructorId] = @user_Id
2026-08-15 18:50:21.476 +03:00 [INF] Executed DbCommand (3ms) [Parameters=[@user_Id='?' (Size = 450)], CommandType='"Text"', CommandTimeout='30']
SELECT COUNT(*)
FROM (
    SELECT DISTINCT [e].[StudentId]
    FROM [Enrollments] AS [e]
    INNER JOIN [Courses] AS [c] ON [e].[CourseId] = [c].[Id]
    WHERE [c].[InstructorId] = @user_Id
) AS [s]
2026-08-15 18:50:21.479 +03:00 [INF] Executing ViewResult, running view Dashboard.
2026-08-15 18:50:21.489 +03:00 [INF] Executed ViewResult - view Dashboard executed in 10.6974ms.
2026-08-15 18:50:21.490 +03:00 [INF] Executed action CourseHub.Controllers.InstructorController.Dashboard (CourseHub) in 96.7382ms
2026-08-15 18:50:21.491 +03:00 [INF] Executed endpoint 'CourseHub.Controllers.InstructorController.Dashboard (CourseHub)'
2026-08-15 18:50:21.492 +03:00 [INF] Request finished HTTP/2 GET https://localhost:7242/Instructor/Dashboard - 200 null text/html; charset=utf-8 121.9017ms
2026-08-15 18:50:21.528 +03:00 [INF] Request starting HTTP/2 GET https://localhost:7242/_framework/aspnetcore-browser-refresh.js - null null
2026-08-15 18:50:21.528 +03:00 [INF] Request starting HTTP/2 GET https://localhost:7242/_vs/browserLink - null null
2026-08-15 18:50:21.530 +03:00 [INF] Request finished HTTP/2 GET https://localhost:7242/_framework/aspnetcore-browser-refresh.js - 200 14923 application/javascript; charset=utf-8 2.0247ms
2026-08-15 18:50:21.541 +03:00 [INF] Request finished HTTP/2 GET https://localhost:7242/_vs/browserLink - 200 null text/javascript; charset=UTF-8 13.5044ms
2026-08-15 18:50:23.658 +03:00 [INF] Request starting HTTP/2 GET https://localhost:7242/Instructor/MyCourses - null null
2026-08-15 18:50:23.683 +03:00 [INF] Executing endpoint 'CourseHub.Controllers.InstructorController.MyCourses (CourseHub)'
2026-08-15 18:50:23.690 +03:00 [INF] Route matched with {action = "MyCourses", controller = "Instructor"}. Executing controller action with signature System.Threading.Tasks.Task`1[Microsoft.AspNetCore.Mvc.IActionResult] MyCourses() on controller CourseHub.Controllers.InstructorController (CourseHub).
2026-08-15 18:50:23.700 +03:00 [INF] Executed DbCommand (4ms) [Parameters=[@p='?' (Size = 450)], CommandType='"Text"', CommandTimeout='30']
SELECT TOP(1) [a].[Id], [a].[AccessFailedCount], [a].[ConcurrencyStamp], [a].[Email], [a].[EmailConfirmed], [a].[FullName], [a].[LockoutEnabled], [a].[LockoutEnd], [a].[NormalizedEmail], [a].[NormalizedUserName], [a].[PasswordHash], [a].[PhoneNumber], [a].[PhoneNumberConfirmed], [a].[SecurityStamp], [a].[TwoFactorEnabled], [a].[UserName]
FROM [AspNetUsers] AS [a]
WHERE [a].[Id] = @p
2026-08-15 18:50:23.749 +03:00 [INF] Executed DbCommand (6ms) [Parameters=[@user_Id='?' (Size = 450)], CommandType='"Text"', CommandTimeout='30']
SELECT [c].[Id], [c].[CategoryId], [c].[CreatedAt], [c].[Description], [c].[EnrollmentDeadline], [c].[ImageUrl], [c].[InstructorId], [c].[Price], [c].[Title], [c0].[Id], [c0].[Name]
FROM [Courses] AS [c]
INNER JOIN [Categories] AS [c0] ON [c].[CategoryId] = [c0].[Id]
WHERE [c].[InstructorId] = @user_Id
ORDER BY [c].[CreatedAt] DESC
2026-08-15 18:50:23.758 +03:00 [INF] Executing ViewResult, running view MyCourses.
2026-08-15 18:50:23.772 +03:00 [INF] Executed ViewResult - view MyCourses executed in 15.2856ms.
2026-08-15 18:50:23.774 +03:00 [INF] Executed action CourseHub.Controllers.InstructorController.MyCourses (CourseHub) in 81.3703ms
2026-08-15 18:50:23.775 +03:00 [INF] Executed endpoint 'CourseHub.Controllers.InstructorController.MyCourses (CourseHub)'
2026-08-15 18:50:23.776 +03:00 [INF] Request finished HTTP/2 GET https://localhost:7242/Instructor/MyCourses - 200 null text/html; charset=utf-8 117.7525ms
2026-08-15 18:50:23.830 +03:00 [INF] Request starting HTTP/2 GET https://localhost:7242/_vs/browserLink - null null
2026-08-15 18:50:23.831 +03:00 [INF] Request starting HTTP/2 GET https://localhost:7242/_framework/aspnetcore-browser-refresh.js - null null
2026-08-15 18:50:23.834 +03:00 [INF] Request finished HTTP/2 GET https://localhost:7242/_framework/aspnetcore-browser-refresh.js - 200 14923 application/javascript; charset=utf-8 2.4058ms
2026-08-15 18:50:23.835 +03:00 [INF] Request finished HTTP/2 GET https://localhost:7242/_vs/browserLink - 200 null text/javascript; charset=UTF-8 5.9057ms
2026-08-15 18:50:25.703 +03:00 [INF] Request starting HTTP/2 GET https://localhost:7242/Courses/Create - null null
2026-08-15 18:50:25.708 +03:00 [INF] Executing endpoint 'CourseHub.Controllers.CoursesController.Create (CourseHub)'
2026-08-15 18:50:25.713 +03:00 [INF] Route matched with {action = "Create", controller = "Courses"}. Executing controller action with signature System.Threading.Tasks.Task`1[Microsoft.AspNetCore.Mvc.IActionResult] Create() on controller CourseHub.Controllers.CoursesController (CourseHub).
2026-08-15 18:50:25.821 +03:00 [WRN] You do not have a valid license key for the Lucky Penny software AutoMapper. This is allowed for development and testing scenarios. If you are running in production you are required to have a licensed version. Please visit https://luckypennysoftware.com to obtain a valid license.
2026-08-15 18:50:25.834 +03:00 [INF] Executed DbCommand (2ms) [Parameters=[], CommandType='"Text"', CommandTimeout='30']
SELECT CONVERT(varchar(11), [c].[Id]) AS [Value], [c].[Name] AS [Text]
FROM [Categories] AS [c]
ORDER BY [c].[Name]
2026-08-15 18:50:25.837 +03:00 [INF] Executing ViewResult, running view Create.
2026-08-15 18:50:25.915 +03:00 [INF] Executed ViewResult - view Create executed in 78.7376ms.
2026-08-15 18:50:25.916 +03:00 [INF] Executed action CourseHub.Controllers.CoursesController.Create (CourseHub) in 201.9099ms
2026-08-15 18:50:25.917 +03:00 [INF] Executed endpoint 'CourseHub.Controllers.CoursesController.Create (CourseHub)'
2026-08-15 18:50:25.918 +03:00 [INF] Request finished HTTP/2 GET https://localhost:7242/Courses/Create - 200 null text/html; charset=utf-8 214.7141ms
2026-08-15 18:50:26.020 +03:00 [INF] Request starting HTTP/2 GET https://localhost:7242/_framework/aspnetcore-browser-refresh.js - null null
2026-08-15 18:50:26.022 +03:00 [INF] Request finished HTTP/2 GET https://localhost:7242/_framework/aspnetcore-browser-refresh.js - 200 14923 application/javascript; charset=utf-8 1.9879ms
2026-08-15 18:50:26.022 +03:00 [INF] Request starting HTTP/2 GET https://localhost:7242/_vs/browserLink - null null
2026-08-15 18:50:26.029 +03:00 [INF] Request finished HTTP/2 GET https://localhost:7242/_vs/browserLink - 200 null text/javascript; charset=UTF-8 6.26ms
2026-08-15 18:53:26.025 +03:00 [INF] Starting CourseHub application...
2026-08-15 18:53:26.484 +03:00 [INF] User profile is available. Using 'C:\Users\ayman\AppData\Local\ASP.NET\DataProtection-Keys' as key repository and Windows DPAPI to encrypt keys at rest.
2026-08-15 18:53:26.957 +03:00 [WRN] No store type was specified for the decimal property 'Price' on entity type 'Course'. This will cause values to be silently truncated if they do not fit in the default precision and scale. Explicitly specify the SQL server column type that can accommodate all the values in 'OnModelCreating' using 'HasColumnType', specify precision and scale using 'HasPrecision', or configure a value converter using 'HasConversion'.
2026-08-15 18:53:27.540 +03:00 [INF] Executed DbCommand (49ms) [Parameters=[@normalizedName='?' (Size = 256)], CommandType='"Text"', CommandTimeout='30']
SELECT TOP(1) [a].[Id], [a].[ConcurrencyStamp], [a].[Name], [a].[NormalizedName]
FROM [AspNetRoles] AS [a]
WHERE [a].[NormalizedName] = @normalizedName
2026-08-15 18:53:27.615 +03:00 [INF] Executed DbCommand (2ms) [Parameters=[@normalizedName='?' (Size = 256)], CommandType='"Text"', CommandTimeout='30']
SELECT TOP(1) [a].[Id], [a].[ConcurrencyStamp], [a].[Name], [a].[NormalizedName]
FROM [AspNetRoles] AS [a]
WHERE [a].[NormalizedName] = @normalizedName
2026-08-15 18:53:27.618 +03:00 [INF] Executed DbCommand (0ms) [Parameters=[@normalizedName='?' (Size = 256)], CommandType='"Text"', CommandTimeout='30']
SELECT TOP(1) [a].[Id], [a].[ConcurrencyStamp], [a].[Name], [a].[NormalizedName]
FROM [AspNetRoles] AS [a]
WHERE [a].[NormalizedName] = @normalizedName
2026-08-15 18:53:27.632 +03:00 [INF] Executed DbCommand (4ms) [Parameters=[@normalizedEmail='?' (Size = 256)], CommandType='"Text"', CommandTimeout='30']
SELECT TOP(2) [a].[Id], [a].[AccessFailedCount], [a].[ConcurrencyStamp], [a].[Email], [a].[EmailConfirmed], [a].[FullName], [a].[LockoutEnabled], [a].[LockoutEnd], [a].[NormalizedEmail], [a].[NormalizedUserName], [a].[PasswordHash], [a].[PhoneNumber], [a].[PhoneNumberConfirmed], [a].[SecurityStamp], [a].[TwoFactorEnabled], [a].[UserName]
FROM [AspNetUsers] AS [a]
WHERE [a].[NormalizedEmail] = @normalizedEmail
2026-08-15 18:53:27.677 +03:00 [INF] CourseHub application started successfully.
2026-08-15 18:53:27.875 +03:00 [INF] Now listening on: https://localhost:7242
2026-08-15 18:53:27.875 +03:00 [INF] Now listening on: http://localhost:5164
2026-08-15 18:53:27.910 +03:00 [INF] Application started. Press Ctrl+C to shut down.
2026-08-15 18:53:27.910 +03:00 [INF] Hosting environment: Development
2026-08-15 18:53:27.911 +03:00 [INF] Content root path: D:\Real Projects\Mvc Projects\CourseHub\CourseHub
2026-08-15 18:53:28.163 +03:00 [INF] Request starting HTTP/2 GET https://localhost:7242/ - null null
2026-08-15 18:53:28.284 +03:00 [INF] Executing endpoint 'CourseHub.Controllers.HomeController.Index (CourseHub)'
2026-08-15 18:53:28.298 +03:00 [INF] Route matched with {action = "Index", controller = "Home"}. Executing controller action with signature System.Threading.Tasks.Task`1[Microsoft.AspNetCore.Mvc.IActionResult] Index() on controller CourseHub.Controllers.HomeController (CourseHub).
2026-08-15 18:53:28.381 +03:00 [INF] Executed DbCommand (3ms) [Parameters=[], CommandType='"Text"', CommandTimeout='30']
SELECT COUNT(*)
FROM [Courses] AS [c]
2026-08-15 18:53:28.388 +03:00 [INF] Executed DbCommand (1ms) [Parameters=[], CommandType='"Text"', CommandTimeout='30']
SELECT COUNT(*)
FROM [Categories] AS [c]
2026-08-15 18:53:28.425 +03:00 [INF] Executing ViewResult, running view Index.
2026-08-15 18:53:28.535 +03:00 [INF] Executed ViewResult - view Index executed in 111.4263ms.
2026-08-15 18:53:28.539 +03:00 [INF] Executed action CourseHub.Controllers.HomeController.Index (CourseHub) in 239.0827ms
2026-08-15 18:53:28.541 +03:00 [INF] Executed endpoint 'CourseHub.Controllers.HomeController.Index (CourseHub)'
2026-08-15 18:53:28.551 +03:00 [INF] Request finished HTTP/2 GET https://localhost:7242/ - 200 null text/html; charset=utf-8 394.2022ms
2026-08-15 18:53:28.568 +03:00 [INF] Request starting HTTP/2 GET https://localhost:7242/_framework/aspnetcore-browser-refresh.js - null null
2026-08-15 18:53:28.568 +03:00 [INF] Request starting HTTP/2 GET https://localhost:7242/_vs/browserLink - null null
2026-08-15 18:53:28.575 +03:00 [INF] Request finished HTTP/2 GET https://localhost:7242/_framework/aspnetcore-browser-refresh.js - 200 14923 application/javascript; charset=utf-8 6.6149ms
2026-08-15 18:53:28.632 +03:00 [INF] Request finished HTTP/2 GET https://localhost:7242/_vs/browserLink - 200 null text/javascript; charset=UTF-8 63.2511ms
2026-08-15 18:53:29.918 +03:00 [INF] Request starting HTTP/2 GET https://localhost:7242/Instructor/Dashboard - null null
2026-08-15 18:53:29.934 +03:00 [INF] Executing endpoint 'CourseHub.Controllers.InstructorController.Dashboard (CourseHub)'
2026-08-15 18:53:29.941 +03:00 [INF] Route matched with {action = "Dashboard", controller = "Instructor"}. Executing controller action with signature System.Threading.Tasks.Task`1[Microsoft.AspNetCore.Mvc.IActionResult] Dashboard() on controller CourseHub.Controllers.InstructorController (CourseHub).
2026-08-15 18:53:29.976 +03:00 [INF] Executed DbCommand (2ms) [Parameters=[@p='?' (Size = 450)], CommandType='"Text"', CommandTimeout='30']
SELECT TOP(1) [a].[Id], [a].[AccessFailedCount], [a].[ConcurrencyStamp], [a].[Email], [a].[EmailConfirmed], [a].[FullName], [a].[LockoutEnabled], [a].[LockoutEnd], [a].[NormalizedEmail], [a].[NormalizedUserName], [a].[PasswordHash], [a].[PhoneNumber], [a].[PhoneNumberConfirmed], [a].[SecurityStamp], [a].[TwoFactorEnabled], [a].[UserName]
FROM [AspNetUsers] AS [a]
WHERE [a].[Id] = @p
2026-08-15 18:53:29.983 +03:00 [INF] Executed DbCommand (1ms) [Parameters=[@user_Id='?' (Size = 450)], CommandType='"Text"', CommandTimeout='30']
SELECT COUNT(*)
FROM [Courses] AS [c]
WHERE [c].[InstructorId] = @user_Id
2026-08-15 18:53:30.015 +03:00 [INF] Executed DbCommand (4ms) [Parameters=[@user_Id='?' (Size = 450)], CommandType='"Text"', CommandTimeout='30']
SELECT COUNT(*)
FROM [Enrollments] AS [e]
INNER JOIN [Courses] AS [c] ON [e].[CourseId] = [c].[Id]
WHERE [c].[InstructorId] = @user_Id
2026-08-15 18:53:30.033 +03:00 [INF] Executed DbCommand (3ms) [Parameters=[@user_Id='?' (Size = 450)], CommandType='"Text"', CommandTimeout='30']
SELECT COUNT(*)
FROM (
    SELECT DISTINCT [e].[StudentId]
    FROM [Enrollments] AS [e]
    INNER JOIN [Courses] AS [c] ON [e].[CourseId] = [c].[Id]
    WHERE [c].[InstructorId] = @user_Id
) AS [s]
2026-08-15 18:53:30.036 +03:00 [INF] Executing ViewResult, running view Dashboard.
2026-08-15 18:53:30.047 +03:00 [INF] Executed ViewResult - view Dashboard executed in 11.5839ms.
2026-08-15 18:53:30.048 +03:00 [INF] Executed action CourseHub.Controllers.InstructorController.Dashboard (CourseHub) in 105.7003ms
2026-08-15 18:53:30.048 +03:00 [INF] Executed endpoint 'CourseHub.Controllers.InstructorController.Dashboard (CourseHub)'
2026-08-15 18:53:30.049 +03:00 [INF] Request finished HTTP/2 GET https://localhost:7242/Instructor/Dashboard - 200 null text/html; charset=utf-8 130.9915ms
2026-08-15 18:53:30.081 +03:00 [INF] Request starting HTTP/2 GET https://localhost:7242/_vs/browserLink - null null
2026-08-15 18:53:30.081 +03:00 [INF] Request starting HTTP/2 GET https://localhost:7242/_framework/aspnetcore-browser-refresh.js - null null
2026-08-15 18:53:30.085 +03:00 [INF] Request finished HTTP/2 GET https://localhost:7242/_framework/aspnetcore-browser-refresh.js - 200 14923 application/javascript; charset=utf-8 4.2597ms
2026-08-15 18:53:30.095 +03:00 [INF] Request finished HTTP/2 GET https://localhost:7242/_vs/browserLink - 200 null text/javascript; charset=UTF-8 14.2235ms
2026-08-15 18:53:30.624 +03:00 [INF] Request starting HTTP/2 GET https://localhost:7242/Instructor/MyCourses - null null
2026-08-15 18:53:30.642 +03:00 [INF] Executing endpoint 'CourseHub.Controllers.InstructorController.MyCourses (CourseHub)'
2026-08-15 18:53:30.648 +03:00 [INF] Route matched with {action = "MyCourses", controller = "Instructor"}. Executing controller action with signature System.Threading.Tasks.Task`1[Microsoft.AspNetCore.Mvc.IActionResult] MyCourses() on controller CourseHub.Controllers.InstructorController (CourseHub).
2026-08-15 18:53:30.652 +03:00 [INF] Executed DbCommand (1ms) [Parameters=[@p='?' (Size = 450)], CommandType='"Text"', CommandTimeout='30']
SELECT TOP(1) [a].[Id], [a].[AccessFailedCount], [a].[ConcurrencyStamp], [a].[Email], [a].[EmailConfirmed], [a].[FullName], [a].[LockoutEnabled], [a].[LockoutEnd], [a].[NormalizedEmail], [a].[NormalizedUserName], [a].[PasswordHash], [a].[PhoneNumber], [a].[PhoneNumberConfirmed], [a].[SecurityStamp], [a].[TwoFactorEnabled], [a].[UserName]
FROM [AspNetUsers] AS [a]
WHERE [a].[Id] = @p
2026-08-15 18:53:30.683 +03:00 [INF] Executed DbCommand (3ms) [Parameters=[@user_Id='?' (Size = 450)], CommandType='"Text"', CommandTimeout='30']
SELECT [c].[Id], [c].[CategoryId], [c].[CreatedAt], [c].[Description], [c].[EnrollmentDeadline], [c].[ImageUrl], [c].[InstructorId], [c].[Price], [c].[Title], [c0].[Id], [c0].[Name]
FROM [Courses] AS [c]
INNER JOIN [Categories] AS [c0] ON [c].[CategoryId] = [c0].[Id]
WHERE [c].[InstructorId] = @user_Id
ORDER BY [c].[CreatedAt] DESC
2026-08-15 18:53:30.691 +03:00 [INF] Executing ViewResult, running view MyCourses.
2026-08-15 18:53:30.704 +03:00 [INF] Executed ViewResult - view MyCourses executed in 12.9998ms.
2026-08-15 18:53:30.705 +03:00 [INF] Executed action CourseHub.Controllers.InstructorController.MyCourses (CourseHub) in 55.3356ms
2026-08-15 18:53:30.706 +03:00 [INF] Executed endpoint 'CourseHub.Controllers.InstructorController.MyCourses (CourseHub)'
2026-08-15 18:53:30.707 +03:00 [INF] Request finished HTTP/2 GET https://localhost:7242/Instructor/MyCourses - 200 null text/html; charset=utf-8 82.5009ms
2026-08-15 18:53:30.739 +03:00 [INF] Request starting HTTP/2 GET https://localhost:7242/_vs/browserLink - null null
2026-08-15 18:53:30.740 +03:00 [INF] Request starting HTTP/2 GET https://localhost:7242/_framework/aspnetcore-browser-refresh.js - null null
2026-08-15 18:53:30.768 +03:00 [INF] Request finished HTTP/2 GET https://localhost:7242/_framework/aspnetcore-browser-refresh.js - 200 14923 application/javascript; charset=utf-8 28.2115ms
2026-08-15 18:53:30.771 +03:00 [INF] Request finished HTTP/2 GET https://localhost:7242/_vs/browserLink - 200 null text/javascript; charset=UTF-8 31.5764ms
2026-08-15 18:53:31.891 +03:00 [INF] Request starting HTTP/2 GET https://localhost:7242/Courses/Create - null null
2026-08-15 18:53:31.895 +03:00 [INF] Executing endpoint 'CourseHub.Controllers.CoursesController.Create (CourseHub)'
2026-08-15 18:53:31.901 +03:00 [INF] Route matched with {action = "Create", controller = "Courses"}. Executing controller action with signature System.Threading.Tasks.Task`1[Microsoft.AspNetCore.Mvc.IActionResult] Create() on controller CourseHub.Controllers.CoursesController (CourseHub).
2026-08-15 18:53:31.984 +03:00 [WRN] You do not have a valid license key for the Lucky Penny software AutoMapper. This is allowed for development and testing scenarios. If you are running in production you are required to have a licensed version. Please visit https://luckypennysoftware.com to obtain a valid license.
2026-08-15 18:53:32.009 +03:00 [INF] Executed DbCommand (1ms) [Parameters=[], CommandType='"Text"', CommandTimeout='30']
SELECT CONVERT(varchar(11), [c].[Id]) AS [Value], [c].[Name] AS [Text]
FROM [Categories] AS [c]
ORDER BY [c].[Name]
2026-08-15 18:53:32.013 +03:00 [INF] Executing ViewResult, running view Create.
2026-08-15 18:53:32.068 +03:00 [INF] Executed ViewResult - view Create executed in 56.189ms.
2026-08-15 18:53:32.069 +03:00 [INF] Executed action CourseHub.Controllers.CoursesController.Create (CourseHub) in 167.211ms
2026-08-15 18:53:32.070 +03:00 [INF] Executed endpoint 'CourseHub.Controllers.CoursesController.Create (CourseHub)'
2026-08-15 18:53:32.071 +03:00 [INF] Request finished HTTP/2 GET https://localhost:7242/Courses/Create - 200 null text/html; charset=utf-8 179.9118ms
2026-08-15 18:53:32.108 +03:00 [INF] Request starting HTTP/2 GET https://localhost:7242/_vs/browserLink - null null
2026-08-15 18:53:32.108 +03:00 [INF] Request starting HTTP/2 GET https://localhost:7242/_framework/aspnetcore-browser-refresh.js - null null
2026-08-15 18:53:32.112 +03:00 [INF] Request finished HTTP/2 GET https://localhost:7242/_framework/aspnetcore-browser-refresh.js - 200 14923 application/javascript; charset=utf-8 3.5843ms
2026-08-15 18:53:32.114 +03:00 [INF] Request finished HTTP/2 GET https://localhost:7242/_vs/browserLink - 200 null text/javascript; charset=UTF-8 5.9047ms
2026-08-15 18:54:41.568 +03:00 [INF] Starting CourseHub application...
2026-08-15 18:54:42.009 +03:00 [INF] User profile is available. Using 'C:\Users\ayman\AppData\Local\ASP.NET\DataProtection-Keys' as key repository and Windows DPAPI to encrypt keys at rest.
2026-08-15 18:54:42.554 +03:00 [WRN] No store type was specified for the decimal property 'Price' on entity type 'Course'. This will cause values to be silently truncated if they do not fit in the default precision and scale. Explicitly specify the SQL server column type that can accommodate all the values in 'OnModelCreating' using 'HasColumnType', specify precision and scale using 'HasPrecision', or configure a value converter using 'HasConversion'.
2026-08-15 18:54:43.159 +03:00 [INF] Executed DbCommand (42ms) [Parameters=[@normalizedName='?' (Size = 256)], CommandType='"Text"', CommandTimeout='30']
SELECT TOP(1) [a].[Id], [a].[ConcurrencyStamp], [a].[Name], [a].[NormalizedName]
FROM [AspNetRoles] AS [a]
WHERE [a].[NormalizedName] = @normalizedName
2026-08-15 18:54:43.225 +03:00 [INF] Executed DbCommand (1ms) [Parameters=[@normalizedName='?' (Size = 256)], CommandType='"Text"', CommandTimeout='30']
SELECT TOP(1) [a].[Id], [a].[ConcurrencyStamp], [a].[Name], [a].[NormalizedName]
FROM [AspNetRoles] AS [a]
WHERE [a].[NormalizedName] = @normalizedName
2026-08-15 18:54:43.228 +03:00 [INF] Executed DbCommand (0ms) [Parameters=[@normalizedName='?' (Size = 256)], CommandType='"Text"', CommandTimeout='30']
SELECT TOP(1) [a].[Id], [a].[ConcurrencyStamp], [a].[Name], [a].[NormalizedName]
FROM [AspNetRoles] AS [a]
WHERE [a].[NormalizedName] = @normalizedName
2026-08-15 18:54:43.240 +03:00 [INF] Executed DbCommand (3ms) [Parameters=[@normalizedEmail='?' (Size = 256)], CommandType='"Text"', CommandTimeout='30']
SELECT TOP(2) [a].[Id], [a].[AccessFailedCount], [a].[ConcurrencyStamp], [a].[Email], [a].[EmailConfirmed], [a].[FullName], [a].[LockoutEnabled], [a].[LockoutEnd], [a].[NormalizedEmail], [a].[NormalizedUserName], [a].[PasswordHash], [a].[PhoneNumber], [a].[PhoneNumberConfirmed], [a].[SecurityStamp], [a].[TwoFactorEnabled], [a].[UserName]
FROM [AspNetUsers] AS [a]
WHERE [a].[NormalizedEmail] = @normalizedEmail
2026-08-15 18:54:43.271 +03:00 [INF] CourseHub application started successfully.
2026-08-15 18:54:43.402 +03:00 [INF] Now listening on: https://localhost:7242
2026-08-15 18:54:43.402 +03:00 [INF] Now listening on: http://localhost:5164
2026-08-15 18:54:43.433 +03:00 [INF] Application started. Press Ctrl+C to shut down.
2026-08-15 18:54:43.434 +03:00 [INF] Hosting environment: Development
2026-08-15 18:54:43.434 +03:00 [INF] Content root path: D:\Real Projects\Mvc Projects\CourseHub\CourseHub
2026-08-15 18:54:44.457 +03:00 [INF] Request starting HTTP/2 GET https://localhost:7242/ - null null
2026-08-15 18:54:44.558 +03:00 [INF] Executing endpoint 'CourseHub.Controllers.HomeController.Index (CourseHub)'
2026-08-15 18:54:44.571 +03:00 [INF] Route matched with {action = "Index", controller = "Home"}. Executing controller action with signature System.Threading.Tasks.Task`1[Microsoft.AspNetCore.Mvc.IActionResult] Index() on controller CourseHub.Controllers.HomeController (CourseHub).
2026-08-15 18:54:44.654 +03:00 [INF] Executed DbCommand (2ms) [Parameters=[], CommandType='"Text"', CommandTimeout='30']
SELECT COUNT(*)
FROM [Courses] AS [c]
2026-08-15 18:54:44.661 +03:00 [INF] Executed DbCommand (1ms) [Parameters=[], CommandType='"Text"', CommandTimeout='30']
SELECT COUNT(*)
FROM [Categories] AS [c]
2026-08-15 18:54:44.699 +03:00 [INF] Executing ViewResult, running view Index.
2026-08-15 18:54:44.810 +03:00 [INF] Executed ViewResult - view Index executed in 111.5693ms.
2026-08-15 18:54:44.814 +03:00 [INF] Executed action CourseHub.Controllers.HomeController.Index (CourseHub) in 240.7849ms
2026-08-15 18:54:44.816 +03:00 [INF] Executed endpoint 'CourseHub.Controllers.HomeController.Index (CourseHub)'
2026-08-15 18:54:44.825 +03:00 [INF] Request finished HTTP/2 GET https://localhost:7242/ - 200 null text/html; charset=utf-8 373.869ms
2026-08-15 18:54:44.829 +03:00 [INF] Request starting HTTP/2 GET https://localhost:7242/_framework/aspnetcore-browser-refresh.js - null null
2026-08-15 18:54:44.835 +03:00 [INF] Request finished HTTP/2 GET https://localhost:7242/_framework/aspnetcore-browser-refresh.js - 200 14923 application/javascript; charset=utf-8 6.2355ms
2026-08-15 18:54:44.841 +03:00 [INF] Request starting HTTP/2 GET https://localhost:7242/_vs/browserLink - null null
2026-08-15 18:54:44.870 +03:00 [INF] Request finished HTTP/2 GET https://localhost:7242/_vs/browserLink - 200 null text/javascript; charset=UTF-8 29.185ms
2026-08-15 18:54:47.171 +03:00 [INF] Request starting HTTP/2 GET https://localhost:7242/Instructor/Dashboard - null null
2026-08-15 18:54:47.188 +03:00 [INF] Executing endpoint 'CourseHub.Controllers.InstructorController.Dashboard (CourseHub)'
2026-08-15 18:54:47.195 +03:00 [INF] Route matched with {action = "Dashboard", controller = "Instructor"}. Executing controller action with signature System.Threading.Tasks.Task`1[Microsoft.AspNetCore.Mvc.IActionResult] Dashboard() on controller CourseHub.Controllers.InstructorController (CourseHub).
2026-08-15 18:54:47.232 +03:00 [INF] Executed DbCommand (1ms) [Parameters=[@p='?' (Size = 450)], CommandType='"Text"', CommandTimeout='30']
SELECT TOP(1) [a].[Id], [a].[AccessFailedCount], [a].[ConcurrencyStamp], [a].[Email], [a].[EmailConfirmed], [a].[FullName], [a].[LockoutEnabled], [a].[LockoutEnd], [a].[NormalizedEmail], [a].[NormalizedUserName], [a].[PasswordHash], [a].[PhoneNumber], [a].[PhoneNumberConfirmed], [a].[SecurityStamp], [a].[TwoFactorEnabled], [a].[UserName]
FROM [AspNetUsers] AS [a]
WHERE [a].[Id] = @p
2026-08-15 18:54:47.239 +03:00 [INF] Executed DbCommand (1ms) [Parameters=[@user_Id='?' (Size = 450)], CommandType='"Text"', CommandTimeout='30']
SELECT COUNT(*)
FROM [Courses] AS [c]
WHERE [c].[InstructorId] = @user_Id
2026-08-15 18:54:47.268 +03:00 [INF] Executed DbCommand (3ms) [Parameters=[@user_Id='?' (Size = 450)], CommandType='"Text"', CommandTimeout='30']
SELECT COUNT(*)
FROM [Enrollments] AS [e]
INNER JOIN [Courses] AS [c] ON [e].[CourseId] = [c].[Id]
WHERE [c].[InstructorId] = @user_Id
2026-08-15 18:54:47.287 +03:00 [INF] Executed DbCommand (3ms) [Parameters=[@user_Id='?' (Size = 450)], CommandType='"Text"', CommandTimeout='30']
SELECT COUNT(*)
FROM (
    SELECT DISTINCT [e].[StudentId]
    FROM [Enrollments] AS [e]
    INNER JOIN [Courses] AS [c] ON [e].[CourseId] = [c].[Id]
    WHERE [c].[InstructorId] = @user_Id
) AS [s]
2026-08-15 18:54:47.290 +03:00 [INF] Executing ViewResult, running view Dashboard.
2026-08-15 18:54:47.301 +03:00 [INF] Executed ViewResult - view Dashboard executed in 11.8764ms.
2026-08-15 18:54:47.302 +03:00 [INF] Executed action CourseHub.Controllers.InstructorController.Dashboard (CourseHub) in 105.5576ms
2026-08-15 18:54:47.303 +03:00 [INF] Executed endpoint 'CourseHub.Controllers.InstructorController.Dashboard (CourseHub)'
2026-08-15 18:54:47.304 +03:00 [INF] Request finished HTTP/2 GET https://localhost:7242/Instructor/Dashboard - 200 null text/html; charset=utf-8 132.5606ms
2026-08-15 18:54:47.341 +03:00 [INF] Request starting HTTP/2 GET https://localhost:7242/_framework/aspnetcore-browser-refresh.js - null null
2026-08-15 18:54:47.341 +03:00 [INF] Request starting HTTP/2 GET https://localhost:7242/_vs/browserLink - null null
2026-08-15 18:54:47.344 +03:00 [INF] Request finished HTTP/2 GET https://localhost:7242/_framework/aspnetcore-browser-refresh.js - 200 14923 application/javascript; charset=utf-8 2.3687ms
2026-08-15 18:54:47.385 +03:00 [INF] Request finished HTTP/2 GET https://localhost:7242/_vs/browserLink - 200 null text/javascript; charset=UTF-8 43.6796ms
2026-08-15 18:54:49.720 +03:00 [INF] Request starting HTTP/2 GET https://localhost:7242/Instructor/MyCourses - null null
2026-08-15 18:54:49.743 +03:00 [INF] Executing endpoint 'CourseHub.Controllers.InstructorController.MyCourses (CourseHub)'
2026-08-15 18:54:49.750 +03:00 [INF] Route matched with {action = "MyCourses", controller = "Instructor"}. Executing controller action with signature System.Threading.Tasks.Task`1[Microsoft.AspNetCore.Mvc.IActionResult] MyCourses() on controller CourseHub.Controllers.InstructorController (CourseHub).
2026-08-15 18:54:49.756 +03:00 [INF] Executed DbCommand (3ms) [Parameters=[@p='?' (Size = 450)], CommandType='"Text"', CommandTimeout='30']
SELECT TOP(1) [a].[Id], [a].[AccessFailedCount], [a].[ConcurrencyStamp], [a].[Email], [a].[EmailConfirmed], [a].[FullName], [a].[LockoutEnabled], [a].[LockoutEnd], [a].[NormalizedEmail], [a].[NormalizedUserName], [a].[PasswordHash], [a].[PhoneNumber], [a].[PhoneNumberConfirmed], [a].[SecurityStamp], [a].[TwoFactorEnabled], [a].[UserName]
FROM [AspNetUsers] AS [a]
WHERE [a].[Id] = @p
2026-08-15 18:54:49.790 +03:00 [INF] Executed DbCommand (4ms) [Parameters=[@user_Id='?' (Size = 450)], CommandType='"Text"', CommandTimeout='30']
SELECT [c].[Id], [c].[CategoryId], [c].[CreatedAt], [c].[Description], [c].[EnrollmentDeadline], [c].[ImageUrl], [c].[InstructorId], [c].[Price], [c].[Title], [c0].[Id], [c0].[Name]
FROM [Courses] AS [c]
INNER JOIN [Categories] AS [c0] ON [c].[CategoryId] = [c0].[Id]
WHERE [c].[InstructorId] = @user_Id
ORDER BY [c].[CreatedAt] DESC
2026-08-15 18:54:49.800 +03:00 [INF] Executing ViewResult, running view MyCourses.
2026-08-15 18:54:49.817 +03:00 [INF] Executed ViewResult - view MyCourses executed in 17.5588ms.
2026-08-15 18:54:49.818 +03:00 [INF] Executed action CourseHub.Controllers.InstructorController.MyCourses (CourseHub) in 66.8441ms
2026-08-15 18:54:49.819 +03:00 [INF] Executed endpoint 'CourseHub.Controllers.InstructorController.MyCourses (CourseHub)'
2026-08-15 18:54:49.820 +03:00 [INF] Request finished HTTP/2 GET https://localhost:7242/Instructor/MyCourses - 200 null text/html; charset=utf-8 101.0105ms
2026-08-15 18:54:49.994 +03:00 [INF] Request starting HTTP/2 GET https://localhost:7242/_vs/browserLink - null null
2026-08-15 18:54:49.995 +03:00 [INF] Request starting HTTP/2 GET https://localhost:7242/_framework/aspnetcore-browser-refresh.js - null null
2026-08-15 18:54:49.998 +03:00 [INF] Request finished HTTP/2 GET https://localhost:7242/_framework/aspnetcore-browser-refresh.js - 200 14923 application/javascript; charset=utf-8 3.5901ms
2026-08-15 18:54:50.001 +03:00 [INF] Request finished HTTP/2 GET https://localhost:7242/_vs/browserLink - 200 null text/javascript; charset=UTF-8 7.2928ms
2026-08-15 18:54:50.440 +03:00 [INF] Request starting HTTP/2 GET https://localhost:7242/Courses/Create - null null
2026-08-15 18:54:50.444 +03:00 [INF] Executing endpoint 'CourseHub.Controllers.CoursesController.Create (CourseHub)'
2026-08-15 18:54:50.450 +03:00 [INF] Route matched with {action = "Create", controller = "Courses"}. Executing controller action with signature System.Threading.Tasks.Task`1[Microsoft.AspNetCore.Mvc.IActionResult] Create() on controller CourseHub.Controllers.CoursesController (CourseHub).
2026-08-15 18:54:50.562 +03:00 [WRN] You do not have a valid license key for the Lucky Penny software AutoMapper. This is allowed for development and testing scenarios. If you are running in production you are required to have a licensed version. Please visit https://luckypennysoftware.com to obtain a valid license.
2026-08-15 18:54:50.576 +03:00 [INF] Executed DbCommand (2ms) [Parameters=[], CommandType='"Text"', CommandTimeout='30']
SELECT CONVERT(varchar(11), [c].[Id]) AS [Value], [c].[Name] AS [Text]
FROM [Categories] AS [c]
ORDER BY [c].[Name]
2026-08-15 18:54:50.579 +03:00 [INF] Executing ViewResult, running view Create.
2026-08-15 18:54:50.644 +03:00 [INF] Executed ViewResult - view Create executed in 65.7282ms.
2026-08-15 18:54:50.645 +03:00 [INF] Executed action CourseHub.Controllers.CoursesController.Create (CourseHub) in 194.2832ms
2026-08-15 18:54:50.646 +03:00 [INF] Executed endpoint 'CourseHub.Controllers.CoursesController.Create (CourseHub)'
2026-08-15 18:54:50.647 +03:00 [INF] Request finished HTTP/2 GET https://localhost:7242/Courses/Create - 200 null text/html; charset=utf-8 207.2315ms
2026-08-15 18:54:50.691 +03:00 [INF] Request starting HTTP/2 GET https://localhost:7242/_framework/aspnetcore-browser-refresh.js - null null
2026-08-15 18:54:50.692 +03:00 [INF] Request starting HTTP/2 GET https://localhost:7242/_vs/browserLink - null null
2026-08-15 18:54:50.694 +03:00 [INF] Request finished HTTP/2 GET https://localhost:7242/_framework/aspnetcore-browser-refresh.js - 200 14923 application/javascript; charset=utf-8 2.36ms
2026-08-15 18:54:50.699 +03:00 [INF] Request finished HTTP/2 GET https://localhost:7242/_vs/browserLink - 200 null text/javascript; charset=UTF-8 7.2489ms
2026-08-15 19:03:07.187 +03:00 [INF] Starting CourseHub application...
2026-08-15 19:03:07.636 +03:00 [INF] User profile is available. Using 'C:\Users\ayman\AppData\Local\ASP.NET\DataProtection-Keys' as key repository and Windows DPAPI to encrypt keys at rest.
2026-08-15 19:03:08.126 +03:00 [WRN] No store type was specified for the decimal property 'Price' on entity type 'Course'. This will cause values to be silently truncated if they do not fit in the default precision and scale. Explicitly specify the SQL server column type that can accommodate all the values in 'OnModelCreating' using 'HasColumnType', specify precision and scale using 'HasPrecision', or configure a value converter using 'HasConversion'.
2026-08-15 19:03:08.698 +03:00 [INF] Executed DbCommand (40ms) [Parameters=[@normalizedName='?' (Size = 256)], CommandType='"Text"', CommandTimeout='30']
SELECT TOP(1) [a].[Id], [a].[ConcurrencyStamp], [a].[Name], [a].[NormalizedName]
FROM [AspNetRoles] AS [a]
WHERE [a].[NormalizedName] = @normalizedName
2026-08-15 19:03:08.774 +03:00 [INF] Executed DbCommand (2ms) [Parameters=[@normalizedName='?' (Size = 256)], CommandType='"Text"', CommandTimeout='30']
SELECT TOP(1) [a].[Id], [a].[ConcurrencyStamp], [a].[Name], [a].[NormalizedName]
FROM [AspNetRoles] AS [a]
WHERE [a].[NormalizedName] = @normalizedName
2026-08-15 19:03:08.776 +03:00 [INF] Executed DbCommand (0ms) [Parameters=[@normalizedName='?' (Size = 256)], CommandType='"Text"', CommandTimeout='30']
SELECT TOP(1) [a].[Id], [a].[ConcurrencyStamp], [a].[Name], [a].[NormalizedName]
FROM [AspNetRoles] AS [a]
WHERE [a].[NormalizedName] = @normalizedName
2026-08-15 19:03:08.789 +03:00 [INF] Executed DbCommand (3ms) [Parameters=[@normalizedEmail='?' (Size = 256)], CommandType='"Text"', CommandTimeout='30']
SELECT TOP(2) [a].[Id], [a].[AccessFailedCount], [a].[ConcurrencyStamp], [a].[Email], [a].[EmailConfirmed], [a].[FullName], [a].[LockoutEnabled], [a].[LockoutEnd], [a].[NormalizedEmail], [a].[NormalizedUserName], [a].[PasswordHash], [a].[PhoneNumber], [a].[PhoneNumberConfirmed], [a].[SecurityStamp], [a].[TwoFactorEnabled], [a].[UserName]
FROM [AspNetUsers] AS [a]
WHERE [a].[NormalizedEmail] = @normalizedEmail
2026-08-15 19:03:08.822 +03:00 [INF] CourseHub application started successfully.
2026-08-15 19:03:09.012 +03:00 [INF] Now listening on: https://localhost:7242
2026-08-15 19:03:09.013 +03:00 [INF] Now listening on: http://localhost:5164
2026-08-15 19:03:09.054 +03:00 [INF] Application started. Press Ctrl+C to shut down.
2026-08-15 19:03:09.055 +03:00 [INF] Hosting environment: Development
2026-08-15 19:03:09.056 +03:00 [INF] Content root path: D:\Real Projects\Mvc Projects\CourseHub\CourseHub
2026-08-15 19:03:09.631 +03:00 [INF] Request starting HTTP/2 GET https://localhost:7242/ - null null
2026-08-15 19:03:09.733 +03:00 [INF] Executing endpoint 'CourseHub.Controllers.HomeController.Index (CourseHub)'
2026-08-15 19:03:09.745 +03:00 [INF] Route matched with {action = "Index", controller = "Home"}. Executing controller action with signature System.Threading.Tasks.Task`1[Microsoft.AspNetCore.Mvc.IActionResult] Index() on controller CourseHub.Controllers.HomeController (CourseHub).
2026-08-15 19:03:09.828 +03:00 [INF] Executed DbCommand (2ms) [Parameters=[], CommandType='"Text"', CommandTimeout='30']
SELECT COUNT(*)
FROM [Courses] AS [c]
2026-08-15 19:03:09.836 +03:00 [INF] Executed DbCommand (2ms) [Parameters=[], CommandType='"Text"', CommandTimeout='30']
SELECT COUNT(*)
FROM [Categories] AS [c]
2026-08-15 19:03:09.871 +03:00 [INF] Executing ViewResult, running view Index.
2026-08-15 19:03:09.990 +03:00 [INF] Executed ViewResult - view Index executed in 119.4151ms.
2026-08-15 19:03:09.994 +03:00 [INF] Executed action CourseHub.Controllers.HomeController.Index (CourseHub) in 246.9863ms
2026-08-15 19:03:09.995 +03:00 [INF] Executed endpoint 'CourseHub.Controllers.HomeController.Index (CourseHub)'
2026-08-15 19:03:10.006 +03:00 [INF] Request finished HTTP/2 GET https://localhost:7242/ - 200 null text/html; charset=utf-8 379.3344ms
2026-08-15 19:03:10.017 +03:00 [INF] Request starting HTTP/2 GET https://localhost:7242/_framework/aspnetcore-browser-refresh.js - null null
2026-08-15 19:03:10.017 +03:00 [INF] Request starting HTTP/2 GET https://localhost:7242/_vs/browserLink - null null
2026-08-15 19:03:10.024 +03:00 [INF] Request finished HTTP/2 GET https://localhost:7242/_framework/aspnetcore-browser-refresh.js - 200 14923 application/javascript; charset=utf-8 7.1923ms
2026-08-15 19:03:10.048 +03:00 [INF] Request finished HTTP/2 GET https://localhost:7242/_vs/browserLink - 200 null text/javascript; charset=UTF-8 30.836ms
2026-08-15 19:03:11.674 +03:00 [INF] Request starting HTTP/2 GET https://localhost:7242/Instructor/Dashboard - null null
2026-08-15 19:03:11.725 +03:00 [INF] Executing endpoint 'CourseHub.Controllers.InstructorController.Dashboard (CourseHub)'
2026-08-15 19:03:11.733 +03:00 [INF] Route matched with {action = "Dashboard", controller = "Instructor"}. Executing controller action with signature System.Threading.Tasks.Task`1[Microsoft.AspNetCore.Mvc.IActionResult] Dashboard() on controller CourseHub.Controllers.InstructorController (CourseHub).
2026-08-15 19:03:11.763 +03:00 [INF] Executed DbCommand (2ms) [Parameters=[@p='?' (Size = 450)], CommandType='"Text"', CommandTimeout='30']
SELECT TOP(1) [a].[Id], [a].[AccessFailedCount], [a].[ConcurrencyStamp], [a].[Email], [a].[EmailConfirmed], [a].[FullName], [a].[LockoutEnabled], [a].[LockoutEnd], [a].[NormalizedEmail], [a].[NormalizedUserName], [a].[PasswordHash], [a].[PhoneNumber], [a].[PhoneNumberConfirmed], [a].[SecurityStamp], [a].[TwoFactorEnabled], [a].[UserName]
FROM [AspNetUsers] AS [a]
WHERE [a].[Id] = @p
2026-08-15 19:03:11.770 +03:00 [INF] Executed DbCommand (2ms) [Parameters=[@user_Id='?' (Size = 450)], CommandType='"Text"', CommandTimeout='30']
SELECT COUNT(*)
FROM [Courses] AS [c]
WHERE [c].[InstructorId] = @user_Id
2026-08-15 19:03:11.800 +03:00 [INF] Executed DbCommand (4ms) [Parameters=[@user_Id='?' (Size = 450)], CommandType='"Text"', CommandTimeout='30']
SELECT COUNT(*)
FROM [Enrollments] AS [e]
INNER JOIN [Courses] AS [c] ON [e].[CourseId] = [c].[Id]
WHERE [c].[InstructorId] = @user_Id
2026-08-15 19:03:11.818 +03:00 [INF] Executed DbCommand (3ms) [Parameters=[@user_Id='?' (Size = 450)], CommandType='"Text"', CommandTimeout='30']
SELECT COUNT(*)
FROM (
    SELECT DISTINCT [e].[StudentId]
    FROM [Enrollments] AS [e]
    INNER JOIN [Courses] AS [c] ON [e].[CourseId] = [c].[Id]
    WHERE [c].[InstructorId] = @user_Id
) AS [s]
2026-08-15 19:03:11.821 +03:00 [INF] Executing ViewResult, running view Dashboard.
2026-08-15 19:03:11.832 +03:00 [INF] Executed ViewResult - view Dashboard executed in 11.6814ms.
2026-08-15 19:03:11.833 +03:00 [INF] Executed action CourseHub.Controllers.InstructorController.Dashboard (CourseHub) in 99.0389ms
2026-08-15 19:03:11.834 +03:00 [INF] Executed endpoint 'CourseHub.Controllers.InstructorController.Dashboard (CourseHub)'
2026-08-15 19:03:11.835 +03:00 [INF] Request finished HTTP/2 GET https://localhost:7242/Instructor/Dashboard - 200 null text/html; charset=utf-8 160.7297ms
2026-08-15 19:03:11.872 +03:00 [INF] Request starting HTTP/2 GET https://localhost:7242/_vs/browserLink - null null
2026-08-15 19:03:11.873 +03:00 [INF] Request starting HTTP/2 GET https://localhost:7242/_framework/aspnetcore-browser-refresh.js - null null
2026-08-15 19:03:11.876 +03:00 [INF] Request finished HTTP/2 GET https://localhost:7242/_framework/aspnetcore-browser-refresh.js - 200 14923 application/javascript; charset=utf-8 3.4165ms
2026-08-15 19:03:11.886 +03:00 [INF] Request finished HTTP/2 GET https://localhost:7242/_vs/browserLink - 200 null text/javascript; charset=UTF-8 14.1562ms
2026-08-15 19:03:19.568 +03:00 [INF] Request starting HTTP/2 GET https://localhost:7242/Instructor/Dashboard - null null
2026-08-15 19:03:19.578 +03:00 [INF] Authorization failed. These requirements were not met:
RolesAuthorizationRequirement:User.IsInRole must be true for one of the following roles: (Instructor)
2026-08-15 19:03:19.582 +03:00 [INF] AuthenticationScheme: Identity.Application was challenged.
2026-08-15 19:03:19.584 +03:00 [INF] Request finished HTTP/2 GET https://localhost:7242/Instructor/Dashboard - 302 null null 16.011ms
2026-08-15 19:03:19.586 +03:00 [INF] Request starting HTTP/2 GET https://localhost:7242/Account/Login?ReturnUrl=%2FInstructor%2FDashboard - null null
2026-08-15 19:03:19.589 +03:00 [INF] Executing endpoint 'CourseHub.Controllers.AccountController.Login (CourseHub)'
2026-08-15 19:03:19.598 +03:00 [INF] Route matched with {action = "Login", controller = "Account"}. Executing controller action with signature Microsoft.AspNetCore.Mvc.IActionResult Login(System.String) on controller CourseHub.Controllers.AccountController (CourseHub).
2026-08-15 19:03:19.653 +03:00 [INF] Executing ViewResult, running view Login.
2026-08-15 19:03:19.704 +03:00 [INF] Executed ViewResult - view Login executed in 51.6952ms.
2026-08-15 19:03:19.705 +03:00 [INF] Executed action CourseHub.Controllers.AccountController.Login (CourseHub) in 105.5476ms
2026-08-15 19:03:19.706 +03:00 [INF] Executed endpoint 'CourseHub.Controllers.AccountController.Login (CourseHub)'
2026-08-15 19:03:19.706 +03:00 [INF] Request finished HTTP/2 GET https://localhost:7242/Account/Login?ReturnUrl=%2FInstructor%2FDashboard - 200 null text/html; charset=utf-8 120.601ms
2026-08-15 19:03:19.713 +03:00 [INF] Request starting HTTP/2 GET https://localhost:7242/lib/bootstrap/dist/css/bootstrap.min.css - null null
2026-08-15 19:03:19.714 +03:00 [INF] Request starting HTTP/2 GET https://localhost:7242/js/site.js?v=hRQyftXiu1lLX2P9Ly9xa4gHJgLeR1uGN5qegUobtGo - null null
2026-08-15 19:03:19.714 +03:00 [INF] Request starting HTTP/2 GET https://localhost:7242/lib/jquery-validation/dist/jquery.validate.min.js - null null
2026-08-15 19:03:19.714 +03:00 [INF] Request starting HTTP/2 GET https://localhost:7242/lib/jquery-validation-unobtrusive/dist/jquery.validate.unobtrusive.min.js - null null
2026-08-15 19:03:19.713 +03:00 [INF] Request starting HTTP/2 GET https://localhost:7242/lib/jquery/dist/jquery.min.js - null null
2026-08-15 19:03:19.713 +03:00 [INF] Request starting HTTP/2 GET https://localhost:7242/css/site.css?v=j6fhJSuuyLpOSLuPJU0TsDV0iNjor5S3rDnvxJrt4bg - null null
2026-08-15 19:03:19.714 +03:00 [INF] Request starting HTTP/2 GET https://localhost:7242/lib/bootstrap/dist/js/bootstrap.bundle.min.js - null null
2026-08-15 19:03:19.770 +03:00 [INF] Request starting HTTP/2 GET https://localhost:7242/_vs/browserLink - null null
2026-08-15 19:03:19.771 +03:00 [INF] Request starting HTTP/2 GET https://localhost:7242/_framework/aspnetcore-browser-refresh.js - null null
2026-08-15 19:03:19.787 +03:00 [INF] Request finished HTTP/2 GET https://localhost:7242/_framework/aspnetcore-browser-refresh.js - 200 14923 application/javascript; charset=utf-8 15.8765ms
2026-08-15 19:03:19.791 +03:00 [INF] Request finished HTTP/2 GET https://localhost:7242/_vs/browserLink - 200 null text/javascript; charset=UTF-8 20.7075ms
2026-08-15 19:03:19.815 +03:00 [INF] Sending file. Request path: '/js/site.js'. Physical path: 'D:\Real Projects\Mvc Projects\CourseHub\CourseHub\wwwroot\js\site.js'
2026-08-15 19:03:19.815 +03:00 [INF] Sending file. Request path: '/css/site.css'. Physical path: 'D:\Real Projects\Mvc Projects\CourseHub\CourseHub\wwwroot\css\site.css'
2026-08-15 19:03:19.816 +03:00 [INF] Request finished HTTP/2 GET https://localhost:7242/js/site.js?v=hRQyftXiu1lLX2P9Ly9xa4gHJgLeR1uGN5qegUobtGo - 200 231 text/javascript 101.6718ms
2026-08-15 19:03:19.817 +03:00 [INF] Request finished HTTP/2 GET https://localhost:7242/css/site.css?v=j6fhJSuuyLpOSLuPJU0TsDV0iNjor5S3rDnvxJrt4bg - 200 667 text/css 104.1645ms
2026-08-15 19:03:19.818 +03:00 [INF] Sending file. Request path: '/lib/bootstrap/dist/css/bootstrap.min.css'. Physical path: 'D:\Real Projects\Mvc Projects\CourseHub\CourseHub\wwwroot\lib\bootstrap\dist\css\bootstrap.min.css'
2026-08-15 19:03:19.821 +03:00 [INF] Sending file. Request path: '/lib/jquery-validation-unobtrusive/dist/jquery.validate.unobtrusive.min.js'. Physical path: 'D:\Real Projects\Mvc Projects\CourseHub\CourseHub\wwwroot\lib\jquery-validation-unobtrusive\dist\jquery.validate.unobtrusive.min.js'
2026-08-15 19:03:19.822 +03:00 [INF] Request finished HTTP/2 GET https://localhost:7242/lib/bootstrap/dist/css/bootstrap.min.css - 200 232803 text/css 109.0018ms
2026-08-15 19:03:19.823 +03:00 [INF] Request finished HTTP/2 GET https://localhost:7242/lib/jquery-validation-unobtrusive/dist/jquery.validate.unobtrusive.min.js - 200 5824 text/javascript 108.2564ms
2026-08-15 19:03:19.834 +03:00 [INF] Sending file. Request path: '/lib/bootstrap/dist/js/bootstrap.bundle.min.js'. Physical path: 'D:\Real Projects\Mvc Projects\CourseHub\CourseHub\wwwroot\lib\bootstrap\dist\js\bootstrap.bundle.min.js'
2026-08-15 19:03:19.835 +03:00 [INF] Request finished HTTP/2 GET https://localhost:7242/lib/bootstrap/dist/js/bootstrap.bundle.min.js - 200 80721 text/javascript 120.7066ms
2026-08-15 19:03:19.862 +03:00 [INF] Sending file. Request path: '/lib/jquery-validation/dist/jquery.validate.min.js'. Physical path: 'D:\Real Projects\Mvc Projects\CourseHub\CourseHub\wwwroot\lib\jquery-validation\dist\jquery.validate.min.js'
2026-08-15 19:03:19.863 +03:00 [INF] Request finished HTTP/2 GET https://localhost:7242/lib/jquery-validation/dist/jquery.validate.min.js - 200 25308 text/javascript 149.119ms
2026-08-15 19:03:19.864 +03:00 [INF] Sending file. Request path: '/lib/jquery/dist/jquery.min.js'. Physical path: 'D:\Real Projects\Mvc Projects\CourseHub\CourseHub\wwwroot\lib\jquery\dist\jquery.min.js'
2026-08-15 19:03:19.866 +03:00 [INF] Request finished HTTP/2 GET https://localhost:7242/lib/jquery/dist/jquery.min.js - 200 87533 text/javascript 152.5918ms
2026-08-15 19:03:20.023 +03:00 [INF] Request starting HTTP/2 GET https://localhost:7242/favicon.ico - null null
2026-08-15 19:03:20.034 +03:00 [INF] Sending file. Request path: '/favicon.ico'. Physical path: 'D:\Real Projects\Mvc Projects\CourseHub\CourseHub\wwwroot\favicon.ico'
2026-08-15 19:03:20.035 +03:00 [INF] Request finished HTTP/2 GET https://localhost:7242/favicon.ico - 200 5430 image/x-icon 11.5922ms
2026-08-15 19:03:43.512 +03:00 [INF] Request starting HTTP/2 POST https://localhost:7242/Account/Login - application/x-www-form-urlencoded 280
2026-08-15 19:03:43.516 +03:00 [INF] Executing endpoint 'CourseHub.Controllers.AccountController.Login (CourseHub)'
2026-08-15 19:03:43.526 +03:00 [INF] Route matched with {action = "Login", controller = "Account"}. Executing controller action with signature System.Threading.Tasks.Task`1[Microsoft.AspNetCore.Mvc.IActionResult] Login(CourseHub.ViewModels.LoginViewModel, System.String) on controller CourseHub.Controllers.AccountController (CourseHub).
2026-08-15 19:03:43.544 +03:00 [INF] Executed DbCommand (2ms) [Parameters=[@normalizedEmail='?' (Size = 256)], CommandType='"Text"', CommandTimeout='30']
SELECT TOP(2) [a].[Id], [a].[AccessFailedCount], [a].[ConcurrencyStamp], [a].[Email], [a].[EmailConfirmed], [a].[FullName], [a].[LockoutEnabled], [a].[LockoutEnd], [a].[NormalizedEmail], [a].[NormalizedUserName], [a].[PasswordHash], [a].[PhoneNumber], [a].[PhoneNumberConfirmed], [a].[SecurityStamp], [a].[TwoFactorEnabled], [a].[UserName]
FROM [AspNetUsers] AS [a]
WHERE [a].[NormalizedEmail] = @normalizedEmail
2026-08-15 19:03:43.631 +03:00 [INF] Executed DbCommand (2ms) [Parameters=[@user_Id='?' (Size = 450)], CommandType='"Text"', CommandTimeout='30']
SELECT [a].[Id], [a].[ClaimType], [a].[ClaimValue], [a].[UserId]
FROM [AspNetUserClaims] AS [a]
WHERE [a].[UserId] = @user_Id
2026-08-15 19:03:43.648 +03:00 [INF] Executed DbCommand (2ms) [Parameters=[@userId='?' (Size = 450)], CommandType='"Text"', CommandTimeout='30']
SELECT [a0].[Name]
FROM [AspNetUserRoles] AS [a]
INNER JOIN [AspNetRoles] AS [a0] ON [a].[RoleId] = [a0].[Id]
WHERE [a].[UserId] = @userId
2026-08-15 19:03:43.652 +03:00 [INF] Executed DbCommand (1ms) [Parameters=[@normalizedName='?' (Size = 256)], CommandType='"Text"', CommandTimeout='30']
SELECT TOP(1) [a].[Id], [a].[ConcurrencyStamp], [a].[Name], [a].[NormalizedName]
FROM [AspNetRoles] AS [a]
WHERE [a].[NormalizedName] = @normalizedName
2026-08-15 19:03:43.659 +03:00 [INF] Executed DbCommand (1ms) [Parameters=[@role_Id='?' (Size = 450)], CommandType='"Text"', CommandTimeout='30']
SELECT [a].[ClaimType], [a].[ClaimValue]
FROM [AspNetRoleClaims] AS [a]
WHERE [a].[RoleId] = @role_Id
2026-08-15 19:03:43.666 +03:00 [INF] AuthenticationScheme: Identity.Application signed in.
2026-08-15 19:03:43.669 +03:00 [INF] Executing RedirectResult, redirecting to /Instructor/Dashboard.
2026-08-15 19:03:43.669 +03:00 [INF] Executed action CourseHub.Controllers.AccountController.Login (CourseHub) in 141.9104ms
2026-08-15 19:03:43.670 +03:00 [INF] Executed endpoint 'CourseHub.Controllers.AccountController.Login (CourseHub)'
2026-08-15 19:03:43.671 +03:00 [INF] Request finished HTTP/2 POST https://localhost:7242/Account/Login - 302 null null 158.9574ms
2026-08-15 19:03:43.673 +03:00 [INF] Request starting HTTP/2 GET https://localhost:7242/Instructor/Dashboard - null null
2026-08-15 19:03:43.681 +03:00 [INF] Executing endpoint 'CourseHub.Controllers.InstructorController.Dashboard (CourseHub)'
2026-08-15 19:03:43.682 +03:00 [INF] Route matched with {action = "Dashboard", controller = "Instructor"}. Executing controller action with signature System.Threading.Tasks.Task`1[Microsoft.AspNetCore.Mvc.IActionResult] Dashboard() on controller CourseHub.Controllers.InstructorController (CourseHub).
2026-08-15 19:03:43.685 +03:00 [INF] Executed DbCommand (1ms) [Parameters=[@p='?' (Size = 450)], CommandType='"Text"', CommandTimeout='30']
SELECT TOP(1) [a].[Id], [a].[AccessFailedCount], [a].[ConcurrencyStamp], [a].[Email], [a].[EmailConfirmed], [a].[FullName], [a].[LockoutEnabled], [a].[LockoutEnd], [a].[NormalizedEmail], [a].[NormalizedUserName], [a].[PasswordHash], [a].[PhoneNumber], [a].[PhoneNumberConfirmed], [a].[SecurityStamp], [a].[TwoFactorEnabled], [a].[UserName]
FROM [AspNetUsers] AS [a]
WHERE [a].[Id] = @p
2026-08-15 19:03:43.688 +03:00 [INF] Executed DbCommand (1ms) [Parameters=[@user_Id='?' (Size = 450)], CommandType='"Text"', CommandTimeout='30']
SELECT COUNT(*)
FROM [Courses] AS [c]
WHERE [c].[InstructorId] = @user_Id
2026-08-15 19:03:43.692 +03:00 [INF] Executed DbCommand (3ms) [Parameters=[@user_Id='?' (Size = 450)], CommandType='"Text"', CommandTimeout='30']
SELECT COUNT(*)
FROM [Enrollments] AS [e]
INNER JOIN [Courses] AS [c] ON [e].[CourseId] = [c].[Id]
WHERE [c].[InstructorId] = @user_Id
2026-08-15 19:03:43.697 +03:00 [INF] Executed DbCommand (3ms) [Parameters=[@user_Id='?' (Size = 450)], CommandType='"Text"', CommandTimeout='30']
SELECT COUNT(*)
FROM (
    SELECT DISTINCT [e].[StudentId]
    FROM [Enrollments] AS [e]
    INNER JOIN [Courses] AS [c] ON [e].[CourseId] = [c].[Id]
    WHERE [c].[InstructorId] = @user_Id
) AS [s]
2026-08-15 19:03:43.698 +03:00 [INF] Executing ViewResult, running view Dashboard.
2026-08-15 19:03:43.700 +03:00 [INF] Executed ViewResult - view Dashboard executed in 2.2057ms.
2026-08-15 19:03:43.701 +03:00 [INF] Executed action CourseHub.Controllers.InstructorController.Dashboard (CourseHub) in 18.3559ms
2026-08-15 19:03:43.702 +03:00 [INF] Executed endpoint 'CourseHub.Controllers.InstructorController.Dashboard (CourseHub)'
2026-08-15 19:03:43.702 +03:00 [INF] Request finished HTTP/2 GET https://localhost:7242/Instructor/Dashboard - 200 null text/html; charset=utf-8 29.843ms
2026-08-15 19:03:43.706 +03:00 [INF] Request starting HTTP/2 GET https://localhost:7242/_vs/browserLink - null null
2026-08-15 19:03:43.706 +03:00 [INF] Request starting HTTP/2 GET https://localhost:7242/_framework/aspnetcore-browser-refresh.js - null null
2026-08-15 19:03:43.709 +03:00 [INF] Request finished HTTP/2 GET https://localhost:7242/_framework/aspnetcore-browser-refresh.js - 200 14923 application/javascript; charset=utf-8 3.0103ms
2026-08-15 19:03:43.711 +03:00 [INF] Request finished HTTP/2 GET https://localhost:7242/_vs/browserLink - 200 null text/javascript; charset=UTF-8 4.4258ms
2026-08-15 19:03:45.489 +03:00 [INF] Request starting HTTP/2 GET https://localhost:7242/Instructor/MyCourses - null null
2026-08-15 19:03:45.492 +03:00 [INF] Executing endpoint 'CourseHub.Controllers.InstructorController.MyCourses (CourseHub)'
2026-08-15 19:03:45.498 +03:00 [INF] Route matched with {action = "MyCourses", controller = "Instructor"}. Executing controller action with signature System.Threading.Tasks.Task`1[Microsoft.AspNetCore.Mvc.IActionResult] MyCourses() on controller CourseHub.Controllers.InstructorController (CourseHub).
2026-08-15 19:03:45.503 +03:00 [INF] Executed DbCommand (0ms) [Parameters=[@p='?' (Size = 450)], CommandType='"Text"', CommandTimeout='30']
SELECT TOP(1) [a].[Id], [a].[AccessFailedCount], [a].[ConcurrencyStamp], [a].[Email], [a].[EmailConfirmed], [a].[FullName], [a].[LockoutEnabled], [a].[LockoutEnd], [a].[NormalizedEmail], [a].[NormalizedUserName], [a].[PasswordHash], [a].[PhoneNumber], [a].[PhoneNumberConfirmed], [a].[SecurityStamp], [a].[TwoFactorEnabled], [a].[UserName]
FROM [AspNetUsers] AS [a]
WHERE [a].[Id] = @p
2026-08-15 19:03:45.531 +03:00 [INF] Executed DbCommand (3ms) [Parameters=[@user_Id='?' (Size = 450)], CommandType='"Text"', CommandTimeout='30']
SELECT [c].[Id], [c].[CategoryId], [c].[CreatedAt], [c].[Description], [c].[EnrollmentDeadline], [c].[ImageUrl], [c].[InstructorId], [c].[Price], [c].[Title], [c0].[Id], [c0].[Name]
FROM [Courses] AS [c]
INNER JOIN [Categories] AS [c0] ON [c].[CategoryId] = [c0].[Id]
WHERE [c].[InstructorId] = @user_Id
ORDER BY [c].[CreatedAt] DESC
2026-08-15 19:03:45.539 +03:00 [INF] Executing ViewResult, running view MyCourses.
2026-08-15 19:03:45.551 +03:00 [INF] Executed ViewResult - view MyCourses executed in 12.8382ms.
2026-08-15 19:03:45.552 +03:00 [INF] Executed action CourseHub.Controllers.InstructorController.MyCourses (CourseHub) in 52.7115ms
2026-08-15 19:03:45.553 +03:00 [INF] Executed endpoint 'CourseHub.Controllers.InstructorController.MyCourses (CourseHub)'
2026-08-15 19:03:45.553 +03:00 [INF] Request starting HTTP/2 GET https://localhost:7242/images/courses/default-course.jpg - null null
2026-08-15 19:03:45.554 +03:00 [INF] Request finished HTTP/2 GET https://localhost:7242/Instructor/MyCourses - 200 null text/html; charset=utf-8 65.1297ms
2026-08-15 19:03:45.562 +03:00 [INF] Request starting HTTP/2 GET https://localhost:7242/_vs/browserLink - null null
2026-08-15 19:03:45.562 +03:00 [INF] Request starting HTTP/2 GET https://localhost:7242/_framework/aspnetcore-browser-refresh.js - null null
2026-08-15 19:03:45.565 +03:00 [INF] Request finished HTTP/2 GET https://localhost:7242/_framework/aspnetcore-browser-refresh.js - 200 14923 application/javascript; charset=utf-8 3.2979ms
2026-08-15 19:03:45.568 +03:00 [INF] Request finished HTTP/2 GET https://localhost:7242/_vs/browserLink - 200 null text/javascript; charset=UTF-8 6.2907ms
2026-08-15 19:03:45.581 +03:00 [INF] Sending file. Request path: '/images/courses/default-course.jpg'. Physical path: 'D:\Real Projects\Mvc Projects\CourseHub\CourseHub\wwwroot\images\courses\default-course.jpg'
2026-08-15 19:03:45.582 +03:00 [INF] Request finished HTTP/2 GET https://localhost:7242/images/courses/default-course.jpg - 200 1666521 image/jpeg 29.1546ms
2026-08-15 19:03:46.800 +03:00 [INF] Request starting HTTP/2 GET https://localhost:7242/Courses/Create - null null
2026-08-15 19:03:46.804 +03:00 [INF] Executing endpoint 'CourseHub.Controllers.CoursesController.Create (CourseHub)'
2026-08-15 19:03:46.810 +03:00 [INF] Route matched with {action = "Create", controller = "Courses"}. Executing controller action with signature System.Threading.Tasks.Task`1[Microsoft.AspNetCore.Mvc.IActionResult] Create() on controller CourseHub.Controllers.CoursesController (CourseHub).
2026-08-15 19:03:46.900 +03:00 [WRN] You do not have a valid license key for the Lucky Penny software AutoMapper. This is allowed for development and testing scenarios. If you are running in production you are required to have a licensed version. Please visit https://luckypennysoftware.com to obtain a valid license.
2026-08-15 19:03:46.908 +03:00 [INF] Executed DbCommand (1ms) [Parameters=[], CommandType='"Text"', CommandTimeout='30']
SELECT CONVERT(varchar(11), [c].[Id]) AS [Value], [c].[Name] AS [Text]
FROM [Categories] AS [c]
ORDER BY [c].[Name]
2026-08-15 19:03:46.911 +03:00 [INF] Executing ViewResult, running view Create.
2026-08-15 19:03:46.958 +03:00 [INF] Executed ViewResult - view Create executed in 47.4583ms.
2026-08-15 19:03:46.959 +03:00 [INF] Executed action CourseHub.Controllers.CoursesController.Create (CourseHub) in 147.53ms
2026-08-15 19:03:46.960 +03:00 [INF] Executed endpoint 'CourseHub.Controllers.CoursesController.Create (CourseHub)'
2026-08-15 19:03:46.960 +03:00 [INF] Request finished HTTP/2 GET https://localhost:7242/Courses/Create - 200 null text/html; charset=utf-8 160.298ms
2026-08-15 19:03:46.964 +03:00 [INF] Request starting HTTP/2 GET https://localhost:7242/_vs/browserLink - null null
2026-08-15 19:03:46.964 +03:00 [INF] Request starting HTTP/2 GET https://localhost:7242/_framework/aspnetcore-browser-refresh.js - null null
2026-08-15 19:03:46.967 +03:00 [INF] Request finished HTTP/2 GET https://localhost:7242/_framework/aspnetcore-browser-refresh.js - 200 14923 application/javascript; charset=utf-8 2.9546ms
2026-08-15 19:03:46.968 +03:00 [INF] Request finished HTTP/2 GET https://localhost:7242/_vs/browserLink - 200 null text/javascript; charset=UTF-8 4.3558ms
2026-08-15 19:04:10.528 +03:00 [INF] Request starting HTTP/2 POST https://localhost:7242/Courses/Create - multipart/form-data; boundary=----WebKitFormBoundaryw4lOp2EPfQ1c6uEY 286795
2026-08-15 19:04:10.533 +03:00 [INF] Executing endpoint 'CourseHub.Controllers.CoursesController.Create (CourseHub)'
2026-08-15 19:04:10.542 +03:00 [INF] Route matched with {action = "Create", controller = "Courses"}. Executing controller action with signature System.Threading.Tasks.Task`1[Microsoft.AspNetCore.Mvc.IActionResult] Create(CourseHub.ViewModels.CreateCourseViewModel) on controller CourseHub.Controllers.CoursesController (CourseHub).
2026-08-15 19:04:36.847 +03:00 [INF] ========== CREATE POST STARTED ==========
2026-08-15 19:04:43.784 +03:00 [INF] Title: vvv
2026-08-15 19:05:13.014 +03:00 [INF] Image: 1.png
2026-08-15 19:05:14.385 +03:00 [INF] Image Size: 285561
2026-08-15 19:05:33.930 +03:00 [INF] Executed DbCommand (10ms) [Parameters=[@p='?' (Size = 450)], CommandType='"Text"', CommandTimeout='30']
SELECT TOP(1) [a].[Id], [a].[AccessFailedCount], [a].[ConcurrencyStamp], [a].[Email], [a].[EmailConfirmed], [a].[FullName], [a].[LockoutEnabled], [a].[LockoutEnd], [a].[NormalizedEmail], [a].[NormalizedUserName], [a].[PasswordHash], [a].[PhoneNumber], [a].[PhoneNumberConfirmed], [a].[SecurityStamp], [a].[TwoFactorEnabled], [a].[UserName]
FROM [AspNetUsers] AS [a]
WHERE [a].[Id] = @p
2026-08-15 19:06:29.288 +03:00 [INF] IMAGE RECEIVED: 1.png - 285561
2026-08-15 19:06:30.537 +03:00 [INF] ABOUT TO SAVE IMAGE: D:\Real Projects\Mvc Projects\CourseHub\CourseHub\wwwroot\images\courses\843b0ba6e5ee4eb7b669f56d5e27fa1f.png
2026-08-15 19:06:30.551 +03:00 [INF] IMAGE SAVED SUCCESSFULLY: D:\Real Projects\Mvc Projects\CourseHub\CourseHub\wwwroot\images\courses\843b0ba6e5ee4eb7b669f56d5e27fa1f.png
2026-08-15 19:06:32.259 +03:00 [INF] IMAGE SAVED: /images/courses/843b0ba6e5ee4eb7b669f56d5e27fa1f.png
2026-08-15 19:06:34.393 +03:00 [INF] Executed DbCommand (8ms) [Parameters=[@p0='?' (DbType = Int32), @p1='?' (DbType = DateTime2), @p2='?' (Size = 2000), @p3='?' (DbType = DateTime2), @p4='?' (Size = 4000), @p5='?' (Size = 450), @p6='?' (Precision = 18) (Scale = 2) (DbType = Decimal), @p7='?' (Size = 150)], CommandType='"Text"', CommandTimeout='30']
SET IMPLICIT_TRANSACTIONS OFF;
SET NOCOUNT ON;
INSERT INTO [Courses] ([CategoryId], [CreatedAt], [Description], [EnrollmentDeadline], [ImageUrl], [InstructorId], [Price], [Title])
OUTPUT INSERTED.[Id]
VALUES (@p0, @p1, @p2, @p3, @p4, @p5, @p6, @p7);
2026-08-15 19:06:35.192 +03:00 [INF] COURSE CREATED: 20
2026-08-15 19:06:38.136 +03:00 [INF] Executing RedirectResult, redirecting to /Courses.
2026-08-15 19:06:38.137 +03:00 [INF] Executed action CourseHub.Controllers.CoursesController.Create (CourseHub) in 147594.512ms
2026-08-15 19:06:38.138 +03:00 [INF] Executed endpoint 'CourseHub.Controllers.CoursesController.Create (CourseHub)'
2026-08-15 19:06:50.301 +03:00 [INF] Request finished HTTP/2 POST https://localhost:7242/Courses/Create - 302 null null 159772.4462ms
2026-08-15 19:06:50.311 +03:00 [INF] Request starting HTTP/2 GET https://localhost:7242/Courses - null null
2026-08-15 19:06:50.327 +03:00 [INF] Executing endpoint 'CourseHub.Controllers.CoursesController.Index (CourseHub)'
2026-08-15 19:06:50.333 +03:00 [INF] Route matched with {action = "Index", controller = "Courses"}. Executing controller action with signature System.Threading.Tasks.Task`1[Microsoft.AspNetCore.Mvc.IActionResult] Index(System.String, System.Nullable`1[System.Int32], Int32) on controller CourseHub.Controllers.CoursesController (CourseHub).
2026-08-15 19:06:50.343 +03:00 [INF] Executed DbCommand (1ms) [Parameters=[], CommandType='"Text"', CommandTimeout='30']
SELECT COUNT(*)
FROM [Courses] AS [c]
2026-08-15 19:06:50.363 +03:00 [INF] Executed DbCommand (4ms) [Parameters=[@p='?' (DbType = Int32), @p1='?' (DbType = Int32)], CommandType='"Text"', CommandTimeout='30']
SELECT [c1].[Id], [c1].[CategoryId], [c1].[CreatedAt], [c1].[Description], [c1].[EnrollmentDeadline], [c1].[ImageUrl], [c1].[InstructorId], [c1].[Price], [c1].[Title], [c0].[Id], [c0].[Name], [a].[Id], [a].[AccessFailedCount], [a].[ConcurrencyStamp], [a].[Email], [a].[EmailConfirmed], [a].[FullName], [a].[LockoutEnabled], [a].[LockoutEnd], [a].[NormalizedEmail], [a].[NormalizedUserName], [a].[PasswordHash], [a].[PhoneNumber], [a].[PhoneNumberConfirmed], [a].[SecurityStamp], [a].[TwoFactorEnabled], [a].[UserName]
FROM (
    SELECT [c].[Id], [c].[CategoryId], [c].[CreatedAt], [c].[Description], [c].[EnrollmentDeadline], [c].[ImageUrl], [c].[InstructorId], [c].[Price], [c].[Title]
    FROM [Courses] AS [c]
    ORDER BY [c].[CreatedAt] DESC
    OFFSET @p ROWS FETCH NEXT @p1 ROWS ONLY
) AS [c1]
INNER JOIN [Categories] AS [c0] ON [c1].[CategoryId] = [c0].[Id]
INNER JOIN [AspNetUsers] AS [a] ON [c1].[InstructorId] = [a].[Id]
ORDER BY [c1].[CreatedAt] DESC
2026-08-15 19:06:50.371 +03:00 [INF] Executed DbCommand (1ms) [Parameters=[], CommandType='"Text"', CommandTimeout='30']
SELECT [c].[Id], [c].[Name]
FROM [Categories] AS [c]
ORDER BY [c].[Name]
2026-08-15 19:06:50.381 +03:00 [INF] Executing ViewResult, running view Index.
2026-08-15 19:06:50.412 +03:00 [INF] Executed ViewResult - view Index executed in 31.6611ms.
2026-08-15 19:06:50.412 +03:00 [INF] Executed action CourseHub.Controllers.CoursesController.Index (CourseHub) in 77.6768ms
2026-08-15 19:06:50.413 +03:00 [INF] Executed endpoint 'CourseHub.Controllers.CoursesController.Index (CourseHub)'
2026-08-15 19:06:50.414 +03:00 [INF] Request finished HTTP/2 GET https://localhost:7242/Courses - 200 null text/html; charset=utf-8 103.5208ms
2026-08-15 19:06:50.417 +03:00 [INF] Request starting HTTP/2 GET https://localhost:7242/images/courses/843b0ba6e5ee4eb7b669f56d5e27fa1f.png - null null
2026-08-15 19:06:50.422 +03:00 [INF] Request starting HTTP/2 GET https://localhost:7242/_framework/aspnetcore-browser-refresh.js - null null
2026-08-15 19:06:50.424 +03:00 [INF] Request finished HTTP/2 GET https://localhost:7242/_framework/aspnetcore-browser-refresh.js - 200 14923 application/javascript; charset=utf-8 1.7196ms
2026-08-15 19:06:50.426 +03:00 [INF] Request starting HTTP/2 GET https://localhost:7242/_vs/browserLink - null null
2026-08-15 19:06:50.428 +03:00 [INF] Sending file. Request path: '/images/courses/843b0ba6e5ee4eb7b669f56d5e27fa1f.png'. Physical path: 'D:\Real Projects\Mvc Projects\CourseHub\CourseHub\wwwroot\images\courses\843b0ba6e5ee4eb7b669f56d5e27fa1f.png'
2026-08-15 19:06:50.430 +03:00 [INF] Request finished HTTP/2 GET https://localhost:7242/images/courses/843b0ba6e5ee4eb7b669f56d5e27fa1f.png - 200 285561 image/png 13.2651ms
2026-08-15 19:06:50.431 +03:00 [INF] Request finished HTTP/2 GET https://localhost:7242/_vs/browserLink - 200 null text/javascript; charset=UTF-8 5.6783ms
2026-08-15 19:07:14.661 +03:00 [INF] Request starting HTTP/2 GET https://localhost:7242/Instructor/Dashboard - null null
2026-08-15 19:07:14.664 +03:00 [INF] Executing endpoint 'CourseHub.Controllers.InstructorController.Dashboard (CourseHub)'
2026-08-15 19:07:14.665 +03:00 [INF] Route matched with {action = "Dashboard", controller = "Instructor"}. Executing controller action with signature System.Threading.Tasks.Task`1[Microsoft.AspNetCore.Mvc.IActionResult] Dashboard() on controller CourseHub.Controllers.InstructorController (CourseHub).
2026-08-15 19:07:14.669 +03:00 [INF] Executed DbCommand (2ms) [Parameters=[@p='?' (Size = 450)], CommandType='"Text"', CommandTimeout='30']
SELECT TOP(1) [a].[Id], [a].[AccessFailedCount], [a].[ConcurrencyStamp], [a].[Email], [a].[EmailConfirmed], [a].[FullName], [a].[LockoutEnabled], [a].[LockoutEnd], [a].[NormalizedEmail], [a].[NormalizedUserName], [a].[PasswordHash], [a].[PhoneNumber], [a].[PhoneNumberConfirmed], [a].[SecurityStamp], [a].[TwoFactorEnabled], [a].[UserName]
FROM [AspNetUsers] AS [a]
WHERE [a].[Id] = @p
2026-08-15 19:07:14.672 +03:00 [INF] Executed DbCommand (1ms) [Parameters=[@user_Id='?' (Size = 450)], CommandType='"Text"', CommandTimeout='30']
SELECT COUNT(*)
FROM [Courses] AS [c]
WHERE [c].[InstructorId] = @user_Id
2026-08-15 19:07:14.675 +03:00 [INF] Executed DbCommand (2ms) [Parameters=[@user_Id='?' (Size = 450)], CommandType='"Text"', CommandTimeout='30']
SELECT COUNT(*)
FROM [Enrollments] AS [e]
INNER JOIN [Courses] AS [c] ON [e].[CourseId] = [c].[Id]
WHERE [c].[InstructorId] = @user_Id
2026-08-15 19:07:14.679 +03:00 [INF] Executed DbCommand (2ms) [Parameters=[@user_Id='?' (Size = 450)], CommandType='"Text"', CommandTimeout='30']
SELECT COUNT(*)
FROM (
    SELECT DISTINCT [e].[StudentId]
    FROM [Enrollments] AS [e]
    INNER JOIN [Courses] AS [c] ON [e].[CourseId] = [c].[Id]
    WHERE [c].[InstructorId] = @user_Id
) AS [s]
2026-08-15 19:07:14.681 +03:00 [INF] Executing ViewResult, running view Dashboard.
2026-08-15 19:07:14.683 +03:00 [INF] Executed ViewResult - view Dashboard executed in 2.4318ms.
2026-08-15 19:07:14.684 +03:00 [INF] Executed action CourseHub.Controllers.InstructorController.Dashboard (CourseHub) in 17.554ms
2026-08-15 19:07:14.685 +03:00 [INF] Executed endpoint 'CourseHub.Controllers.InstructorController.Dashboard (CourseHub)'
2026-08-15 19:07:14.685 +03:00 [INF] Request finished HTTP/2 GET https://localhost:7242/Instructor/Dashboard - 200 null text/html; charset=utf-8 24.428ms
2026-08-15 19:07:14.717 +03:00 [INF] Request starting HTTP/2 GET https://localhost:7242/_vs/browserLink - null null
2026-08-15 19:07:14.717 +03:00 [INF] Request starting HTTP/2 GET https://localhost:7242/_framework/aspnetcore-browser-refresh.js - null null
2026-08-15 19:07:14.721 +03:00 [INF] Request finished HTTP/2 GET https://localhost:7242/_framework/aspnetcore-browser-refresh.js - 200 14923 application/javascript; charset=utf-8 3.6575ms
2026-08-15 19:07:14.723 +03:00 [INF] Request finished HTTP/2 GET https://localhost:7242/_vs/browserLink - 200 null text/javascript; charset=UTF-8 5.6333ms
2026-08-15 19:07:15.402 +03:00 [INF] Request starting HTTP/2 GET https://localhost:7242/Instructor/MyCourses - null null
2026-08-15 19:07:31.724 +03:00 [INF] Executing endpoint 'CourseHub.Controllers.InstructorController.MyCourses (CourseHub)'
2026-08-15 19:07:31.725 +03:00 [INF] Route matched with {action = "MyCourses", controller = "Instructor"}. Executing controller action with signature System.Threading.Tasks.Task`1[Microsoft.AspNetCore.Mvc.IActionResult] MyCourses() on controller CourseHub.Controllers.InstructorController (CourseHub).
2026-08-15 19:07:31.727 +03:00 [INF] Executed DbCommand (0ms) [Parameters=[@p='?' (Size = 450)], CommandType='"Text"', CommandTimeout='30']
SELECT TOP(1) [a].[Id], [a].[AccessFailedCount], [a].[ConcurrencyStamp], [a].[Email], [a].[EmailConfirmed], [a].[FullName], [a].[LockoutEnabled], [a].[LockoutEnd], [a].[NormalizedEmail], [a].[NormalizedUserName], [a].[PasswordHash], [a].[PhoneNumber], [a].[PhoneNumberConfirmed], [a].[SecurityStamp], [a].[TwoFactorEnabled], [a].[UserName]
FROM [AspNetUsers] AS [a]
WHERE [a].[Id] = @p
2026-08-15 19:07:31.732 +03:00 [INF] Executed DbCommand (3ms) [Parameters=[@user_Id='?' (Size = 450)], CommandType='"Text"', CommandTimeout='30']
SELECT [c].[Id], [c].[CategoryId], [c].[CreatedAt], [c].[Description], [c].[EnrollmentDeadline], [c].[ImageUrl], [c].[InstructorId], [c].[Price], [c].[Title], [c0].[Id], [c0].[Name]
FROM [Courses] AS [c]
INNER JOIN [Categories] AS [c0] ON [c].[CategoryId] = [c0].[Id]
WHERE [c].[InstructorId] = @user_Id
ORDER BY [c].[CreatedAt] DESC
2026-08-15 19:07:41.314 +03:00 [INF] Executing ViewResult, running view MyCourses.
2026-08-15 19:07:41.316 +03:00 [INF] Executed ViewResult - view MyCourses executed in 2.6104ms.
2026-08-15 19:07:41.317 +03:00 [INF] Executed action CourseHub.Controllers.InstructorController.MyCourses (CourseHub) in 9591.6484ms
2026-08-15 19:07:41.318 +03:00 [INF] Executed endpoint 'CourseHub.Controllers.InstructorController.MyCourses (CourseHub)'
2026-08-15 19:07:41.319 +03:00 [INF] Request finished HTTP/2 GET https://localhost:7242/Instructor/MyCourses - 200 null text/html; charset=utf-8 25916.3707ms
2026-08-15 19:07:41.355 +03:00 [INF] Request starting HTTP/2 GET https://localhost:7242/images/courses/843b0ba6e5ee4eb7b669f56d5e27fa1f.png - null null
2026-08-15 19:07:41.355 +03:00 [INF] Request starting HTTP/2 GET https://localhost:7242/_framework/aspnetcore-browser-refresh.js - null null
2026-08-15 19:07:41.358 +03:00 [INF] Request finished HTTP/2 GET https://localhost:7242/_framework/aspnetcore-browser-refresh.js - 200 14923 application/javascript; charset=utf-8 2.6639ms
2026-08-15 19:07:41.359 +03:00 [INF] Sending file. Request path: '/images/courses/843b0ba6e5ee4eb7b669f56d5e27fa1f.png'. Physical path: 'D:\Real Projects\Mvc Projects\CourseHub\CourseHub\wwwroot\images\courses\843b0ba6e5ee4eb7b669f56d5e27fa1f.png'
2026-08-15 19:07:41.361 +03:00 [INF] Request finished HTTP/2 GET https://localhost:7242/images/courses/843b0ba6e5ee4eb7b669f56d5e27fa1f.png - 200 285561 image/png 6.2516ms
2026-08-15 19:07:41.363 +03:00 [INF] Request starting HTTP/2 GET https://localhost:7242/_vs/browserLink - null null
2026-08-15 19:07:41.368 +03:00 [INF] Request finished HTTP/2 GET https://localhost:7242/_vs/browserLink - 200 null text/javascript; charset=UTF-8 4.784ms
2026-08-15 19:07:50.508 +03:00 [INF] Request starting HTTP/2 GET https://localhost:7242/Courses/Create - null null
2026-08-15 19:07:50.512 +03:00 [INF] Executing endpoint 'CourseHub.Controllers.CoursesController.Create (CourseHub)'
2026-08-15 19:07:50.513 +03:00 [INF] Route matched with {action = "Create", controller = "Courses"}. Executing controller action with signature System.Threading.Tasks.Task`1[Microsoft.AspNetCore.Mvc.IActionResult] Create() on controller CourseHub.Controllers.CoursesController (CourseHub).
2026-08-15 19:07:50.517 +03:00 [INF] Executed DbCommand (1ms) [Parameters=[], CommandType='"Text"', CommandTimeout='30']
SELECT CONVERT(varchar(11), [c].[Id]) AS [Value], [c].[Name] AS [Text]
FROM [Categories] AS [c]
ORDER BY [c].[Name]
2026-08-15 19:07:50.519 +03:00 [INF] Executing ViewResult, running view Create.
2026-08-15 19:07:50.521 +03:00 [INF] Executed ViewResult - view Create executed in 2.5741ms.
2026-08-15 19:07:50.522 +03:00 [INF] Executed action CourseHub.Controllers.CoursesController.Create (CourseHub) in 8.0767ms
2026-08-15 19:07:50.523 +03:00 [INF] Executed endpoint 'CourseHub.Controllers.CoursesController.Create (CourseHub)'
2026-08-15 19:07:50.524 +03:00 [INF] Request finished HTTP/2 GET https://localhost:7242/Courses/Create - 200 null text/html; charset=utf-8 15.38ms
2026-08-15 19:07:50.558 +03:00 [INF] Request starting HTTP/2 GET https://localhost:7242/_framework/aspnetcore-browser-refresh.js - null null
2026-08-15 19:07:50.558 +03:00 [INF] Request starting HTTP/2 GET https://localhost:7242/_vs/browserLink - null null
2026-08-15 19:07:50.560 +03:00 [INF] Request finished HTTP/2 GET https://localhost:7242/_framework/aspnetcore-browser-refresh.js - 200 14923 application/javascript; charset=utf-8 2.3528ms
2026-08-15 19:07:50.565 +03:00 [INF] Request finished HTTP/2 GET https://localhost:7242/_vs/browserLink - 200 null text/javascript; charset=UTF-8 6.4574ms
2026-08-15 19:08:07.889 +03:00 [INF] Starting CourseHub application...
2026-08-15 19:08:08.841 +03:00 [INF] User profile is available. Using 'C:\Users\ayman\AppData\Local\ASP.NET\DataProtection-Keys' as key repository and Windows DPAPI to encrypt keys at rest.
2026-08-15 19:08:09.671 +03:00 [WRN] No store type was specified for the decimal property 'Price' on entity type 'Course'. This will cause values to be silently truncated if they do not fit in the default precision and scale. Explicitly specify the SQL server column type that can accommodate all the values in 'OnModelCreating' using 'HasColumnType', specify precision and scale using 'HasPrecision', or configure a value converter using 'HasConversion'.
2026-08-15 19:08:10.557 +03:00 [INF] Executed DbCommand (98ms) [Parameters=[@normalizedName='?' (Size = 256)], CommandType='"Text"', CommandTimeout='30']
SELECT TOP(1) [a].[Id], [a].[ConcurrencyStamp], [a].[Name], [a].[NormalizedName]
FROM [AspNetRoles] AS [a]
WHERE [a].[NormalizedName] = @normalizedName
2026-08-15 19:08:10.641 +03:00 [INF] Executed DbCommand (1ms) [Parameters=[@normalizedName='?' (Size = 256)], CommandType='"Text"', CommandTimeout='30']
SELECT TOP(1) [a].[Id], [a].[ConcurrencyStamp], [a].[Name], [a].[NormalizedName]
FROM [AspNetRoles] AS [a]
WHERE [a].[NormalizedName] = @normalizedName
2026-08-15 19:08:10.644 +03:00 [INF] Executed DbCommand (0ms) [Parameters=[@normalizedName='?' (Size = 256)], CommandType='"Text"', CommandTimeout='30']
SELECT TOP(1) [a].[Id], [a].[ConcurrencyStamp], [a].[Name], [a].[NormalizedName]
FROM [AspNetRoles] AS [a]
WHERE [a].[NormalizedName] = @normalizedName
2026-08-15 19:08:10.658 +03:00 [INF] Executed DbCommand (3ms) [Parameters=[@normalizedEmail='?' (Size = 256)], CommandType='"Text"', CommandTimeout='30']
SELECT TOP(2) [a].[Id], [a].[AccessFailedCount], [a].[ConcurrencyStamp], [a].[Email], [a].[EmailConfirmed], [a].[FullName], [a].[LockoutEnabled], [a].[LockoutEnd], [a].[NormalizedEmail], [a].[NormalizedUserName], [a].[PasswordHash], [a].[PhoneNumber], [a].[PhoneNumberConfirmed], [a].[SecurityStamp], [a].[TwoFactorEnabled], [a].[UserName]
FROM [AspNetUsers] AS [a]
WHERE [a].[NormalizedEmail] = @normalizedEmail
2026-08-15 19:08:10.690 +03:00 [INF] CourseHub application started successfully.
2026-08-15 19:08:10.879 +03:00 [INF] Now listening on: https://localhost:7242
2026-08-15 19:08:10.880 +03:00 [INF] Now listening on: http://localhost:5164
2026-08-15 19:08:10.916 +03:00 [INF] Application started. Press Ctrl+C to shut down.
2026-08-15 19:08:10.917 +03:00 [INF] Hosting environment: Development
2026-08-15 19:08:10.918 +03:00 [INF] Content root path: D:\Real Projects\Mvc Projects\CourseHub\CourseHub
2026-08-15 19:08:11.527 +03:00 [INF] Request starting HTTP/2 GET https://localhost:7242/ - null null
2026-08-15 19:08:11.650 +03:00 [INF] Executing endpoint 'CourseHub.Controllers.HomeController.Index (CourseHub)'
2026-08-15 19:08:11.664 +03:00 [INF] Route matched with {action = "Index", controller = "Home"}. Executing controller action with signature System.Threading.Tasks.Task`1[Microsoft.AspNetCore.Mvc.IActionResult] Index() on controller CourseHub.Controllers.HomeController (CourseHub).
2026-08-15 19:08:11.748 +03:00 [INF] Executed DbCommand (3ms) [Parameters=[], CommandType='"Text"', CommandTimeout='30']
SELECT COUNT(*)
FROM [Courses] AS [c]
2026-08-15 19:08:11.755 +03:00 [INF] Executed DbCommand (1ms) [Parameters=[], CommandType='"Text"', CommandTimeout='30']
SELECT COUNT(*)
FROM [Categories] AS [c]
2026-08-15 19:08:11.794 +03:00 [INF] Executing ViewResult, running view Index.
2026-08-15 19:08:11.922 +03:00 [INF] Executed ViewResult - view Index executed in 128.125ms.
2026-08-15 19:08:11.926 +03:00 [INF] Executed action CourseHub.Controllers.HomeController.Index (CourseHub) in 260.3046ms
2026-08-15 19:08:11.927 +03:00 [INF] Executed endpoint 'CourseHub.Controllers.HomeController.Index (CourseHub)'
2026-08-15 19:08:11.940 +03:00 [INF] Request finished HTTP/2 GET https://localhost:7242/ - 200 null text/html; charset=utf-8 418.4731ms
2026-08-15 19:08:11.961 +03:00 [INF] Request starting HTTP/2 GET https://localhost:7242/_framework/aspnetcore-browser-refresh.js - null null
2026-08-15 19:08:11.961 +03:00 [INF] Request starting HTTP/2 GET https://localhost:7242/_vs/browserLink - null null
2026-08-15 19:08:11.968 +03:00 [INF] Request finished HTTP/2 GET https://localhost:7242/_framework/aspnetcore-browser-refresh.js - 200 14923 application/javascript; charset=utf-8 8.1201ms
2026-08-15 19:08:11.995 +03:00 [INF] Request finished HTTP/2 GET https://localhost:7242/_vs/browserLink - 200 null text/javascript; charset=UTF-8 34.1637ms
2026-08-15 19:08:12.689 +03:00 [INF] Request starting HTTP/2 GET https://localhost:7242/Instructor/Dashboard - null null
2026-08-15 19:08:12.706 +03:00 [INF] Executing endpoint 'CourseHub.Controllers.InstructorController.Dashboard (CourseHub)'
2026-08-15 19:08:12.714 +03:00 [INF] Route matched with {action = "Dashboard", controller = "Instructor"}. Executing controller action with signature System.Threading.Tasks.Task`1[Microsoft.AspNetCore.Mvc.IActionResult] Dashboard() on controller CourseHub.Controllers.InstructorController (CourseHub).
2026-08-15 19:08:12.750 +03:00 [INF] Executed DbCommand (2ms) [Parameters=[@p='?' (Size = 450)], CommandType='"Text"', CommandTimeout='30']
SELECT TOP(1) [a].[Id], [a].[AccessFailedCount], [a].[ConcurrencyStamp], [a].[Email], [a].[EmailConfirmed], [a].[FullName], [a].[LockoutEnabled], [a].[LockoutEnd], [a].[NormalizedEmail], [a].[NormalizedUserName], [a].[PasswordHash], [a].[PhoneNumber], [a].[PhoneNumberConfirmed], [a].[SecurityStamp], [a].[TwoFactorEnabled], [a].[UserName]
FROM [AspNetUsers] AS [a]
WHERE [a].[Id] = @p
2026-08-15 19:08:12.759 +03:00 [INF] Executed DbCommand (2ms) [Parameters=[@user_Id='?' (Size = 450)], CommandType='"Text"', CommandTimeout='30']
SELECT COUNT(*)
FROM [Courses] AS [c]
WHERE [c].[InstructorId] = @user_Id
2026-08-15 19:08:12.793 +03:00 [INF] Executed DbCommand (4ms) [Parameters=[@user_Id='?' (Size = 450)], CommandType='"Text"', CommandTimeout='30']
SELECT COUNT(*)
FROM [Enrollments] AS [e]
INNER JOIN [Courses] AS [c] ON [e].[CourseId] = [c].[Id]
WHERE [c].[InstructorId] = @user_Id
2026-08-15 19:08:12.812 +03:00 [INF] Executed DbCommand (3ms) [Parameters=[@user_Id='?' (Size = 450)], CommandType='"Text"', CommandTimeout='30']
SELECT COUNT(*)
FROM (
    SELECT DISTINCT [e].[StudentId]
    FROM [Enrollments] AS [e]
    INNER JOIN [Courses] AS [c] ON [e].[CourseId] = [c].[Id]
    WHERE [c].[InstructorId] = @user_Id
) AS [s]
2026-08-15 19:08:12.815 +03:00 [INF] Executing ViewResult, running view Dashboard.
2026-08-15 19:08:12.827 +03:00 [INF] Executed ViewResult - view Dashboard executed in 12.4561ms.
2026-08-15 19:08:12.828 +03:00 [INF] Executed action CourseHub.Controllers.InstructorController.Dashboard (CourseHub) in 112.0099ms
2026-08-15 19:08:12.829 +03:00 [INF] Executed endpoint 'CourseHub.Controllers.InstructorController.Dashboard (CourseHub)'
2026-08-15 19:08:12.830 +03:00 [INF] Request finished HTTP/2 GET https://localhost:7242/Instructor/Dashboard - 200 null text/html; charset=utf-8 140.345ms
2026-08-15 19:08:12.870 +03:00 [INF] Request starting HTTP/2 GET https://localhost:7242/_vs/browserLink - null null
2026-08-15 19:08:12.870 +03:00 [INF] Request starting HTTP/2 GET https://localhost:7242/_framework/aspnetcore-browser-refresh.js - null null
2026-08-15 19:08:12.874 +03:00 [INF] Request finished HTTP/2 GET https://localhost:7242/_framework/aspnetcore-browser-refresh.js - 200 14923 application/javascript; charset=utf-8 4.443ms
2026-08-15 19:08:12.884 +03:00 [INF] Request finished HTTP/2 GET https://localhost:7242/_vs/browserLink - 200 null text/javascript; charset=UTF-8 14.4513ms
2026-08-15 19:08:13.506 +03:00 [INF] Request starting HTTP/2 GET https://localhost:7242/Instructor/MyCourses - null null
2026-08-15 19:08:13.527 +03:00 [INF] Executing endpoint 'CourseHub.Controllers.InstructorController.MyCourses (CourseHub)'
2026-08-15 19:08:13.532 +03:00 [INF] Route matched with {action = "MyCourses", controller = "Instructor"}. Executing controller action with signature System.Threading.Tasks.Task`1[Microsoft.AspNetCore.Mvc.IActionResult] MyCourses() on controller CourseHub.Controllers.InstructorController (CourseHub).
2026-08-15 19:08:13.536 +03:00 [INF] Executed DbCommand (0ms) [Parameters=[@p='?' (Size = 450)], CommandType='"Text"', CommandTimeout='30']
SELECT TOP(1) [a].[Id], [a].[AccessFailedCount], [a].[ConcurrencyStamp], [a].[Email], [a].[EmailConfirmed], [a].[FullName], [a].[LockoutEnabled], [a].[LockoutEnd], [a].[NormalizedEmail], [a].[NormalizedUserName], [a].[PasswordHash], [a].[PhoneNumber], [a].[PhoneNumberConfirmed], [a].[SecurityStamp], [a].[TwoFactorEnabled], [a].[UserName]
FROM [AspNetUsers] AS [a]
WHERE [a].[Id] = @p
2026-08-15 19:08:13.569 +03:00 [INF] Executed DbCommand (3ms) [Parameters=[@user_Id='?' (Size = 450)], CommandType='"Text"', CommandTimeout='30']
SELECT [c].[Id], [c].[CategoryId], [c].[CreatedAt], [c].[Description], [c].[EnrollmentDeadline], [c].[ImageUrl], [c].[InstructorId], [c].[Price], [c].[Title], [c0].[Id], [c0].[Name]
FROM [Courses] AS [c]
INNER JOIN [Categories] AS [c0] ON [c].[CategoryId] = [c0].[Id]
WHERE [c].[InstructorId] = @user_Id
ORDER BY [c].[CreatedAt] DESC
2026-08-15 19:08:13.577 +03:00 [INF] Executing ViewResult, running view MyCourses.
2026-08-15 19:08:13.590 +03:00 [INF] Executed ViewResult - view MyCourses executed in 13.8363ms.
2026-08-15 19:08:13.591 +03:00 [INF] Executed action CourseHub.Controllers.InstructorController.MyCourses (CourseHub) in 57.4531ms
2026-08-15 19:08:13.592 +03:00 [INF] Executed endpoint 'CourseHub.Controllers.InstructorController.MyCourses (CourseHub)'
2026-08-15 19:08:13.593 +03:00 [INF] Request finished HTTP/2 GET https://localhost:7242/Instructor/MyCourses - 200 null text/html; charset=utf-8 86.3928ms
2026-08-15 19:08:13.630 +03:00 [INF] Request starting HTTP/2 GET https://localhost:7242/_framework/aspnetcore-browser-refresh.js - null null
2026-08-15 19:08:13.630 +03:00 [INF] Request starting HTTP/2 GET https://localhost:7242/images/courses/843b0ba6e5ee4eb7b669f56d5e27fa1f.png - null null
2026-08-15 19:08:13.630 +03:00 [INF] Request starting HTTP/2 GET https://localhost:7242/_vs/browserLink - null null
2026-08-15 19:08:13.631 +03:00 [INF] Request finished HTTP/2 GET https://localhost:7242/_framework/aspnetcore-browser-refresh.js - 200 14923 application/javascript; charset=utf-8 1.8485ms
2026-08-15 19:08:13.639 +03:00 [INF] The file /images/courses/843b0ba6e5ee4eb7b669f56d5e27fa1f.png was not modified
2026-08-15 19:08:13.639 +03:00 [INF] Request finished HTTP/2 GET https://localhost:7242/_vs/browserLink - 200 null text/javascript; charset=UTF-8 9.44ms
2026-08-15 19:08:13.641 +03:00 [INF] Request finished HTTP/2 GET https://localhost:7242/images/courses/843b0ba6e5ee4eb7b669f56d5e27fa1f.png - 304 null image/png 11.3622ms
2026-08-15 19:08:15.065 +03:00 [INF] Request starting HTTP/2 GET https://localhost:7242/Courses/Create - null null
2026-08-15 19:08:15.070 +03:00 [INF] Executing endpoint 'CourseHub.Controllers.CoursesController.Create (CourseHub)'
2026-08-15 19:08:15.076 +03:00 [INF] Route matched with {action = "Create", controller = "Courses"}. Executing controller action with signature System.Threading.Tasks.Task`1[Microsoft.AspNetCore.Mvc.IActionResult] Create() on controller CourseHub.Controllers.CoursesController (CourseHub).
2026-08-15 19:08:15.170 +03:00 [WRN] You do not have a valid license key for the Lucky Penny software AutoMapper. This is allowed for development and testing scenarios. If you are running in production you are required to have a licensed version. Please visit https://luckypennysoftware.com to obtain a valid license.
2026-08-15 19:08:15.181 +03:00 [INF] Executed DbCommand (1ms) [Parameters=[], CommandType='"Text"', CommandTimeout='30']
SELECT CONVERT(varchar(11), [c].[Id]) AS [Value], [c].[Name] AS [Text]
FROM [Categories] AS [c]
ORDER BY [c].[Name]
2026-08-15 19:08:15.184 +03:00 [INF] Executing ViewResult, running view Create.
2026-08-15 19:08:15.234 +03:00 [INF] Executed ViewResult - view Create executed in 51.2121ms.
2026-08-15 19:08:15.235 +03:00 [INF] Executed action CourseHub.Controllers.CoursesController.Create (CourseHub) in 158.8528ms
2026-08-15 19:08:15.236 +03:00 [INF] Executed endpoint 'CourseHub.Controllers.CoursesController.Create (CourseHub)'
2026-08-15 19:08:15.237 +03:00 [INF] Request finished HTTP/2 GET https://localhost:7242/Courses/Create - 200 null text/html; charset=utf-8 172.3924ms
2026-08-15 19:08:15.375 +03:00 [INF] Request starting HTTP/2 GET https://localhost:7242/_vs/browserLink - null null
2026-08-15 19:08:15.375 +03:00 [INF] Request starting HTTP/2 GET https://localhost:7242/_framework/aspnetcore-browser-refresh.js - null null
2026-08-15 19:08:15.378 +03:00 [INF] Request finished HTTP/2 GET https://localhost:7242/_framework/aspnetcore-browser-refresh.js - 200 14923 application/javascript; charset=utf-8 3.4177ms
2026-08-15 19:08:15.380 +03:00 [INF] Request finished HTTP/2 GET https://localhost:7242/_vs/browserLink - 200 null text/javascript; charset=UTF-8 5.2471ms
2026-08-15 19:08:32.504 +03:00 [INF] Starting CourseHub application...
2026-08-15 19:08:32.947 +03:00 [INF] User profile is available. Using 'C:\Users\ayman\AppData\Local\ASP.NET\DataProtection-Keys' as key repository and Windows DPAPI to encrypt keys at rest.
2026-08-15 19:08:33.481 +03:00 [WRN] No store type was specified for the decimal property 'Price' on entity type 'Course'. This will cause values to be silently truncated if they do not fit in the default precision and scale. Explicitly specify the SQL server column type that can accommodate all the values in 'OnModelCreating' using 'HasColumnType', specify precision and scale using 'HasPrecision', or configure a value converter using 'HasConversion'.
2026-08-15 19:08:34.063 +03:00 [INF] Executed DbCommand (42ms) [Parameters=[@normalizedName='?' (Size = 256)], CommandType='"Text"', CommandTimeout='30']
SELECT TOP(1) [a].[Id], [a].[ConcurrencyStamp], [a].[Name], [a].[NormalizedName]
FROM [AspNetRoles] AS [a]
WHERE [a].[NormalizedName] = @normalizedName
2026-08-15 19:08:34.133 +03:00 [INF] Executed DbCommand (1ms) [Parameters=[@normalizedName='?' (Size = 256)], CommandType='"Text"', CommandTimeout='30']
SELECT TOP(1) [a].[Id], [a].[ConcurrencyStamp], [a].[Name], [a].[NormalizedName]
FROM [AspNetRoles] AS [a]
WHERE [a].[NormalizedName] = @normalizedName
2026-08-15 19:08:34.136 +03:00 [INF] Executed DbCommand (0ms) [Parameters=[@normalizedName='?' (Size = 256)], CommandType='"Text"', CommandTimeout='30']
SELECT TOP(1) [a].[Id], [a].[ConcurrencyStamp], [a].[Name], [a].[NormalizedName]
FROM [AspNetRoles] AS [a]
WHERE [a].[NormalizedName] = @normalizedName
2026-08-15 19:08:34.148 +03:00 [INF] Executed DbCommand (3ms) [Parameters=[@normalizedEmail='?' (Size = 256)], CommandType='"Text"', CommandTimeout='30']
SELECT TOP(2) [a].[Id], [a].[AccessFailedCount], [a].[ConcurrencyStamp], [a].[Email], [a].[EmailConfirmed], [a].[FullName], [a].[LockoutEnabled], [a].[LockoutEnd], [a].[NormalizedEmail], [a].[NormalizedUserName], [a].[PasswordHash], [a].[PhoneNumber], [a].[PhoneNumberConfirmed], [a].[SecurityStamp], [a].[TwoFactorEnabled], [a].[UserName]
FROM [AspNetUsers] AS [a]
WHERE [a].[NormalizedEmail] = @normalizedEmail
2026-08-15 19:08:34.185 +03:00 [INF] CourseHub application started successfully.
2026-08-15 19:08:34.379 +03:00 [INF] Now listening on: https://localhost:7242
2026-08-15 19:08:34.380 +03:00 [INF] Now listening on: http://localhost:5164
2026-08-15 19:08:34.429 +03:00 [INF] Application started. Press Ctrl+C to shut down.
2026-08-15 19:08:34.430 +03:00 [INF] Hosting environment: Development
2026-08-15 19:08:34.431 +03:00 [INF] Content root path: D:\Real Projects\Mvc Projects\CourseHub\CourseHub
2026-08-15 19:08:35.762 +03:00 [INF] Request starting HTTP/2 GET https://localhost:7242/ - null null
2026-08-15 19:08:35.868 +03:00 [INF] Executing endpoint 'CourseHub.Controllers.HomeController.Index (CourseHub)'
2026-08-15 19:08:35.882 +03:00 [INF] Route matched with {action = "Index", controller = "Home"}. Executing controller action with signature System.Threading.Tasks.Task`1[Microsoft.AspNetCore.Mvc.IActionResult] Index() on controller CourseHub.Controllers.HomeController (CourseHub).
2026-08-15 19:08:35.967 +03:00 [INF] Executed DbCommand (3ms) [Parameters=[], CommandType='"Text"', CommandTimeout='30']
SELECT COUNT(*)
FROM [Courses] AS [c]
2026-08-15 19:08:35.975 +03:00 [INF] Executed DbCommand (1ms) [Parameters=[], CommandType='"Text"', CommandTimeout='30']
SELECT COUNT(*)
FROM [Categories] AS [c]
2026-08-15 19:08:36.015 +03:00 [INF] Executing ViewResult, running view Index.
2026-08-15 19:08:36.128 +03:00 [INF] Executed ViewResult - view Index executed in 114.5859ms.
2026-08-15 19:08:36.132 +03:00 [INF] Executed action CourseHub.Controllers.HomeController.Index (CourseHub) in 248.3299ms
2026-08-15 19:08:36.134 +03:00 [INF] Executed endpoint 'CourseHub.Controllers.HomeController.Index (CourseHub)'
2026-08-15 19:08:36.144 +03:00 [INF] Request finished HTTP/2 GET https://localhost:7242/ - 200 null text/html; charset=utf-8 388.5109ms
2026-08-15 19:08:36.159 +03:00 [INF] Request starting HTTP/2 GET https://localhost:7242/_framework/aspnetcore-browser-refresh.js - null null
2026-08-15 19:08:36.159 +03:00 [INF] Request starting HTTP/2 GET https://localhost:7242/_vs/browserLink - null null
2026-08-15 19:08:36.166 +03:00 [INF] Request finished HTTP/2 GET https://localhost:7242/_framework/aspnetcore-browser-refresh.js - 200 14923 application/javascript; charset=utf-8 7.0409ms
2026-08-15 19:08:36.193 +03:00 [INF] Request finished HTTP/2 GET https://localhost:7242/_vs/browserLink - 200 null text/javascript; charset=UTF-8 33.711ms
2026-08-15 19:08:42.473 +03:00 [INF] Request starting HTTP/2 GET https://localhost:7242/Instructor/Dashboard - null null
2026-08-15 19:08:42.490 +03:00 [INF] Executing endpoint 'CourseHub.Controllers.InstructorController.Dashboard (CourseHub)'
2026-08-15 19:08:42.497 +03:00 [INF] Route matched with {action = "Dashboard", controller = "Instructor"}. Executing controller action with signature System.Threading.Tasks.Task`1[Microsoft.AspNetCore.Mvc.IActionResult] Dashboard() on controller CourseHub.Controllers.InstructorController (CourseHub).
2026-08-15 19:08:42.531 +03:00 [INF] Executed DbCommand (2ms) [Parameters=[@p='?' (Size = 450)], CommandType='"Text"', CommandTimeout='30']
SELECT TOP(1) [a].[Id], [a].[AccessFailedCount], [a].[ConcurrencyStamp], [a].[Email], [a].[EmailConfirmed], [a].[FullName], [a].[LockoutEnabled], [a].[LockoutEnd], [a].[NormalizedEmail], [a].[NormalizedUserName], [a].[PasswordHash], [a].[PhoneNumber], [a].[PhoneNumberConfirmed], [a].[SecurityStamp], [a].[TwoFactorEnabled], [a].[UserName]
FROM [AspNetUsers] AS [a]
WHERE [a].[Id] = @p
2026-08-15 19:08:42.538 +03:00 [INF] Executed DbCommand (1ms) [Parameters=[@user_Id='?' (Size = 450)], CommandType='"Text"', CommandTimeout='30']
SELECT COUNT(*)
FROM [Courses] AS [c]
WHERE [c].[InstructorId] = @user_Id
2026-08-15 19:08:42.570 +03:00 [INF] Executed DbCommand (3ms) [Parameters=[@user_Id='?' (Size = 450)], CommandType='"Text"', CommandTimeout='30']
SELECT COUNT(*)
FROM [Enrollments] AS [e]
INNER JOIN [Courses] AS [c] ON [e].[CourseId] = [c].[Id]
WHERE [c].[InstructorId] = @user_Id
2026-08-15 19:08:42.588 +03:00 [INF] Executed DbCommand (3ms) [Parameters=[@user_Id='?' (Size = 450)], CommandType='"Text"', CommandTimeout='30']
SELECT COUNT(*)
FROM (
    SELECT DISTINCT [e].[StudentId]
    FROM [Enrollments] AS [e]
    INNER JOIN [Courses] AS [c] ON [e].[CourseId] = [c].[Id]
    WHERE [c].[InstructorId] = @user_Id
) AS [s]
2026-08-15 19:08:42.592 +03:00 [INF] Executing ViewResult, running view Dashboard.
2026-08-15 19:08:42.603 +03:00 [INF] Executed ViewResult - view Dashboard executed in 12.3378ms.
2026-08-15 19:08:42.604 +03:00 [INF] Executed action CourseHub.Controllers.InstructorController.Dashboard (CourseHub) in 105.8353ms
2026-08-15 19:08:42.605 +03:00 [INF] Executed endpoint 'CourseHub.Controllers.InstructorController.Dashboard (CourseHub)'
2026-08-15 19:08:42.606 +03:00 [INF] Request finished HTTP/2 GET https://localhost:7242/Instructor/Dashboard - 200 null text/html; charset=utf-8 133.2442ms
2026-08-15 19:08:42.609 +03:00 [INF] Request starting HTTP/2 GET https://localhost:7242/_vs/browserLink - null null
2026-08-15 19:08:42.609 +03:00 [INF] Request starting HTTP/2 GET https://localhost:7242/_framework/aspnetcore-browser-refresh.js - null null
2026-08-15 19:08:42.614 +03:00 [INF] Request finished HTTP/2 GET https://localhost:7242/_framework/aspnetcore-browser-refresh.js - 200 14923 application/javascript; charset=utf-8 4.4339ms
2026-08-15 19:08:42.625 +03:00 [INF] Request finished HTTP/2 GET https://localhost:7242/_vs/browserLink - 200 null text/javascript; charset=UTF-8 15.1641ms
2026-08-15 19:08:43.967 +03:00 [INF] Request starting HTTP/2 GET https://localhost:7242/Instructor/MyCourses - null null
2026-08-15 19:08:43.988 +03:00 [INF] Executing endpoint 'CourseHub.Controllers.InstructorController.MyCourses (CourseHub)'
2026-08-15 19:08:43.994 +03:00 [INF] Route matched with {action = "MyCourses", controller = "Instructor"}. Executing controller action with signature System.Threading.Tasks.Task`1[Microsoft.AspNetCore.Mvc.IActionResult] MyCourses() on controller CourseHub.Controllers.InstructorController (CourseHub).
2026-08-15 19:08:43.998 +03:00 [INF] Executed DbCommand (1ms) [Parameters=[@p='?' (Size = 450)], CommandType='"Text"', CommandTimeout='30']
SELECT TOP(1) [a].[Id], [a].[AccessFailedCount], [a].[ConcurrencyStamp], [a].[Email], [a].[EmailConfirmed], [a].[FullName], [a].[LockoutEnabled], [a].[LockoutEnd], [a].[NormalizedEmail], [a].[NormalizedUserName], [a].[PasswordHash], [a].[PhoneNumber], [a].[PhoneNumberConfirmed], [a].[SecurityStamp], [a].[TwoFactorEnabled], [a].[UserName]
FROM [AspNetUsers] AS [a]
WHERE [a].[Id] = @p
2026-08-15 19:08:44.030 +03:00 [INF] Executed DbCommand (3ms) [Parameters=[@user_Id='?' (Size = 450)], CommandType='"Text"', CommandTimeout='30']
SELECT [c].[Id], [c].[CategoryId], [c].[CreatedAt], [c].[Description], [c].[EnrollmentDeadline], [c].[ImageUrl], [c].[InstructorId], [c].[Price], [c].[Title], [c0].[Id], [c0].[Name]
FROM [Courses] AS [c]
INNER JOIN [Categories] AS [c0] ON [c].[CategoryId] = [c0].[Id]
WHERE [c].[InstructorId] = @user_Id
ORDER BY [c].[CreatedAt] DESC
2026-08-15 19:08:44.038 +03:00 [INF] Executing ViewResult, running view MyCourses.
2026-08-15 19:08:44.051 +03:00 [INF] Executed ViewResult - view MyCourses executed in 13.3911ms.
2026-08-15 19:08:44.052 +03:00 [INF] Executed action CourseHub.Controllers.InstructorController.MyCourses (CourseHub) in 56.7738ms
2026-08-15 19:08:44.053 +03:00 [INF] Request starting HTTP/2 GET https://localhost:7242/images/courses/843b0ba6e5ee4eb7b669f56d5e27fa1f.png - null null
2026-08-15 19:08:44.053 +03:00 [INF] Executed endpoint 'CourseHub.Controllers.InstructorController.MyCourses (CourseHub)'
2026-08-15 19:08:44.055 +03:00 [INF] Request finished HTTP/2 GET https://localhost:7242/Instructor/MyCourses - 200 null text/html; charset=utf-8 88.8645ms
2026-08-15 19:08:44.059 +03:00 [INF] The file /images/courses/843b0ba6e5ee4eb7b669f56d5e27fa1f.png was not modified
2026-08-15 19:08:44.060 +03:00 [INF] Request starting HTTP/2 GET https://localhost:7242/_vs/browserLink - null null
2026-08-15 19:08:44.060 +03:00 [INF] Request starting HTTP/2 GET https://localhost:7242/_framework/aspnetcore-browser-refresh.js - null null
2026-08-15 19:08:44.061 +03:00 [INF] Request finished HTTP/2 GET https://localhost:7242/images/courses/843b0ba6e5ee4eb7b669f56d5e27fa1f.png - 304 null image/png 8.1756ms
2026-08-15 19:08:44.064 +03:00 [INF] Request finished HTTP/2 GET https://localhost:7242/_framework/aspnetcore-browser-refresh.js - 200 14923 application/javascript; charset=utf-8 4.127ms
2026-08-15 19:08:44.066 +03:00 [INF] Request finished HTTP/2 GET https://localhost:7242/_vs/browserLink - 200 null text/javascript; charset=UTF-8 6.5523ms
2026-08-15 19:08:45.408 +03:00 [INF] Request starting HTTP/2 GET https://localhost:7242/Courses/Create - null null
2026-08-15 19:08:45.414 +03:00 [INF] Executing endpoint 'CourseHub.Controllers.CoursesController.Create (CourseHub)'
2026-08-15 19:08:45.421 +03:00 [INF] Route matched with {action = "Create", controller = "Courses"}. Executing controller action with signature System.Threading.Tasks.Task`1[Microsoft.AspNetCore.Mvc.IActionResult] Create() on controller CourseHub.Controllers.CoursesController (CourseHub).
2026-08-15 19:08:45.522 +03:00 [WRN] You do not have a valid license key for the Lucky Penny software AutoMapper. This is allowed for development and testing scenarios. If you are running in production you are required to have a licensed version. Please visit https://luckypennysoftware.com to obtain a valid license.
2026-08-15 19:08:45.531 +03:00 [INF] Executed DbCommand (1ms) [Parameters=[], CommandType='"Text"', CommandTimeout='30']
SELECT CONVERT(varchar(11), [c].[Id]) AS [Value], [c].[Name] AS [Text]
FROM [Categories] AS [c]
ORDER BY [c].[Name]
2026-08-15 19:08:45.534 +03:00 [INF] Executing ViewResult, running view Create.
2026-08-15 19:08:45.589 +03:00 [INF] Executed ViewResult - view Create executed in 54.6817ms.
2026-08-15 19:08:45.589 +03:00 [INF] Executed action CourseHub.Controllers.CoursesController.Create (CourseHub) in 167.8933ms
2026-08-15 19:08:45.590 +03:00 [INF] Executed endpoint 'CourseHub.Controllers.CoursesController.Create (CourseHub)'
2026-08-15 19:08:45.591 +03:00 [INF] Request finished HTTP/2 GET https://localhost:7242/Courses/Create - 200 null text/html; charset=utf-8 182.8578ms
2026-08-15 19:08:45.594 +03:00 [INF] Request starting HTTP/2 GET https://localhost:7242/_vs/browserLink - null null
2026-08-15 19:08:45.594 +03:00 [INF] Request starting HTTP/2 GET https://localhost:7242/_framework/aspnetcore-browser-refresh.js - null null
2026-08-15 19:08:45.619 +03:00 [INF] Request finished HTTP/2 GET https://localhost:7242/_framework/aspnetcore-browser-refresh.js - 200 14923 application/javascript; charset=utf-8 25.0036ms
2026-08-15 19:08:45.621 +03:00 [INF] Request finished HTTP/2 GET https://localhost:7242/_vs/browserLink - 200 null text/javascript; charset=UTF-8 26.989ms
2026-08-15 19:09:03.172 +03:00 [INF] Request starting HTTP/2 POST https://localhost:7242/Courses/Create - multipart/form-data; boundary=----WebKitFormBoundaryJyONmSSAfB4iXeyw 286797
2026-08-15 19:09:03.177 +03:00 [INF] Executing endpoint 'CourseHub.Controllers.CoursesController.Create (CourseHub)'
2026-08-15 19:09:03.193 +03:00 [INF] Route matched with {action = "Create", controller = "Courses"}. Executing controller action with signature System.Threading.Tasks.Task`1[Microsoft.AspNetCore.Mvc.IActionResult] Create(CourseHub.ViewModels.CreateCourseViewModel) on controller CourseHub.Controllers.CoursesController (CourseHub).
2026-08-15 19:09:03.230 +03:00 [INF] ========== CREATE POST STARTED ==========
2026-08-15 19:09:03.230 +03:00 [INF] Title: ggggggggg
2026-08-15 19:09:03.231 +03:00 [INF] Image: 1.png
2026-08-15 19:09:03.232 +03:00 [INF] Image Size: 285561
2026-08-15 19:09:03.234 +03:00 [INF] Executed DbCommand (1ms) [Parameters=[@p='?' (Size = 450)], CommandType='"Text"', CommandTimeout='30']
SELECT TOP(1) [a].[Id], [a].[AccessFailedCount], [a].[ConcurrencyStamp], [a].[Email], [a].[EmailConfirmed], [a].[FullName], [a].[LockoutEnabled], [a].[LockoutEnd], [a].[NormalizedEmail], [a].[NormalizedUserName], [a].[PasswordHash], [a].[PhoneNumber], [a].[PhoneNumberConfirmed], [a].[SecurityStamp], [a].[TwoFactorEnabled], [a].[UserName]
FROM [AspNetUsers] AS [a]
WHERE [a].[Id] = @p
2026-08-15 19:09:03.241 +03:00 [INF] IMAGE RECEIVED: 1.png - 285561
2026-08-15 19:09:03.243 +03:00 [INF] ABOUT TO SAVE IMAGE: D:\Real Projects\Mvc Projects\CourseHub\CourseHub\wwwroot\images\courses\8097a6af1d3f46168d7962df5189d26f.png
2026-08-15 19:09:03.248 +03:00 [INF] IMAGE SAVED SUCCESSFULLY: D:\Real Projects\Mvc Projects\CourseHub\CourseHub\wwwroot\images\courses\8097a6af1d3f46168d7962df5189d26f.png
2026-08-15 19:09:03.249 +03:00 [INF] IMAGE SAVED: /images/courses/8097a6af1d3f46168d7962df5189d26f.png
2026-08-15 19:09:03.389 +03:00 [INF] Executed DbCommand (4ms) [Parameters=[@p0='?' (DbType = Int32), @p1='?' (DbType = DateTime2), @p2='?' (Size = 2000), @p3='?' (DbType = DateTime2), @p4='?' (Size = 4000), @p5='?' (Size = 450), @p6='?' (Precision = 18) (Scale = 2) (DbType = Decimal), @p7='?' (Size = 150)], CommandType='"Text"', CommandTimeout='30']
SET IMPLICIT_TRANSACTIONS OFF;
SET NOCOUNT ON;
INSERT INTO [Courses] ([CategoryId], [CreatedAt], [Description], [EnrollmentDeadline], [ImageUrl], [InstructorId], [Price], [Title])
OUTPUT INSERTED.[Id]
VALUES (@p0, @p1, @p2, @p3, @p4, @p5, @p6, @p7);
2026-08-15 19:09:03.413 +03:00 [INF] COURSE CREATED: 21
2026-08-15 19:09:03.414 +03:00 [INF] Executing RedirectResult, redirecting to /Courses.
2026-08-15 19:09:03.416 +03:00 [INF] Executed action CourseHub.Controllers.CoursesController.Create (CourseHub) in 222.1993ms
2026-08-15 19:09:03.417 +03:00 [INF] Executed endpoint 'CourseHub.Controllers.CoursesController.Create (CourseHub)'
2026-08-15 19:09:03.418 +03:00 [INF] Request finished HTTP/2 POST https://localhost:7242/Courses/Create - 302 null null 246.1224ms
2026-08-15 19:09:03.419 +03:00 [INF] Request starting HTTP/2 GET https://localhost:7242/Courses - null null
2026-08-15 19:09:03.423 +03:00 [INF] Executing endpoint 'CourseHub.Controllers.CoursesController.Index (CourseHub)'
2026-08-15 19:09:03.429 +03:00 [INF] Route matched with {action = "Index", controller = "Courses"}. Executing controller action with signature System.Threading.Tasks.Task`1[Microsoft.AspNetCore.Mvc.IActionResult] Index(System.String, System.Nullable`1[System.Int32], Int32) on controller CourseHub.Controllers.CoursesController (CourseHub).
2026-08-15 19:09:03.436 +03:00 [INF] Executed DbCommand (0ms) [Parameters=[], CommandType='"Text"', CommandTimeout='30']
SELECT COUNT(*)
FROM [Courses] AS [c]
2026-08-15 19:09:03.457 +03:00 [INF] Executed DbCommand (5ms) [Parameters=[@p='?' (DbType = Int32), @p1='?' (DbType = Int32)], CommandType='"Text"', CommandTimeout='30']
SELECT [c1].[Id], [c1].[CategoryId], [c1].[CreatedAt], [c1].[Description], [c1].[EnrollmentDeadline], [c1].[ImageUrl], [c1].[InstructorId], [c1].[Price], [c1].[Title], [c0].[Id], [c0].[Name], [a].[Id], [a].[AccessFailedCount], [a].[ConcurrencyStamp], [a].[Email], [a].[EmailConfirmed], [a].[FullName], [a].[LockoutEnabled], [a].[LockoutEnd], [a].[NormalizedEmail], [a].[NormalizedUserName], [a].[PasswordHash], [a].[PhoneNumber], [a].[PhoneNumberConfirmed], [a].[SecurityStamp], [a].[TwoFactorEnabled], [a].[UserName]
FROM (
    SELECT [c].[Id], [c].[CategoryId], [c].[CreatedAt], [c].[Description], [c].[EnrollmentDeadline], [c].[ImageUrl], [c].[InstructorId], [c].[Price], [c].[Title]
    FROM [Courses] AS [c]
    ORDER BY [c].[CreatedAt] DESC
    OFFSET @p ROWS FETCH NEXT @p1 ROWS ONLY
) AS [c1]
INNER JOIN [Categories] AS [c0] ON [c1].[CategoryId] = [c0].[Id]
INNER JOIN [AspNetUsers] AS [a] ON [c1].[InstructorId] = [a].[Id]
ORDER BY [c1].[CreatedAt] DESC
2026-08-15 19:09:03.464 +03:00 [INF] Executed DbCommand (1ms) [Parameters=[], CommandType='"Text"', CommandTimeout='30']
SELECT [c].[Id], [c].[Name]
FROM [Categories] AS [c]
ORDER BY [c].[Name]
2026-08-15 19:09:03.473 +03:00 [INF] Executing ViewResult, running view Index.
2026-08-15 19:09:03.502 +03:00 [INF] Executed ViewResult - view Index executed in 28.7346ms.
2026-08-15 19:09:03.502 +03:00 [INF] Executed action CourseHub.Controllers.CoursesController.Index (CourseHub) in 72.3559ms
2026-08-15 19:09:03.503 +03:00 [INF] Executed endpoint 'CourseHub.Controllers.CoursesController.Index (CourseHub)'
2026-08-15 19:09:03.504 +03:00 [INF] Request finished HTTP/2 GET https://localhost:7242/Courses - 200 null text/html; charset=utf-8 84.7046ms
2026-08-15 19:09:03.507 +03:00 [INF] Request starting HTTP/2 GET https://localhost:7242/images/courses/843b0ba6e5ee4eb7b669f56d5e27fa1f.png - null null
2026-08-15 19:09:03.507 +03:00 [INF] Request starting HTTP/2 GET https://localhost:7242/images/courses/8097a6af1d3f46168d7962df5189d26f.png - null null
2026-08-15 19:09:03.509 +03:00 [INF] The file /images/courses/843b0ba6e5ee4eb7b669f56d5e27fa1f.png was not modified
2026-08-15 19:09:03.510 +03:00 [INF] Request finished HTTP/2 GET https://localhost:7242/images/courses/843b0ba6e5ee4eb7b669f56d5e27fa1f.png - 304 null image/png 3.3622ms
2026-08-15 19:09:03.513 +03:00 [INF] Request starting HTTP/2 GET https://localhost:7242/_vs/browserLink - null null
2026-08-15 19:09:03.513 +03:00 [INF] Request starting HTTP/2 GET https://localhost:7242/_framework/aspnetcore-browser-refresh.js - null null
2026-08-15 19:09:03.517 +03:00 [INF] Request finished HTTP/2 GET https://localhost:7242/_framework/aspnetcore-browser-refresh.js - 200 14923 application/javascript; charset=utf-8 4.0556ms
2026-08-15 19:09:03.519 +03:00 [INF] Request finished HTTP/2 GET https://localhost:7242/_vs/browserLink - 200 null text/javascript; charset=UTF-8 6.0683ms
2026-08-15 19:09:03.530 +03:00 [INF] Sending file. Request path: '/images/courses/8097a6af1d3f46168d7962df5189d26f.png'. Physical path: 'D:\Real Projects\Mvc Projects\CourseHub\CourseHub\wwwroot\images\courses\8097a6af1d3f46168d7962df5189d26f.png'
2026-08-15 19:09:03.531 +03:00 [INF] Request finished HTTP/2 GET https://localhost:7242/images/courses/8097a6af1d3f46168d7962df5189d26f.png - 200 285561 image/png 23.7639ms
2026-08-15 19:10:58.743 +03:00 [INF] Request starting HTTP/2 POST https://localhost:7242/Account/Logout - application/x-www-form-urlencoded 225
2026-08-15 19:10:58.752 +03:00 [INF] Executing endpoint 'CourseHub.Controllers.AccountController.Logout (CourseHub)'
2026-08-15 19:10:58.758 +03:00 [INF] Route matched with {action = "Logout", controller = "Account"}. Executing controller action with signature System.Threading.Tasks.Task`1[Microsoft.AspNetCore.Mvc.IActionResult] Logout() on controller CourseHub.Controllers.AccountController (CourseHub).
2026-08-15 19:10:58.764 +03:00 [INF] AuthenticationScheme: Identity.Application signed out.
2026-08-15 19:10:58.765 +03:00 [INF] AuthenticationScheme: Identity.External signed out.
2026-08-15 19:10:58.766 +03:00 [INF] AuthenticationScheme: Identity.TwoFactorUserId signed out.
2026-08-15 19:10:58.767 +03:00 [INF] Executing RedirectResult, redirecting to /.
2026-08-15 19:10:58.767 +03:00 [INF] Executed action CourseHub.Controllers.AccountController.Logout (CourseHub) in 8.4882ms
2026-08-15 19:10:58.768 +03:00 [INF] Executed endpoint 'CourseHub.Controllers.AccountController.Logout (CourseHub)'
2026-08-15 19:10:58.769 +03:00 [INF] Request finished HTTP/2 POST https://localhost:7242/Account/Logout - 302 null null 25.7241ms
2026-08-15 19:10:58.771 +03:00 [INF] Request starting HTTP/2 GET https://localhost:7242/ - null null
2026-08-15 19:10:58.773 +03:00 [INF] Executing endpoint 'CourseHub.Controllers.HomeController.Index (CourseHub)'
2026-08-15 19:10:58.774 +03:00 [INF] Route matched with {action = "Index", controller = "Home"}. Executing controller action with signature System.Threading.Tasks.Task`1[Microsoft.AspNetCore.Mvc.IActionResult] Index() on controller CourseHub.Controllers.HomeController (CourseHub).
2026-08-15 19:10:58.779 +03:00 [INF] Executed DbCommand (2ms) [Parameters=[], CommandType='"Text"', CommandTimeout='30']
SELECT COUNT(*)
FROM [Courses] AS [c]
2026-08-15 19:10:58.781 +03:00 [INF] Executed DbCommand (1ms) [Parameters=[], CommandType='"Text"', CommandTimeout='30']
SELECT COUNT(*)
FROM [Categories] AS [c]
2026-08-15 19:10:58.782 +03:00 [INF] Executing ViewResult, running view Index.
2026-08-15 19:10:58.786 +03:00 [INF] Executed ViewResult - view Index executed in 3.1314ms.
2026-08-15 19:10:58.786 +03:00 [INF] Executed action CourseHub.Controllers.HomeController.Index (CourseHub) in 11.6082ms
2026-08-15 19:10:58.787 +03:00 [INF] Executed endpoint 'CourseHub.Controllers.HomeController.Index (CourseHub)'
2026-08-15 19:10:58.788 +03:00 [INF] Request finished HTTP/2 GET https://localhost:7242/ - 200 null text/html; charset=utf-8 17.0695ms
2026-08-15 19:10:58.791 +03:00 [INF] Request starting HTTP/2 GET https://localhost:7242/_vs/browserLink - null null
2026-08-15 19:10:58.791 +03:00 [INF] Request starting HTTP/2 GET https://localhost:7242/_framework/aspnetcore-browser-refresh.js - null null
2026-08-15 19:10:58.794 +03:00 [INF] Request finished HTTP/2 GET https://localhost:7242/_framework/aspnetcore-browser-refresh.js - 200 14923 application/javascript; charset=utf-8 2.9951ms
2026-08-15 19:10:58.796 +03:00 [INF] Request finished HTTP/2 GET https://localhost:7242/_vs/browserLink - 200 null text/javascript; charset=UTF-8 4.4908ms
2026-08-15 19:11:01.374 +03:00 [INF] Request starting HTTP/2 GET https://localhost:7242/Account/Login - null null
2026-08-15 19:11:01.378 +03:00 [INF] Executing endpoint 'CourseHub.Controllers.AccountController.Login (CourseHub)'
2026-08-15 19:11:01.380 +03:00 [INF] Route matched with {action = "Login", controller = "Account"}. Executing controller action with signature Microsoft.AspNetCore.Mvc.IActionResult Login(System.String) on controller CourseHub.Controllers.AccountController (CourseHub).
2026-08-15 19:11:01.384 +03:00 [INF] Executing ViewResult, running view Login.
2026-08-15 19:11:01.405 +03:00 [INF] Executed ViewResult - view Login executed in 21.7407ms.
2026-08-15 19:11:01.406 +03:00 [INF] Executed action CourseHub.Controllers.AccountController.Login (CourseHub) in 25.0322ms
2026-08-15 19:11:01.407 +03:00 [INF] Executed endpoint 'CourseHub.Controllers.AccountController.Login (CourseHub)'
2026-08-15 19:11:01.407 +03:00 [INF] Request finished HTTP/2 GET https://localhost:7242/Account/Login - 200 null text/html; charset=utf-8 33.1479ms
2026-08-15 19:11:01.409 +03:00 [INF] Request starting HTTP/2 GET https://localhost:7242/_vs/browserLink - null null
2026-08-15 19:11:01.409 +03:00 [INF] Request starting HTTP/2 GET https://localhost:7242/_framework/aspnetcore-browser-refresh.js - null null
2026-08-15 19:11:01.412 +03:00 [INF] Request finished HTTP/2 GET https://localhost:7242/_framework/aspnetcore-browser-refresh.js - 200 14923 application/javascript; charset=utf-8 2.9259ms
2026-08-15 19:11:01.414 +03:00 [INF] Request finished HTTP/2 GET https://localhost:7242/_vs/browserLink - 200 null text/javascript; charset=UTF-8 4.3843ms
2026-08-15 19:11:14.863 +03:00 [INF] Request starting HTTP/2 POST https://localhost:7242/Account/Login - application/x-www-form-urlencoded 250
2026-08-15 19:11:14.866 +03:00 [INF] Executing endpoint 'CourseHub.Controllers.AccountController.Login (CourseHub)'
2026-08-15 19:11:14.872 +03:00 [INF] Route matched with {action = "Login", controller = "Account"}. Executing controller action with signature System.Threading.Tasks.Task`1[Microsoft.AspNetCore.Mvc.IActionResult] Login(CourseHub.ViewModels.LoginViewModel, System.String) on controller CourseHub.Controllers.AccountController (CourseHub).
2026-08-15 19:11:14.880 +03:00 [INF] Executed DbCommand (2ms) [Parameters=[@normalizedEmail='?' (Size = 256)], CommandType='"Text"', CommandTimeout='30']
SELECT TOP(2) [a].[Id], [a].[AccessFailedCount], [a].[ConcurrencyStamp], [a].[Email], [a].[EmailConfirmed], [a].[FullName], [a].[LockoutEnabled], [a].[LockoutEnd], [a].[NormalizedEmail], [a].[NormalizedUserName], [a].[PasswordHash], [a].[PhoneNumber], [a].[PhoneNumberConfirmed], [a].[SecurityStamp], [a].[TwoFactorEnabled], [a].[UserName]
FROM [AspNetUsers] AS [a]
WHERE [a].[NormalizedEmail] = @normalizedEmail
2026-08-15 19:11:14.882 +03:00 [INF] Executing ViewResult, running view Login.
2026-08-15 19:11:14.884 +03:00 [INF] Executed ViewResult - view Login executed in 2.8399ms.
2026-08-15 19:11:14.885 +03:00 [INF] Executed action CourseHub.Controllers.AccountController.Login (CourseHub) in 11.7543ms
2026-08-15 19:11:14.886 +03:00 [INF] Executed endpoint 'CourseHub.Controllers.AccountController.Login (CourseHub)'
2026-08-15 19:11:14.887 +03:00 [INF] Request finished HTTP/2 POST https://localhost:7242/Account/Login - 200 null text/html; charset=utf-8 24.2847ms
2026-08-15 19:11:14.890 +03:00 [INF] Request starting HTTP/2 GET https://localhost:7242/_vs/browserLink - null null
2026-08-15 19:11:14.890 +03:00 [INF] Request starting HTTP/2 GET https://localhost:7242/_framework/aspnetcore-browser-refresh.js - null null
2026-08-15 19:11:14.893 +03:00 [INF] Request finished HTTP/2 GET https://localhost:7242/_framework/aspnetcore-browser-refresh.js - 200 14923 application/javascript; charset=utf-8 3.089ms
2026-08-15 19:11:14.895 +03:00 [INF] Request finished HTTP/2 GET https://localhost:7242/_vs/browserLink - 200 null text/javascript; charset=UTF-8 4.585ms
2026-08-15 19:11:25.743 +03:00 [INF] Request starting HTTP/2 POST https://localhost:7242/Account/Logout - application/x-www-form-urlencoded 225
2026-08-15 19:11:25.745 +03:00 [INF] Executing endpoint 'CourseHub.Controllers.AccountController.Logout (CourseHub)'
2026-08-15 19:11:25.746 +03:00 [INF] Route matched with {action = "Logout", controller = "Account"}. Executing controller action with signature System.Threading.Tasks.Task`1[Microsoft.AspNetCore.Mvc.IActionResult] Logout() on controller CourseHub.Controllers.AccountController (CourseHub).
2026-08-15 19:11:25.747 +03:00 [INF] AuthenticationScheme: Identity.Application signed out.
2026-08-15 19:11:25.748 +03:00 [INF] AuthenticationScheme: Identity.External signed out.
2026-08-15 19:11:25.748 +03:00 [INF] AuthenticationScheme: Identity.TwoFactorUserId signed out.
2026-08-15 19:11:25.749 +03:00 [INF] Executing RedirectResult, redirecting to /.
2026-08-15 19:11:25.750 +03:00 [INF] Executed action CourseHub.Controllers.AccountController.Logout (CourseHub) in 2.9453ms
2026-08-15 19:11:25.751 +03:00 [INF] Executed endpoint 'CourseHub.Controllers.AccountController.Logout (CourseHub)'
2026-08-15 19:11:25.751 +03:00 [INF] Request finished HTTP/2 POST https://localhost:7242/Account/Logout - 302 null null 8.7116ms
2026-08-15 19:11:25.755 +03:00 [INF] Request starting HTTP/2 GET https://localhost:7242/ - null null
2026-08-15 19:11:25.757 +03:00 [INF] Executing endpoint 'CourseHub.Controllers.HomeController.Index (CourseHub)'
2026-08-15 19:11:25.758 +03:00 [INF] Route matched with {action = "Index", controller = "Home"}. Executing controller action with signature System.Threading.Tasks.Task`1[Microsoft.AspNetCore.Mvc.IActionResult] Index() on controller CourseHub.Controllers.HomeController (CourseHub).
2026-08-15 19:11:25.759 +03:00 [INF] Executed DbCommand (0ms) [Parameters=[], CommandType='"Text"', CommandTimeout='30']
SELECT COUNT(*)
FROM [Courses] AS [c]
2026-08-15 19:11:25.761 +03:00 [INF] Executed DbCommand (0ms) [Parameters=[], CommandType='"Text"', CommandTimeout='30']
SELECT COUNT(*)
FROM [Categories] AS [c]
2026-08-15 19:11:25.762 +03:00 [INF] Executing ViewResult, running view Index.
2026-08-15 19:11:25.763 +03:00 [INF] Executed ViewResult - view Index executed in 1.2015ms.
2026-08-15 19:11:25.764 +03:00 [INF] Executed action CourseHub.Controllers.HomeController.Index (CourseHub) in 5.7241ms
2026-08-15 19:11:25.765 +03:00 [INF] Executed endpoint 'CourseHub.Controllers.HomeController.Index (CourseHub)'
2026-08-15 19:11:25.766 +03:00 [INF] Request finished HTTP/2 GET https://localhost:7242/ - 200 null text/html; charset=utf-8 10.8196ms
2026-08-15 19:11:25.847 +03:00 [INF] Request starting HTTP/2 GET https://localhost:7242/_vs/browserLink - null null
2026-08-15 19:11:25.852 +03:00 [INF] Request finished HTTP/2 GET https://localhost:7242/_vs/browserLink - 200 null text/javascript; charset=UTF-8 4.5594ms
2026-08-15 19:11:25.902 +03:00 [INF] Request starting HTTP/2 GET https://localhost:7242/_framework/aspnetcore-browser-refresh.js - null null
2026-08-15 19:11:25.904 +03:00 [INF] Request finished HTTP/2 GET https://localhost:7242/_framework/aspnetcore-browser-refresh.js - 200 14923 application/javascript; charset=utf-8 2.0207ms
2026-08-15 19:11:27.280 +03:00 [INF] Request starting HTTP/2 GET https://localhost:7242/Account/Login - null null
2026-08-15 19:11:27.283 +03:00 [INF] Executing endpoint 'CourseHub.Controllers.AccountController.Login (CourseHub)'
2026-08-15 19:11:27.284 +03:00 [INF] Route matched with {action = "Login", controller = "Account"}. Executing controller action with signature Microsoft.AspNetCore.Mvc.IActionResult Login(System.String) on controller CourseHub.Controllers.AccountController (CourseHub).
2026-08-15 19:11:27.285 +03:00 [INF] Executing ViewResult, running view Login.
2026-08-15 19:11:27.289 +03:00 [INF] Executed ViewResult - view Login executed in 3.4891ms.
2026-08-15 19:11:27.290 +03:00 [INF] Executed action CourseHub.Controllers.AccountController.Login (CourseHub) in 4.9919ms
2026-08-15 19:11:27.291 +03:00 [INF] Executed endpoint 'CourseHub.Controllers.AccountController.Login (CourseHub)'
2026-08-15 19:11:27.292 +03:00 [INF] Request finished HTTP/2 GET https://localhost:7242/Account/Login - 200 null text/html; charset=utf-8 12.4366ms
2026-08-15 19:11:27.436 +03:00 [INF] Request starting HTTP/2 GET https://localhost:7242/_framework/aspnetcore-browser-refresh.js - null null
2026-08-15 19:11:27.437 +03:00 [INF] Request starting HTTP/2 GET https://localhost:7242/_vs/browserLink - null null
2026-08-15 19:11:27.438 +03:00 [INF] Request finished HTTP/2 GET https://localhost:7242/_framework/aspnetcore-browser-refresh.js - 200 14923 application/javascript; charset=utf-8 2.0427ms
2026-08-15 19:11:27.443 +03:00 [INF] Request finished HTTP/2 GET https://localhost:7242/_vs/browserLink - 200 null text/javascript; charset=UTF-8 5.9957ms
2026-08-15 19:11:43.900 +03:00 [INF] Request starting HTTP/2 POST https://localhost:7242/Account/Login - application/x-www-form-urlencoded 255
2026-08-15 19:11:43.903 +03:00 [INF] Executing endpoint 'CourseHub.Controllers.AccountController.Login (CourseHub)'
2026-08-15 19:11:43.903 +03:00 [INF] Route matched with {action = "Login", controller = "Account"}. Executing controller action with signature System.Threading.Tasks.Task`1[Microsoft.AspNetCore.Mvc.IActionResult] Login(CourseHub.ViewModels.LoginViewModel, System.String) on controller CourseHub.Controllers.AccountController (CourseHub).
2026-08-15 19:11:43.908 +03:00 [INF] Executed DbCommand (2ms) [Parameters=[@normalizedEmail='?' (Size = 256)], CommandType='"Text"', CommandTimeout='30']
SELECT TOP(2) [a].[Id], [a].[AccessFailedCount], [a].[ConcurrencyStamp], [a].[Email], [a].[EmailConfirmed], [a].[FullName], [a].[LockoutEnabled], [a].[LockoutEnd], [a].[NormalizedEmail], [a].[NormalizedUserName], [a].[PasswordHash], [a].[PhoneNumber], [a].[PhoneNumberConfirmed], [a].[SecurityStamp], [a].[TwoFactorEnabled], [a].[UserName]
FROM [AspNetUsers] AS [a]
WHERE [a].[NormalizedEmail] = @normalizedEmail
2026-08-15 19:11:43.978 +03:00 [INF] Executing ViewResult, running view Login.
2026-08-15 19:11:43.979 +03:00 [INF] Executed ViewResult - view Login executed in 1.8541ms.
2026-08-15 19:11:43.980 +03:00 [INF] Executed action CourseHub.Controllers.AccountController.Login (CourseHub) in 76.0566ms
2026-08-15 19:11:43.981 +03:00 [INF] Executed endpoint 'CourseHub.Controllers.AccountController.Login (CourseHub)'
2026-08-15 19:11:43.982 +03:00 [INF] Request finished HTTP/2 POST https://localhost:7242/Account/Login - 200 null text/html; charset=utf-8 81.4064ms
2026-08-15 19:11:43.984 +03:00 [INF] Request starting HTTP/2 GET https://localhost:7242/_framework/aspnetcore-browser-refresh.js - null null
2026-08-15 19:11:43.984 +03:00 [INF] Request starting HTTP/2 GET https://localhost:7242/_vs/browserLink - null null
2026-08-15 19:11:43.986 +03:00 [INF] Request finished HTTP/2 GET https://localhost:7242/_framework/aspnetcore-browser-refresh.js - 200 14923 application/javascript; charset=utf-8 1.6817ms
2026-08-15 19:11:43.990 +03:00 [INF] Request finished HTTP/2 GET https://localhost:7242/_vs/browserLink - 200 null text/javascript; charset=UTF-8 5.8602ms
2026-08-15 19:12:49.020 +03:00 [INF] Request starting HTTP/2 POST https://localhost:7242/Account/Login - application/x-www-form-urlencoded 259
2026-08-15 19:12:49.023 +03:00 [INF] Executing endpoint 'CourseHub.Controllers.AccountController.Login (CourseHub)'
2026-08-15 19:12:49.024 +03:00 [INF] Route matched with {action = "Login", controller = "Account"}. Executing controller action with signature System.Threading.Tasks.Task`1[Microsoft.AspNetCore.Mvc.IActionResult] Login(CourseHub.ViewModels.LoginViewModel, System.String) on controller CourseHub.Controllers.AccountController (CourseHub).
2026-08-15 19:12:49.029 +03:00 [INF] Executed DbCommand (3ms) [Parameters=[@normalizedEmail='?' (Size = 256)], CommandType='"Text"', CommandTimeout='30']
SELECT TOP(2) [a].[Id], [a].[AccessFailedCount], [a].[ConcurrencyStamp], [a].[Email], [a].[EmailConfirmed], [a].[FullName], [a].[LockoutEnabled], [a].[LockoutEnd], [a].[NormalizedEmail], [a].[NormalizedUserName], [a].[PasswordHash], [a].[PhoneNumber], [a].[PhoneNumberConfirmed], [a].[SecurityStamp], [a].[TwoFactorEnabled], [a].[UserName]
FROM [AspNetUsers] AS [a]
WHERE [a].[NormalizedEmail] = @normalizedEmail
2026-08-15 19:12:49.103 +03:00 [INF] Executed DbCommand (2ms) [Parameters=[@user_Id='?' (Size = 450)], CommandType='"Text"', CommandTimeout='30']
SELECT [a].[Id], [a].[ClaimType], [a].[ClaimValue], [a].[UserId]
FROM [AspNetUserClaims] AS [a]
WHERE [a].[UserId] = @user_Id
2026-08-15 19:12:49.119 +03:00 [INF] Executed DbCommand (3ms) [Parameters=[@userId='?' (Size = 450)], CommandType='"Text"', CommandTimeout='30']
SELECT [a0].[Name]
FROM [AspNetUserRoles] AS [a]
INNER JOIN [AspNetRoles] AS [a0] ON [a].[RoleId] = [a0].[Id]
WHERE [a].[UserId] = @userId
2026-08-15 19:12:49.124 +03:00 [INF] Executed DbCommand (2ms) [Parameters=[@normalizedName='?' (Size = 256)], CommandType='"Text"', CommandTimeout='30']
SELECT TOP(1) [a].[Id], [a].[ConcurrencyStamp], [a].[Name], [a].[NormalizedName]
FROM [AspNetRoles] AS [a]
WHERE [a].[NormalizedName] = @normalizedName
2026-08-15 19:12:49.132 +03:00 [INF] Executed DbCommand (2ms) [Parameters=[@role_Id='?' (Size = 450)], CommandType='"Text"', CommandTimeout='30']
SELECT [a].[ClaimType], [a].[ClaimValue]
FROM [AspNetRoleClaims] AS [a]
WHERE [a].[RoleId] = @role_Id
2026-08-15 19:12:49.137 +03:00 [INF] AuthenticationScheme: Identity.Application signed in.
2026-08-15 19:12:49.148 +03:00 [INF] Executed DbCommand (2ms) [Parameters=[@normalizedRoleName='?' (Size = 256)], CommandType='"Text"', CommandTimeout='30']
SELECT TOP(2) [a].[Id], [a].[ConcurrencyStamp], [a].[Name], [a].[NormalizedName]
FROM [AspNetRoles] AS [a]
WHERE [a].[NormalizedName] = @normalizedRoleName
2026-08-15 19:12:49.158 +03:00 [INF] Executed DbCommand (2ms) [Parameters=[@p='?' (Size = 450), @p1='?' (Size = 450)], CommandType='"Text"', CommandTimeout='30']
SELECT TOP(1) [a].[UserId], [a].[RoleId]
FROM [AspNetUserRoles] AS [a]
WHERE [a].[UserId] = @p AND [a].[RoleId] = @p1
2026-08-15 19:12:49.166 +03:00 [INF] Executing RedirectResult, redirecting to /Admin/Dashboard.
2026-08-15 19:12:49.166 +03:00 [INF] Executed action CourseHub.Controllers.AccountController.Login (CourseHub) in 141.5116ms
2026-08-15 19:12:49.167 +03:00 [INF] Executed endpoint 'CourseHub.Controllers.AccountController.Login (CourseHub)'
2026-08-15 19:12:49.168 +03:00 [INF] Request finished HTTP/2 POST https://localhost:7242/Account/Login - 302 null null 147.732ms
2026-08-15 19:12:49.172 +03:00 [INF] Request starting HTTP/2 GET https://localhost:7242/Admin/Dashboard - null null
2026-08-15 19:12:49.175 +03:00 [INF] Executing endpoint 'CourseHub.Controllers.AdminController.Dashboard (CourseHub)'
2026-08-15 19:12:49.181 +03:00 [INF] Route matched with {action = "Dashboard", controller = "Admin"}. Executing controller action with signature System.Threading.Tasks.Task`1[Microsoft.AspNetCore.Mvc.IActionResult] Dashboard() on controller CourseHub.Controllers.AdminController (CourseHub).
2026-08-15 19:12:49.189 +03:00 [INF] Executed DbCommand (1ms) [Parameters=[@normalizedRoleName='?' (Size = 256)], CommandType='"Text"', CommandTimeout='30']
SELECT TOP(2) [a].[Id], [a].[ConcurrencyStamp], [a].[Name], [a].[NormalizedName]
FROM [AspNetRoles] AS [a]
WHERE [a].[NormalizedName] = @normalizedRoleName
2026-08-15 19:12:49.201 +03:00 [INF] Executed DbCommand (3ms) [Parameters=[@role_Id='?' (Size = 450)], CommandType='"Text"', CommandTimeout='30']
SELECT [a0].[Id], [a0].[AccessFailedCount], [a0].[ConcurrencyStamp], [a0].[Email], [a0].[EmailConfirmed], [a0].[FullName], [a0].[LockoutEnabled], [a0].[LockoutEnd], [a0].[NormalizedEmail], [a0].[NormalizedUserName], [a0].[PasswordHash], [a0].[PhoneNumber], [a0].[PhoneNumberConfirmed], [a0].[SecurityStamp], [a0].[TwoFactorEnabled], [a0].[UserName]
FROM [AspNetUserRoles] AS [a]
INNER JOIN [AspNetUsers] AS [a0] ON [a].[UserId] = [a0].[Id]
WHERE [a].[RoleId] = @role_Id
2026-08-15 19:12:49.203 +03:00 [INF] Executed DbCommand (0ms) [Parameters=[@normalizedRoleName='?' (Size = 256)], CommandType='"Text"', CommandTimeout='30']
SELECT TOP(2) [a].[Id], [a].[ConcurrencyStamp], [a].[Name], [a].[NormalizedName]
FROM [AspNetRoles] AS [a]
WHERE [a].[NormalizedName] = @normalizedRoleName
2026-08-15 19:12:49.207 +03:00 [INF] Executed DbCommand (1ms) [Parameters=[@role_Id='?' (Size = 450)], CommandType='"Text"', CommandTimeout='30']
SELECT [a0].[Id], [a0].[AccessFailedCount], [a0].[ConcurrencyStamp], [a0].[Email], [a0].[EmailConfirmed], [a0].[FullName], [a0].[LockoutEnabled], [a0].[LockoutEnd], [a0].[NormalizedEmail], [a0].[NormalizedUserName], [a0].[PasswordHash], [a0].[PhoneNumber], [a0].[PhoneNumberConfirmed], [a0].[SecurityStamp], [a0].[TwoFactorEnabled], [a0].[UserName]
FROM [AspNetUserRoles] AS [a]
INNER JOIN [AspNetUsers] AS [a0] ON [a].[UserId] = [a0].[Id]
WHERE [a].[RoleId] = @role_Id
2026-08-15 19:12:49.213 +03:00 [INF] Executed DbCommand (2ms) [Parameters=[], CommandType='"Text"', CommandTimeout='30']
SELECT COUNT(*)
FROM [AspNetUsers] AS [a]
2026-08-15 19:12:49.216 +03:00 [INF] Executed DbCommand (1ms) [Parameters=[], CommandType='"Text"', CommandTimeout='30']
SELECT COUNT(*)
FROM [Courses] AS [c]
2026-08-15 19:12:49.221 +03:00 [INF] Executed DbCommand (1ms) [Parameters=[], CommandType='"Text"', CommandTimeout='30']
SELECT COUNT(*)
FROM [Enrollments] AS [e]
2026-08-15 19:12:49.224 +03:00 [INF] Executing ViewResult, running view Dashboard.
2026-08-15 19:12:49.235 +03:00 [INF] Executed ViewResult - view Dashboard executed in 12.463ms.
2026-08-15 19:12:49.236 +03:00 [INF] Executed action CourseHub.Controllers.AdminController.Dashboard (CourseHub) in 54.2626ms
2026-08-15 19:12:49.237 +03:00 [INF] Executed endpoint 'CourseHub.Controllers.AdminController.Dashboard (CourseHub)'
2026-08-15 19:12:49.238 +03:00 [INF] Request finished HTTP/2 GET https://localhost:7242/Admin/Dashboard - 200 null text/html; charset=utf-8 65.4571ms
2026-08-15 19:12:49.421 +03:00 [INF] Request starting HTTP/2 GET https://localhost:7242/_vs/browserLink - null null
2026-08-15 19:12:49.425 +03:00 [INF] Request starting HTTP/2 GET https://localhost:7242/_framework/aspnetcore-browser-refresh.js - null null
2026-08-15 19:12:49.427 +03:00 [INF] Request finished HTTP/2 GET https://localhost:7242/_vs/browserLink - 200 null text/javascript; charset=UTF-8 5.9236ms
2026-08-15 19:12:49.427 +03:00 [INF] Request finished HTTP/2 GET https://localhost:7242/_framework/aspnetcore-browser-refresh.js - 200 14923 application/javascript; charset=utf-8 2.4448ms
2026-08-15 19:12:53.478 +03:00 [INF] Request starting HTTP/2 GET https://localhost:7242/Account/Register - null null
2026-08-15 19:12:53.481 +03:00 [INF] Executing endpoint 'CourseHub.Controllers.AccountController.Register (CourseHub)'
2026-08-15 19:12:53.483 +03:00 [INF] Route matched with {action = "Register", controller = "Account"}. Executing controller action with signature Microsoft.AspNetCore.Mvc.IActionResult Register() on controller CourseHub.Controllers.AccountController (CourseHub).
2026-08-15 19:12:53.485 +03:00 [INF] Executing ViewResult, running view Register.
2026-08-15 19:12:53.506 +03:00 [INF] Executed ViewResult - view Register executed in 20.9608ms.
2026-08-15 19:12:53.507 +03:00 [INF] Executed action CourseHub.Controllers.AccountController.Register (CourseHub) in 22.7575ms
2026-08-15 19:12:53.508 +03:00 [INF] Executed endpoint 'CourseHub.Controllers.AccountController.Register (CourseHub)'
2026-08-15 19:12:53.508 +03:00 [INF] Request finished HTTP/2 GET https://localhost:7242/Account/Register - 200 null text/html; charset=utf-8 30.5045ms
2026-08-15 19:12:53.512 +03:00 [INF] Request starting HTTP/2 GET https://localhost:7242/_framework/aspnetcore-browser-refresh.js - null null
2026-08-15 19:12:53.512 +03:00 [INF] Request starting HTTP/2 GET https://localhost:7242/_vs/browserLink - null null
2026-08-15 19:12:53.513 +03:00 [INF] Request finished HTTP/2 GET https://localhost:7242/_framework/aspnetcore-browser-refresh.js - 200 14923 application/javascript; charset=utf-8 1.8253ms
2026-08-15 19:12:53.519 +03:00 [INF] Request finished HTTP/2 GET https://localhost:7242/_vs/browserLink - 200 null text/javascript; charset=UTF-8 7.3488ms
2026-08-15 19:13:19.134 +03:00 [INF] Request starting HTTP/2 POST https://localhost:7242/Account/Register - application/x-www-form-urlencoded 261
2026-08-15 19:13:19.139 +03:00 [INF] Executing endpoint 'CourseHub.Controllers.AccountController.Register (CourseHub)'
2026-08-15 19:13:19.144 +03:00 [INF] Route matched with {action = "Register", controller = "Account"}. Executing controller action with signature System.Threading.Tasks.Task`1[Microsoft.AspNetCore.Mvc.IActionResult] Register(CourseHub.ViewModels.RegisterViewModel) on controller CourseHub.Controllers.AccountController (CourseHub).
2026-08-15 19:13:19.150 +03:00 [INF] Executed DbCommand (1ms) [Parameters=[@normalizedEmail='?' (Size = 256)], CommandType='"Text"', CommandTimeout='30']
SELECT TOP(2) [a].[Id], [a].[AccessFailedCount], [a].[ConcurrencyStamp], [a].[Email], [a].[EmailConfirmed], [a].[FullName], [a].[LockoutEnabled], [a].[LockoutEnd], [a].[NormalizedEmail], [a].[NormalizedUserName], [a].[PasswordHash], [a].[PhoneNumber], [a].[PhoneNumberConfirmed], [a].[SecurityStamp], [a].[TwoFactorEnabled], [a].[UserName]
FROM [AspNetUsers] AS [a]
WHERE [a].[NormalizedEmail] = @normalizedEmail
2026-08-15 19:13:19.217 +03:00 [INF] Executed DbCommand (4ms) [Parameters=[@normalizedUserName='?' (Size = 256)], CommandType='"Text"', CommandTimeout='30']
SELECT TOP(1) [a].[Id], [a].[AccessFailedCount], [a].[ConcurrencyStamp], [a].[Email], [a].[EmailConfirmed], [a].[FullName], [a].[LockoutEnabled], [a].[LockoutEnd], [a].[NormalizedEmail], [a].[NormalizedUserName], [a].[PasswordHash], [a].[PhoneNumber], [a].[PhoneNumberConfirmed], [a].[SecurityStamp], [a].[TwoFactorEnabled], [a].[UserName]
FROM [AspNetUsers] AS [a]
WHERE [a].[NormalizedUserName] = @normalizedUserName
2026-08-15 19:13:19.221 +03:00 [INF] Executed DbCommand (0ms) [Parameters=[@normalizedEmail='?' (Size = 256)], CommandType='"Text"', CommandTimeout='30']
SELECT TOP(2) [a].[Id], [a].[AccessFailedCount], [a].[ConcurrencyStamp], [a].[Email], [a].[EmailConfirmed], [a].[FullName], [a].[LockoutEnabled], [a].[LockoutEnd], [a].[NormalizedEmail], [a].[NormalizedUserName], [a].[PasswordHash], [a].[PhoneNumber], [a].[PhoneNumberConfirmed], [a].[SecurityStamp], [a].[TwoFactorEnabled], [a].[UserName]
FROM [AspNetUsers] AS [a]
WHERE [a].[NormalizedEmail] = @normalizedEmail
2026-08-15 19:13:19.235 +03:00 [INF] Executed DbCommand (6ms) [Parameters=[@p0='?' (Size = 450), @p1='?' (DbType = Int32), @p2='?' (Size = 4000), @p3='?' (Size = 256), @p4='?' (DbType = Boolean), @p5='?' (Size = 4000), @p6='?' (DbType = Boolean), @p7='?' (DbType = DateTimeOffset), @p8='?' (Size = 256), @p9='?' (Size = 256), @p10='?' (Size = 4000), @p11='?' (Size = 4000), @p12='?' (DbType = Boolean), @p13='?' (Size = 4000), @p14='?' (DbType = Boolean), @p15='?' (Size = 256)], CommandType='"Text"', CommandTimeout='30']
SET IMPLICIT_TRANSACTIONS OFF;
SET NOCOUNT ON;
INSERT INTO [AspNetUsers] ([Id], [AccessFailedCount], [ConcurrencyStamp], [Email], [EmailConfirmed], [FullName], [LockoutEnabled], [LockoutEnd], [NormalizedEmail], [NormalizedUserName], [PasswordHash], [PhoneNumber], [PhoneNumberConfirmed], [SecurityStamp], [TwoFactorEnabled], [UserName])
VALUES (@p0, @p1, @p2, @p3, @p4, @p5, @p6, @p7, @p8, @p9, @p10, @p11, @p12, @p13, @p14, @p15);
2026-08-15 19:13:19.240 +03:00 [INF] Executed DbCommand (0ms) [Parameters=[@normalizedRoleName='?' (Size = 256)], CommandType='"Text"', CommandTimeout='30']
SELECT TOP(2) [a].[Id], [a].[ConcurrencyStamp], [a].[Name], [a].[NormalizedName]
FROM [AspNetRoles] AS [a]
WHERE [a].[NormalizedName] = @normalizedRoleName
2026-08-15 19:13:19.242 +03:00 [INF] Executed DbCommand (0ms) [Parameters=[@p='?' (Size = 450), @p1='?' (Size = 450)], CommandType='"Text"', CommandTimeout='30']
SELECT TOP(1) [a].[UserId], [a].[RoleId]
FROM [AspNetUserRoles] AS [a]
WHERE [a].[UserId] = @p AND [a].[RoleId] = @p1
2026-08-15 19:13:19.246 +03:00 [INF] Executed DbCommand (0ms) [Parameters=[@normalizedRoleName='?' (Size = 256)], CommandType='"Text"', CommandTimeout='30']
SELECT TOP(2) [a].[Id], [a].[ConcurrencyStamp], [a].[Name], [a].[NormalizedName]
FROM [AspNetRoles] AS [a]
WHERE [a].[NormalizedName] = @normalizedRoleName
2026-08-15 19:13:19.249 +03:00 [INF] Executed DbCommand (0ms) [Parameters=[@normalizedUserName='?' (Size = 256)], CommandType='"Text"', CommandTimeout='30']
SELECT TOP(1) [a].[Id], [a].[AccessFailedCount], [a].[ConcurrencyStamp], [a].[Email], [a].[EmailConfirmed], [a].[FullName], [a].[LockoutEnabled], [a].[LockoutEnd], [a].[NormalizedEmail], [a].[NormalizedUserName], [a].[PasswordHash], [a].[PhoneNumber], [a].[PhoneNumberConfirmed], [a].[SecurityStamp], [a].[TwoFactorEnabled], [a].[UserName]
FROM [AspNetUsers] AS [a]
WHERE [a].[NormalizedUserName] = @normalizedUserName
2026-08-15 19:13:19.250 +03:00 [INF] Executed DbCommand (0ms) [Parameters=[@normalizedEmail='?' (Size = 256)], CommandType='"Text"', CommandTimeout='30']
SELECT TOP(2) [a].[Id], [a].[AccessFailedCount], [a].[ConcurrencyStamp], [a].[Email], [a].[EmailConfirmed], [a].[FullName], [a].[LockoutEnabled], [a].[LockoutEnd], [a].[NormalizedEmail], [a].[NormalizedUserName], [a].[PasswordHash], [a].[PhoneNumber], [a].[PhoneNumberConfirmed], [a].[SecurityStamp], [a].[TwoFactorEnabled], [a].[UserName]
FROM [AspNetUsers] AS [a]
WHERE [a].[NormalizedEmail] = @normalizedEmail
2026-08-15 19:13:19.290 +03:00 [INF] Executed DbCommand (13ms) [Parameters=[@p0='?' (Size = 450), @p1='?' (Size = 450), @p17='?' (Size = 450), @p2='?' (DbType = Int32), @p3='?' (Size = 4000), @p18='?' (Size = 4000), @p4='?' (Size = 256), @p5='?' (DbType = Boolean), @p6='?' (Size = 4000), @p7='?' (DbType = Boolean), @p8='?' (DbType = DateTimeOffset), @p9='?' (Size = 256), @p10='?' (Size = 256), @p11='?' (Size = 4000), @p12='?' (Size = 4000), @p13='?' (DbType = Boolean), @p14='?' (Size = 4000), @p15='?' (DbType = Boolean), @p16='?' (Size = 256)], CommandType='"Text"', CommandTimeout='30']
SET NOCOUNT ON;
INSERT INTO [AspNetUserRoles] ([RoleId], [UserId])
VALUES (@p0, @p1);
UPDATE [AspNetUsers] SET [AccessFailedCount] = @p2, [ConcurrencyStamp] = @p3, [Email] = @p4, [EmailConfirmed] = @p5, [FullName] = @p6, [LockoutEnabled] = @p7, [LockoutEnd] = @p8, [NormalizedEmail] = @p9, [NormalizedUserName] = @p10, [PasswordHash] = @p11, [PhoneNumber] = @p12, [PhoneNumberConfirmed] = @p13, [SecurityStamp] = @p14, [TwoFactorEnabled] = @p15, [UserName] = @p16
OUTPUT 1
WHERE [Id] = @p17 AND [ConcurrencyStamp] = @p18;
2026-08-15 19:13:19.304 +03:00 [INF] Executed DbCommand (1ms) [Parameters=[@user_Id='?' (Size = 450)], CommandType='"Text"', CommandTimeout='30']
SELECT [a].[Id], [a].[ClaimType], [a].[ClaimValue], [a].[UserId]
FROM [AspNetUserClaims] AS [a]
WHERE [a].[UserId] = @user_Id
2026-08-15 19:13:19.306 +03:00 [INF] Executed DbCommand (0ms) [Parameters=[@userId='?' (Size = 450)], CommandType='"Text"', CommandTimeout='30']
SELECT [a0].[Name]
FROM [AspNetUserRoles] AS [a]
INNER JOIN [AspNetRoles] AS [a0] ON [a].[RoleId] = [a0].[Id]
WHERE [a].[UserId] = @userId
2026-08-15 19:13:19.308 +03:00 [INF] Executed DbCommand (0ms) [Parameters=[@normalizedName='?' (Size = 256)], CommandType='"Text"', CommandTimeout='30']
SELECT TOP(1) [a].[Id], [a].[ConcurrencyStamp], [a].[Name], [a].[NormalizedName]
FROM [AspNetRoles] AS [a]
WHERE [a].[NormalizedName] = @normalizedName
2026-08-15 19:13:19.309 +03:00 [INF] Executed DbCommand (0ms) [Parameters=[@role_Id='?' (Size = 450)], CommandType='"Text"', CommandTimeout='30']
SELECT [a].[ClaimType], [a].[ClaimValue]
FROM [AspNetRoleClaims] AS [a]
WHERE [a].[RoleId] = @role_Id
2026-08-15 19:13:19.311 +03:00 [INF] AuthenticationScheme: Identity.Application signed in.
2026-08-15 19:13:19.311 +03:00 [INF] Executing RedirectResult, redirecting to /.
2026-08-15 19:13:19.312 +03:00 [INF] Executed action CourseHub.Controllers.AccountController.Register (CourseHub) in 166.7844ms
2026-08-15 19:13:19.312 +03:00 [INF] Executed endpoint 'CourseHub.Controllers.AccountController.Register (CourseHub)'
2026-08-15 19:13:19.313 +03:00 [INF] Request finished HTTP/2 POST https://localhost:7242/Account/Register - 302 null null 178.9314ms
2026-08-15 19:13:19.315 +03:00 [INF] Request starting HTTP/2 GET https://localhost:7242/ - null null
2026-08-15 19:13:19.317 +03:00 [INF] Executing endpoint 'CourseHub.Controllers.HomeController.Index (CourseHub)'
2026-08-15 19:13:19.318 +03:00 [INF] Route matched with {action = "Index", controller = "Home"}. Executing controller action with signature System.Threading.Tasks.Task`1[Microsoft.AspNetCore.Mvc.IActionResult] Index() on controller CourseHub.Controllers.HomeController (CourseHub).
2026-08-15 19:13:19.320 +03:00 [INF] Executed DbCommand (0ms) [Parameters=[], CommandType='"Text"', CommandTimeout='30']
SELECT COUNT(*)
FROM [Courses] AS [c]
2026-08-15 19:13:19.322 +03:00 [INF] Executed DbCommand (1ms) [Parameters=[], CommandType='"Text"', CommandTimeout='30']
SELECT COUNT(*)
FROM [Categories] AS [c]
2026-08-15 19:13:19.323 +03:00 [INF] Executing ViewResult, running view Index.
2026-08-15 19:13:19.324 +03:00 [INF] Executed ViewResult - view Index executed in 1.6246ms.
2026-08-15 19:13:19.325 +03:00 [INF] Executed action CourseHub.Controllers.HomeController.Index (CourseHub) in 6.3028ms
2026-08-15 19:13:19.326 +03:00 [INF] Executed endpoint 'CourseHub.Controllers.HomeController.Index (CourseHub)'
2026-08-15 19:13:19.327 +03:00 [INF] Request finished HTTP/2 GET https://localhost:7242/ - 200 null text/html; charset=utf-8 11.4789ms
2026-08-15 19:13:19.330 +03:00 [INF] Request starting HTTP/2 GET https://localhost:7242/_framework/aspnetcore-browser-refresh.js - null null
2026-08-15 19:13:19.330 +03:00 [INF] Request starting HTTP/2 GET https://localhost:7242/_vs/browserLink - null null
2026-08-15 19:13:19.331 +03:00 [INF] Request finished HTTP/2 GET https://localhost:7242/_framework/aspnetcore-browser-refresh.js - 200 14923 application/javascript; charset=utf-8 1.496ms
2026-08-15 19:13:19.336 +03:00 [INF] Request finished HTTP/2 GET https://localhost:7242/_vs/browserLink - 200 null text/javascript; charset=UTF-8 6.1096ms
2026-08-15 19:13:28.550 +03:00 [INF] Request starting HTTP/2 GET https://localhost:7242/Admin/Students - null null
2026-08-15 19:13:28.555 +03:00 [INF] Executing endpoint 'CourseHub.Controllers.AdminController.Students (CourseHub)'
2026-08-15 19:13:28.560 +03:00 [INF] Route matched with {action = "Students", controller = "Admin"}. Executing controller action with signature System.Threading.Tasks.Task`1[Microsoft.AspNetCore.Mvc.IActionResult] Students() on controller CourseHub.Controllers.AdminController (CourseHub).
2026-08-15 19:13:28.563 +03:00 [INF] Executed DbCommand (0ms) [Parameters=[@normalizedRoleName='?' (Size = 256)], CommandType='"Text"', CommandTimeout='30']
SELECT TOP(2) [a].[Id], [a].[ConcurrencyStamp], [a].[Name], [a].[NormalizedName]
FROM [AspNetRoles] AS [a]
WHERE [a].[NormalizedName] = @normalizedRoleName
2026-08-15 19:13:28.566 +03:00 [INF] Executed DbCommand (0ms) [Parameters=[@role_Id='?' (Size = 450)], CommandType='"Text"', CommandTimeout='30']
SELECT [a0].[Id], [a0].[AccessFailedCount], [a0].[ConcurrencyStamp], [a0].[Email], [a0].[EmailConfirmed], [a0].[FullName], [a0].[LockoutEnabled], [a0].[LockoutEnd], [a0].[NormalizedEmail], [a0].[NormalizedUserName], [a0].[PasswordHash], [a0].[PhoneNumber], [a0].[PhoneNumberConfirmed], [a0].[SecurityStamp], [a0].[TwoFactorEnabled], [a0].[UserName]
FROM [AspNetUserRoles] AS [a]
INNER JOIN [AspNetUsers] AS [a0] ON [a].[UserId] = [a0].[Id]
WHERE [a].[RoleId] = @role_Id
2026-08-15 19:13:28.568 +03:00 [INF] Executing ViewResult, running view Students.
2026-08-15 19:13:28.581 +03:00 [INF] Executed ViewResult - view Students executed in 13.4286ms.
2026-08-15 19:13:28.582 +03:00 [INF] Executed action CourseHub.Controllers.AdminController.Students (CourseHub) in 21.0099ms
2026-08-15 19:13:28.583 +03:00 [INF] Executed endpoint 'CourseHub.Controllers.AdminController.Students (CourseHub)'
2026-08-15 19:13:28.584 +03:00 [INF] Request finished HTTP/2 GET https://localhost:7242/Admin/Students - 200 null text/html; charset=utf-8 33.5115ms
2026-08-15 19:13:28.618 +03:00 [INF] Request starting HTTP/2 GET https://localhost:7242/_vs/browserLink - null null
2026-08-15 19:13:28.618 +03:00 [INF] Request starting HTTP/2 GET https://localhost:7242/_framework/aspnetcore-browser-refresh.js - null null
2026-08-15 19:13:28.621 +03:00 [INF] Request finished HTTP/2 GET https://localhost:7242/_framework/aspnetcore-browser-refresh.js - 200 14923 application/javascript; charset=utf-8 3.3374ms
2026-08-15 19:13:28.622 +03:00 [INF] Request finished HTTP/2 GET https://localhost:7242/_vs/browserLink - 200 null text/javascript; charset=UTF-8 4.9325ms
2026-08-15 19:14:39.349 +03:00 [INF] Request starting HTTP/2 POST https://localhost:7242/Account/Logout - application/x-www-form-urlencoded 225
2026-08-15 19:14:39.353 +03:00 [INF] Executing endpoint 'CourseHub.Controllers.AccountController.Logout (CourseHub)'
2026-08-15 19:14:39.354 +03:00 [INF] Route matched with {action = "Logout", controller = "Account"}. Executing controller action with signature System.Threading.Tasks.Task`1[Microsoft.AspNetCore.Mvc.IActionResult] Logout() on controller CourseHub.Controllers.AccountController (CourseHub).
2026-08-15 19:14:39.355 +03:00 [INF] AuthenticationScheme: Identity.Application signed out.
2026-08-15 19:14:39.356 +03:00 [INF] AuthenticationScheme: Identity.External signed out.
2026-08-15 19:14:39.356 +03:00 [INF] AuthenticationScheme: Identity.TwoFactorUserId signed out.
2026-08-15 19:14:39.357 +03:00 [INF] Executing RedirectResult, redirecting to /.
2026-08-15 19:14:39.357 +03:00 [INF] Executed action CourseHub.Controllers.AccountController.Logout (CourseHub) in 2.6666ms
2026-08-15 19:14:39.358 +03:00 [INF] Executed endpoint 'CourseHub.Controllers.AccountController.Logout (CourseHub)'
2026-08-15 19:14:39.358 +03:00 [INF] Request finished HTTP/2 POST https://localhost:7242/Account/Logout - 302 null null 9.3545ms
2026-08-15 19:14:39.360 +03:00 [INF] Request starting HTTP/2 GET https://localhost:7242/ - null null
2026-08-15 19:14:39.362 +03:00 [INF] Executing endpoint 'CourseHub.Controllers.HomeController.Index (CourseHub)'
2026-08-15 19:14:39.363 +03:00 [INF] Route matched with {action = "Index", controller = "Home"}. Executing controller action with signature System.Threading.Tasks.Task`1[Microsoft.AspNetCore.Mvc.IActionResult] Index() on controller CourseHub.Controllers.HomeController (CourseHub).
2026-08-15 19:14:39.366 +03:00 [INF] Executed DbCommand (1ms) [Parameters=[], CommandType='"Text"', CommandTimeout='30']
SELECT COUNT(*)
FROM [Courses] AS [c]
2026-08-15 19:14:39.369 +03:00 [INF] Executed DbCommand (1ms) [Parameters=[], CommandType='"Text"', CommandTimeout='30']
SELECT COUNT(*)
FROM [Categories] AS [c]
2026-08-15 19:14:39.370 +03:00 [INF] Executing ViewResult, running view Index.
2026-08-15 19:14:39.371 +03:00 [INF] Executed ViewResult - view Index executed in 1.0922ms.
2026-08-15 19:14:39.371 +03:00 [INF] Executed action CourseHub.Controllers.HomeController.Index (CourseHub) in 7.5419ms
2026-08-15 19:14:39.372 +03:00 [INF] Executed endpoint 'CourseHub.Controllers.HomeController.Index (CourseHub)'
2026-08-15 19:14:39.373 +03:00 [INF] Request finished HTTP/2 GET https://localhost:7242/ - 200 null text/html; charset=utf-8 12.4818ms
2026-08-15 19:14:39.376 +03:00 [INF] Request starting HTTP/2 GET https://localhost:7242/_framework/aspnetcore-browser-refresh.js - null null
2026-08-15 19:14:39.376 +03:00 [INF] Request starting HTTP/2 GET https://localhost:7242/_vs/browserLink - null null
2026-08-15 19:14:39.377 +03:00 [INF] Request finished HTTP/2 GET https://localhost:7242/_framework/aspnetcore-browser-refresh.js - 200 14923 application/javascript; charset=utf-8 1.5249ms
2026-08-15 19:14:39.382 +03:00 [INF] Request finished HTTP/2 GET https://localhost:7242/_vs/browserLink - 200 null text/javascript; charset=UTF-8 6.034ms
2026-08-15 19:14:41.079 +03:00 [INF] Request starting HTTP/2 GET https://localhost:7242/Account/Login - null null
2026-08-15 19:14:41.082 +03:00 [INF] Executing endpoint 'CourseHub.Controllers.AccountController.Login (CourseHub)'
2026-08-15 19:14:41.083 +03:00 [INF] Route matched with {action = "Login", controller = "Account"}. Executing controller action with signature Microsoft.AspNetCore.Mvc.IActionResult Login(System.String) on controller CourseHub.Controllers.AccountController (CourseHub).
2026-08-15 19:14:41.084 +03:00 [INF] Executing ViewResult, running view Login.
2026-08-15 19:14:41.086 +03:00 [INF] Executed ViewResult - view Login executed in 1.4152ms.
2026-08-15 19:14:41.087 +03:00 [INF] Executed action CourseHub.Controllers.AccountController.Login (CourseHub) in 2.5198ms
2026-08-15 19:14:41.087 +03:00 [INF] Executed endpoint 'CourseHub.Controllers.AccountController.Login (CourseHub)'
2026-08-15 19:14:41.088 +03:00 [INF] Request finished HTTP/2 GET https://localhost:7242/Account/Login - 200 null text/html; charset=utf-8 8.4616ms
2026-08-15 19:14:41.090 +03:00 [INF] Request starting HTTP/2 GET https://localhost:7242/_vs/browserLink - null null
2026-08-15 19:14:41.090 +03:00 [INF] Request starting HTTP/2 GET https://localhost:7242/_framework/aspnetcore-browser-refresh.js - null null
2026-08-15 19:14:41.093 +03:00 [INF] Request finished HTTP/2 GET https://localhost:7242/_framework/aspnetcore-browser-refresh.js - 200 14923 application/javascript; charset=utf-8 2.9303ms
2026-08-15 19:14:41.095 +03:00 [INF] Request finished HTTP/2 GET https://localhost:7242/_vs/browserLink - 200 null text/javascript; charset=UTF-8 4.3918ms
2026-08-15 19:14:47.560 +03:00 [INF] Request starting HTTP/2 POST https://localhost:7242/Account/Login - application/x-www-form-urlencoded 259
2026-08-15 19:14:47.563 +03:00 [INF] Executing endpoint 'CourseHub.Controllers.AccountController.Login (CourseHub)'
2026-08-15 19:14:47.564 +03:00 [INF] Route matched with {action = "Login", controller = "Account"}. Executing controller action with signature System.Threading.Tasks.Task`1[Microsoft.AspNetCore.Mvc.IActionResult] Login(CourseHub.ViewModels.LoginViewModel, System.String) on controller CourseHub.Controllers.AccountController (CourseHub).
2026-08-15 19:14:47.570 +03:00 [INF] Executed DbCommand (3ms) [Parameters=[@normalizedEmail='?' (Size = 256)], CommandType='"Text"', CommandTimeout='30']
SELECT TOP(2) [a].[Id], [a].[AccessFailedCount], [a].[ConcurrencyStamp], [a].[Email], [a].[EmailConfirmed], [a].[FullName], [a].[LockoutEnabled], [a].[LockoutEnd], [a].[NormalizedEmail], [a].[NormalizedUserName], [a].[PasswordHash], [a].[PhoneNumber], [a].[PhoneNumberConfirmed], [a].[SecurityStamp], [a].[TwoFactorEnabled], [a].[UserName]
FROM [AspNetUsers] AS [a]
WHERE [a].[NormalizedEmail] = @normalizedEmail
2026-08-15 19:14:47.635 +03:00 [INF] Executed DbCommand (2ms) [Parameters=[@user_Id='?' (Size = 450)], CommandType='"Text"', CommandTimeout='30']
SELECT [a].[Id], [a].[ClaimType], [a].[ClaimValue], [a].[UserId]
FROM [AspNetUserClaims] AS [a]
WHERE [a].[UserId] = @user_Id
2026-08-15 19:14:47.638 +03:00 [INF] Executed DbCommand (2ms) [Parameters=[@userId='?' (Size = 450)], CommandType='"Text"', CommandTimeout='30']
SELECT [a0].[Name]
FROM [AspNetUserRoles] AS [a]
INNER JOIN [AspNetRoles] AS [a0] ON [a].[RoleId] = [a0].[Id]
WHERE [a].[UserId] = @userId
2026-08-15 19:14:47.641 +03:00 [INF] Executed DbCommand (1ms) [Parameters=[@normalizedName='?' (Size = 256)], CommandType='"Text"', CommandTimeout='30']
SELECT TOP(1) [a].[Id], [a].[ConcurrencyStamp], [a].[Name], [a].[NormalizedName]
FROM [AspNetRoles] AS [a]
WHERE [a].[NormalizedName] = @normalizedName
2026-08-15 19:14:47.644 +03:00 [INF] Executed DbCommand (1ms) [Parameters=[@role_Id='?' (Size = 450)], CommandType='"Text"', CommandTimeout='30']
SELECT [a].[ClaimType], [a].[ClaimValue]
FROM [AspNetRoleClaims] AS [a]
WHERE [a].[RoleId] = @role_Id
2026-08-15 19:14:47.645 +03:00 [INF] AuthenticationScheme: Identity.Application signed in.
2026-08-15 19:14:47.647 +03:00 [INF] Executed DbCommand (1ms) [Parameters=[@normalizedRoleName='?' (Size = 256)], CommandType='"Text"', CommandTimeout='30']
SELECT TOP(2) [a].[Id], [a].[ConcurrencyStamp], [a].[Name], [a].[NormalizedName]
FROM [AspNetRoles] AS [a]
WHERE [a].[NormalizedName] = @normalizedRoleName
2026-08-15 19:14:47.649 +03:00 [INF] Executed DbCommand (1ms) [Parameters=[@p='?' (Size = 450), @p1='?' (Size = 450)], CommandType='"Text"', CommandTimeout='30']
SELECT TOP(1) [a].[UserId], [a].[RoleId]
FROM [AspNetUserRoles] AS [a]
WHERE [a].[UserId] = @p AND [a].[RoleId] = @p1
2026-08-15 19:14:47.651 +03:00 [INF] Executing RedirectResult, redirecting to /Admin/Dashboard.
2026-08-15 19:14:47.652 +03:00 [INF] Executed action CourseHub.Controllers.AccountController.Login (CourseHub) in 86.1554ms
2026-08-15 19:14:47.653 +03:00 [INF] Executed endpoint 'CourseHub.Controllers.AccountController.Login (CourseHub)'
2026-08-15 19:14:47.653 +03:00 [INF] Request finished HTTP/2 POST https://localhost:7242/Account/Login - 302 null null 93.0806ms
2026-08-15 19:14:47.655 +03:00 [INF] Request starting HTTP/2 GET https://localhost:7242/Admin/Dashboard - null null
2026-08-15 19:14:47.658 +03:00 [INF] Executing endpoint 'CourseHub.Controllers.AdminController.Dashboard (CourseHub)'
2026-08-15 19:14:47.659 +03:00 [INF] Route matched with {action = "Dashboard", controller = "Admin"}. Executing controller action with signature System.Threading.Tasks.Task`1[Microsoft.AspNetCore.Mvc.IActionResult] Dashboard() on controller CourseHub.Controllers.AdminController (CourseHub).
2026-08-15 19:14:47.661 +03:00 [INF] Executed DbCommand (0ms) [Parameters=[@normalizedRoleName='?' (Size = 256)], CommandType='"Text"', CommandTimeout='30']
SELECT TOP(2) [a].[Id], [a].[ConcurrencyStamp], [a].[Name], [a].[NormalizedName]
FROM [AspNetRoles] AS [a]
WHERE [a].[NormalizedName] = @normalizedRoleName
2026-08-15 19:14:47.665 +03:00 [INF] Executed DbCommand (2ms) [Parameters=[@role_Id='?' (Size = 450)], CommandType='"Text"', CommandTimeout='30']
SELECT [a0].[Id], [a0].[AccessFailedCount], [a0].[ConcurrencyStamp], [a0].[Email], [a0].[EmailConfirmed], [a0].[FullName], [a0].[LockoutEnabled], [a0].[LockoutEnd], [a0].[NormalizedEmail], [a0].[NormalizedUserName], [a0].[PasswordHash], [a0].[PhoneNumber], [a0].[PhoneNumberConfirmed], [a0].[SecurityStamp], [a0].[TwoFactorEnabled], [a0].[UserName]
FROM [AspNetUserRoles] AS [a]
INNER JOIN [AspNetUsers] AS [a0] ON [a].[UserId] = [a0].[Id]
WHERE [a].[RoleId] = @role_Id
2026-08-15 19:14:47.667 +03:00 [INF] Executed DbCommand (0ms) [Parameters=[@normalizedRoleName='?' (Size = 256)], CommandType='"Text"', CommandTimeout='30']
SELECT TOP(2) [a].[Id], [a].[ConcurrencyStamp], [a].[Name], [a].[NormalizedName]
FROM [AspNetRoles] AS [a]
WHERE [a].[NormalizedName] = @normalizedRoleName
2026-08-15 19:14:47.668 +03:00 [INF] Executed DbCommand (0ms) [Parameters=[@role_Id='?' (Size = 450)], CommandType='"Text"', CommandTimeout='30']
SELECT [a0].[Id], [a0].[AccessFailedCount], [a0].[ConcurrencyStamp], [a0].[Email], [a0].[EmailConfirmed], [a0].[FullName], [a0].[LockoutEnabled], [a0].[LockoutEnd], [a0].[NormalizedEmail], [a0].[NormalizedUserName], [a0].[PasswordHash], [a0].[PhoneNumber], [a0].[PhoneNumberConfirmed], [a0].[SecurityStamp], [a0].[TwoFactorEnabled], [a0].[UserName]
FROM [AspNetUserRoles] AS [a]
INNER JOIN [AspNetUsers] AS [a0] ON [a].[UserId] = [a0].[Id]
WHERE [a].[RoleId] = @role_Id
2026-08-15 19:14:47.670 +03:00 [INF] Executed DbCommand (1ms) [Parameters=[], CommandType='"Text"', CommandTimeout='30']
SELECT COUNT(*)
FROM [AspNetUsers] AS [a]
2026-08-15 19:14:47.673 +03:00 [INF] Executed DbCommand (1ms) [Parameters=[], CommandType='"Text"', CommandTimeout='30']
SELECT COUNT(*)
FROM [Courses] AS [c]
2026-08-15 19:14:47.675 +03:00 [INF] Executed DbCommand (1ms) [Parameters=[], CommandType='"Text"', CommandTimeout='30']
SELECT COUNT(*)
FROM [Enrollments] AS [e]
2026-08-15 19:14:47.676 +03:00 [INF] Executing ViewResult, running view Dashboard.
2026-08-15 19:14:47.677 +03:00 [INF] Executed ViewResult - view Dashboard executed in 1.2991ms.
2026-08-15 19:14:47.678 +03:00 [INF] Executed action CourseHub.Controllers.AdminController.Dashboard (CourseHub) in 17.982ms
2026-08-15 19:14:47.679 +03:00 [INF] Executed endpoint 'CourseHub.Controllers.AdminController.Dashboard (CourseHub)'
2026-08-15 19:14:47.679 +03:00 [INF] Request finished HTTP/2 GET https://localhost:7242/Admin/Dashboard - 200 null text/html; charset=utf-8 23.9141ms
2026-08-15 19:14:47.682 +03:00 [INF] Request starting HTTP/2 GET https://localhost:7242/_vs/browserLink - null null
2026-08-15 19:14:47.682 +03:00 [INF] Request starting HTTP/2 GET https://localhost:7242/_framework/aspnetcore-browser-refresh.js - null null
2026-08-15 19:14:47.686 +03:00 [INF] Request finished HTTP/2 GET https://localhost:7242/_framework/aspnetcore-browser-refresh.js - 200 14923 application/javascript; charset=utf-8 3.1095ms
2026-08-15 19:14:47.687 +03:00 [INF] Request finished HTTP/2 GET https://localhost:7242/_vs/browserLink - 200 null text/javascript; charset=UTF-8 4.401ms
2026-08-15 19:14:52.360 +03:00 [INF] Request starting HTTP/2 GET https://localhost:7242/Admin/Courses - null null
2026-08-15 19:14:52.363 +03:00 [INF] Executing endpoint 'CourseHub.Controllers.AdminController.Courses (CourseHub)'
2026-08-15 19:14:52.371 +03:00 [INF] Route matched with {action = "Courses", controller = "Admin"}. Executing controller action with signature System.Threading.Tasks.Task`1[Microsoft.AspNetCore.Mvc.IActionResult] Courses() on controller CourseHub.Controllers.AdminController (CourseHub).
2026-08-15 19:14:52.388 +03:00 [INF] Executed DbCommand (5ms) [Parameters=[], CommandType='"Text"', CommandTimeout='30']
SELECT [c].[Id], [c].[CategoryId], [c].[CreatedAt], [c].[Description], [c].[EnrollmentDeadline], [c].[ImageUrl], [c].[InstructorId], [c].[Price], [c].[Title], [c0].[Id], [c0].[Name], [a].[Id], [a].[AccessFailedCount], [a].[ConcurrencyStamp], [a].[Email], [a].[EmailConfirmed], [a].[FullName], [a].[LockoutEnabled], [a].[LockoutEnd], [a].[NormalizedEmail], [a].[NormalizedUserName], [a].[PasswordHash], [a].[PhoneNumber], [a].[PhoneNumberConfirmed], [a].[SecurityStamp], [a].[TwoFactorEnabled], [a].[UserName]
FROM [Courses] AS [c]
INNER JOIN [Categories] AS [c0] ON [c].[CategoryId] = [c0].[Id]
INNER JOIN [AspNetUsers] AS [a] ON [c].[InstructorId] = [a].[Id]
ORDER BY [c].[CreatedAt] DESC
2026-08-15 19:14:52.394 +03:00 [INF] Executing ViewResult, running view Courses.
2026-08-15 19:14:52.408 +03:00 [INF] Executed ViewResult - view Courses executed in 14.5595ms.
2026-08-15 19:14:52.409 +03:00 [INF] Executed action CourseHub.Controllers.AdminController.Courses (CourseHub) in 37.4734ms
2026-08-15 19:14:52.410 +03:00 [INF] Executed endpoint 'CourseHub.Controllers.AdminController.Courses (CourseHub)'
2026-08-15 19:14:52.411 +03:00 [INF] Request finished HTTP/2 GET https://localhost:7242/Admin/Courses - 200 null text/html; charset=utf-8 51.0908ms
2026-08-15 19:14:52.414 +03:00 [INF] Request starting HTTP/2 GET https://localhost:7242/images/courses/8097a6af1d3f46168d7962df5189d26f.png - null null
2026-08-15 19:14:52.414 +03:00 [INF] Request starting HTTP/2 GET https://localhost:7242/images/courses/843b0ba6e5ee4eb7b669f56d5e27fa1f.png - null null
2026-08-15 19:14:52.416 +03:00 [INF] The file /images/courses/8097a6af1d3f46168d7962df5189d26f.png was not modified
2026-08-15 19:14:52.417 +03:00 [INF] The file /images/courses/843b0ba6e5ee4eb7b669f56d5e27fa1f.png was not modified
2026-08-15 19:14:52.418 +03:00 [INF] Request finished HTTP/2 GET https://localhost:7242/images/courses/8097a6af1d3f46168d7962df5189d26f.png - 304 null image/png 3.6548ms
2026-08-15 19:14:52.418 +03:00 [INF] Request starting HTTP/2 GET https://localhost:7242/_framework/aspnetcore-browser-refresh.js - null null
2026-08-15 19:14:52.419 +03:00 [INF] Request starting HTTP/2 GET https://localhost:7242/_vs/browserLink - null null
2026-08-15 19:14:52.419 +03:00 [INF] Request finished HTTP/2 GET https://localhost:7242/images/courses/843b0ba6e5ee4eb7b669f56d5e27fa1f.png - 304 null image/png 4.4392ms
2026-08-15 19:14:52.423 +03:00 [INF] Request finished HTTP/2 GET https://localhost:7242/_framework/aspnetcore-browser-refresh.js - 200 14923 application/javascript; charset=utf-8 4.5048ms
2026-08-15 19:14:52.428 +03:00 [INF] Request finished HTTP/2 GET https://localhost:7242/_vs/browserLink - 200 null text/javascript; charset=UTF-8 9.6595ms
2026-08-15 19:14:54.250 +03:00 [INF] Request starting HTTP/2 GET https://localhost:7242/Courses/Create - null null
2026-08-15 19:14:54.254 +03:00 [INF] Executing endpoint 'CourseHub.Controllers.CoursesController.Create (CourseHub)'
2026-08-15 19:14:54.255 +03:00 [INF] Route matched with {action = "Create", controller = "Courses"}. Executing controller action with signature System.Threading.Tasks.Task`1[Microsoft.AspNetCore.Mvc.IActionResult] Create() on controller CourseHub.Controllers.CoursesController (CourseHub).
2026-08-15 19:14:54.259 +03:00 [INF] Executed DbCommand (1ms) [Parameters=[], CommandType='"Text"', CommandTimeout='30']
SELECT CONVERT(varchar(11), [c].[Id]) AS [Value], [c].[Name] AS [Text]
FROM [Categories] AS [c]
ORDER BY [c].[Name]
2026-08-15 19:14:54.263 +03:00 [INF] Executed DbCommand (2ms) [Parameters=[@normalizedRoleName='?' (Size = 256)], CommandType='"Text"', CommandTimeout='30']
SELECT TOP(2) [a].[Id], [a].[ConcurrencyStamp], [a].[Name], [a].[NormalizedName]
FROM [AspNetRoles] AS [a]
WHERE [a].[NormalizedName] = @normalizedRoleName
2026-08-15 19:14:54.267 +03:00 [INF] Executed DbCommand (2ms) [Parameters=[@role_Id='?' (Size = 450)], CommandType='"Text"', CommandTimeout='30']
SELECT [a0].[Id], [a0].[AccessFailedCount], [a0].[ConcurrencyStamp], [a0].[Email], [a0].[EmailConfirmed], [a0].[FullName], [a0].[LockoutEnabled], [a0].[LockoutEnd], [a0].[NormalizedEmail], [a0].[NormalizedUserName], [a0].[PasswordHash], [a0].[PhoneNumber], [a0].[PhoneNumberConfirmed], [a0].[SecurityStamp], [a0].[TwoFactorEnabled], [a0].[UserName]
FROM [AspNetUserRoles] AS [a]
INNER JOIN [AspNetUsers] AS [a0] ON [a].[UserId] = [a0].[Id]
WHERE [a].[RoleId] = @role_Id
2026-08-15 19:14:54.270 +03:00 [INF] Executing ViewResult, running view Create.
2026-08-15 19:14:54.275 +03:00 [INF] Executed ViewResult - view Create executed in 5.6974ms.
2026-08-15 19:14:54.276 +03:00 [INF] Executed action CourseHub.Controllers.CoursesController.Create (CourseHub) in 20.5426ms
2026-08-15 19:14:54.277 +03:00 [INF] Executed endpoint 'CourseHub.Controllers.CoursesController.Create (CourseHub)'
2026-08-15 19:14:54.278 +03:00 [INF] Request finished HTTP/2 GET https://localhost:7242/Courses/Create - 200 null text/html; charset=utf-8 28.0594ms
2026-08-15 19:14:54.281 +03:00 [INF] Request starting HTTP/2 GET https://localhost:7242/_vs/browserLink - null null
2026-08-15 19:14:54.281 +03:00 [INF] Request starting HTTP/2 GET https://localhost:7242/_framework/aspnetcore-browser-refresh.js - null null
2026-08-15 19:14:54.285 +03:00 [INF] Request finished HTTP/2 GET https://localhost:7242/_framework/aspnetcore-browser-refresh.js - 200 14923 application/javascript; charset=utf-8 3.2671ms
2026-08-15 19:14:54.286 +03:00 [INF] Request finished HTTP/2 GET https://localhost:7242/_vs/browserLink - 200 null text/javascript; charset=UTF-8 4.5197ms
2026-08-15 19:15:20.022 +03:00 [INF] Request starting HTTP/2 POST https://localhost:7242/Courses/Create - multipart/form-data; boundary=----WebKitFormBoundaryHnxk6GoznhhiNAOP 33020
2026-08-15 19:15:20.025 +03:00 [INF] Executing endpoint 'CourseHub.Controllers.CoursesController.Create (CourseHub)'
2026-08-15 19:15:20.026 +03:00 [INF] Route matched with {action = "Create", controller = "Courses"}. Executing controller action with signature System.Threading.Tasks.Task`1[Microsoft.AspNetCore.Mvc.IActionResult] Create(CourseHub.ViewModels.CreateCourseViewModel) on controller CourseHub.Controllers.CoursesController (CourseHub).
2026-08-15 19:15:20.028 +03:00 [INF] ========== CREATE POST STARTED ==========
2026-08-15 19:15:20.029 +03:00 [INF] Title: ffffff
2026-08-15 19:15:20.029 +03:00 [INF] Image: profile-pic.png
2026-08-15 19:15:20.030 +03:00 [INF] Image Size: 31644
2026-08-15 19:15:20.033 +03:00 [INF] Executed DbCommand (2ms) [Parameters=[@p='?' (Size = 450)], CommandType='"Text"', CommandTimeout='30']
SELECT TOP(1) [a].[Id], [a].[AccessFailedCount], [a].[ConcurrencyStamp], [a].[Email], [a].[EmailConfirmed], [a].[FullName], [a].[LockoutEnabled], [a].[LockoutEnd], [a].[NormalizedEmail], [a].[NormalizedUserName], [a].[PasswordHash], [a].[PhoneNumber], [a].[PhoneNumberConfirmed], [a].[SecurityStamp], [a].[TwoFactorEnabled], [a].[UserName]
FROM [AspNetUsers] AS [a]
WHERE [a].[Id] = @p
2026-08-15 19:15:20.035 +03:00 [INF] IMAGE RECEIVED: profile-pic.png - 31644
2026-08-15 19:15:20.035 +03:00 [INF] ABOUT TO SAVE IMAGE: D:\Real Projects\Mvc Projects\CourseHub\CourseHub\wwwroot\images\courses\512f341bb0224f7989a4d8d403a03cea.png
2026-08-15 19:15:20.037 +03:00 [INF] IMAGE SAVED SUCCESSFULLY: D:\Real Projects\Mvc Projects\CourseHub\CourseHub\wwwroot\images\courses\512f341bb0224f7989a4d8d403a03cea.png
2026-08-15 19:15:20.037 +03:00 [INF] IMAGE SAVED: /images/courses/512f341bb0224f7989a4d8d403a03cea.png
2026-08-15 19:15:20.042 +03:00 [INF] Executed DbCommand (3ms) [Parameters=[@p0='?' (DbType = Int32), @p1='?' (DbType = DateTime2), @p2='?' (Size = 2000), @p3='?' (DbType = DateTime2), @p4='?' (Size = 4000), @p5='?' (Size = 450), @p6='?' (Precision = 18) (Scale = 2) (DbType = Decimal), @p7='?' (Size = 150)], CommandType='"Text"', CommandTimeout='30']
SET IMPLICIT_TRANSACTIONS OFF;
SET NOCOUNT ON;
INSERT INTO [Courses] ([CategoryId], [CreatedAt], [Description], [EnrollmentDeadline], [ImageUrl], [InstructorId], [Price], [Title])
OUTPUT INSERTED.[Id]
VALUES (@p0, @p1, @p2, @p3, @p4, @p5, @p6, @p7);
2026-08-15 19:15:20.044 +03:00 [INF] COURSE CREATED: 22
2026-08-15 19:15:20.044 +03:00 [INF] Executing RedirectResult, redirecting to /Courses.
2026-08-15 19:15:20.045 +03:00 [INF] Executed action CourseHub.Controllers.CoursesController.Create (CourseHub) in 17.9129ms
2026-08-15 19:15:20.046 +03:00 [INF] Executed endpoint 'CourseHub.Controllers.CoursesController.Create (CourseHub)'
2026-08-15 19:15:20.046 +03:00 [INF] Request finished HTTP/2 POST https://localhost:7242/Courses/Create - 302 null null 24.3098ms
2026-08-15 19:15:20.048 +03:00 [INF] Request starting HTTP/2 GET https://localhost:7242/Courses - null null
2026-08-15 19:15:20.051 +03:00 [INF] Executing endpoint 'CourseHub.Controllers.CoursesController.Index (CourseHub)'
2026-08-15 19:15:20.051 +03:00 [INF] Route matched with {action = "Index", controller = "Courses"}. Executing controller action with signature System.Threading.Tasks.Task`1[Microsoft.AspNetCore.Mvc.IActionResult] Index(System.String, System.Nullable`1[System.Int32], Int32) on controller CourseHub.Controllers.CoursesController (CourseHub).
2026-08-15 19:15:20.054 +03:00 [INF] Executed DbCommand (1ms) [Parameters=[], CommandType='"Text"', CommandTimeout='30']
SELECT COUNT(*)
FROM [Courses] AS [c]
2026-08-15 19:15:20.059 +03:00 [INF] Executed DbCommand (4ms) [Parameters=[@p='?' (DbType = Int32), @p1='?' (DbType = Int32)], CommandType='"Text"', CommandTimeout='30']
SELECT [c1].[Id], [c1].[CategoryId], [c1].[CreatedAt], [c1].[Description], [c1].[EnrollmentDeadline], [c1].[ImageUrl], [c1].[InstructorId], [c1].[Price], [c1].[Title], [c0].[Id], [c0].[Name], [a].[Id], [a].[AccessFailedCount], [a].[ConcurrencyStamp], [a].[Email], [a].[EmailConfirmed], [a].[FullName], [a].[LockoutEnabled], [a].[LockoutEnd], [a].[NormalizedEmail], [a].[NormalizedUserName], [a].[PasswordHash], [a].[PhoneNumber], [a].[PhoneNumberConfirmed], [a].[SecurityStamp], [a].[TwoFactorEnabled], [a].[UserName]
FROM (
    SELECT [c].[Id], [c].[CategoryId], [c].[CreatedAt], [c].[Description], [c].[EnrollmentDeadline], [c].[ImageUrl], [c].[InstructorId], [c].[Price], [c].[Title]
    FROM [Courses] AS [c]
    ORDER BY [c].[CreatedAt] DESC
    OFFSET @p ROWS FETCH NEXT @p1 ROWS ONLY
) AS [c1]
INNER JOIN [Categories] AS [c0] ON [c1].[CategoryId] = [c0].[Id]
INNER JOIN [AspNetUsers] AS [a] ON [c1].[InstructorId] = [a].[Id]
ORDER BY [c1].[CreatedAt] DESC
2026-08-15 19:15:20.062 +03:00 [INF] Executed DbCommand (1ms) [Parameters=[], CommandType='"Text"', CommandTimeout='30']
SELECT [c].[Id], [c].[Name]
FROM [Categories] AS [c]
ORDER BY [c].[Name]
2026-08-15 19:15:20.063 +03:00 [INF] Executing ViewResult, running view Index.
2026-08-15 19:15:20.065 +03:00 [INF] Executed ViewResult - view Index executed in 1.6399ms.
2026-08-15 19:15:20.066 +03:00 [INF] Executed action CourseHub.Controllers.CoursesController.Index (CourseHub) in 13.4393ms
2026-08-15 19:15:20.066 +03:00 [INF] Executed endpoint 'CourseHub.Controllers.CoursesController.Index (CourseHub)'
2026-08-15 19:15:20.067 +03:00 [INF] Request finished HTTP/2 GET https://localhost:7242/Courses - 200 null text/html; charset=utf-8 18.8558ms
2026-08-15 19:15:20.071 +03:00 [INF] Request starting HTTP/2 GET https://localhost:7242/images/courses/512f341bb0224f7989a4d8d403a03cea.png - null null
2026-08-15 19:15:20.073 +03:00 [INF] Sending file. Request path: '/images/courses/512f341bb0224f7989a4d8d403a03cea.png'. Physical path: 'D:\Real Projects\Mvc Projects\CourseHub\CourseHub\wwwroot\images\courses\512f341bb0224f7989a4d8d403a03cea.png'
2026-08-15 19:15:20.074 +03:00 [INF] Request finished HTTP/2 GET https://localhost:7242/images/courses/512f341bb0224f7989a4d8d403a03cea.png - 200 31644 image/png 3.2869ms
2026-08-15 19:15:20.077 +03:00 [INF] Request starting HTTP/2 GET https://localhost:7242/_framework/aspnetcore-browser-refresh.js - null null
2026-08-15 19:15:20.077 +03:00 [INF] Request starting HTTP/2 GET https://localhost:7242/_vs/browserLink - null null
2026-08-15 19:15:20.079 +03:00 [INF] Request finished HTTP/2 GET https://localhost:7242/_framework/aspnetcore-browser-refresh.js - 200 14923 application/javascript; charset=utf-8 2.0798ms
2026-08-15 19:15:20.083 +03:00 [INF] Request finished HTTP/2 GET https://localhost:7242/_vs/browserLink - 200 null text/javascript; charset=UTF-8 5.748ms
2026-08-15 19:47:43.740 +03:00 [INF] Starting CourseHub application...
2026-08-15 19:47:44.377 +03:00 [INF] User profile is available. Using 'C:\Users\ayman\AppData\Local\ASP.NET\DataProtection-Keys' as key repository and Windows DPAPI to encrypt keys at rest.
2026-08-15 19:47:44.904 +03:00 [WRN] No store type was specified for the decimal property 'Price' on entity type 'Course'. This will cause values to be silently truncated if they do not fit in the default precision and scale. Explicitly specify the SQL server column type that can accommodate all the values in 'OnModelCreating' using 'HasColumnType', specify precision and scale using 'HasPrecision', or configure a value converter using 'HasConversion'.
2026-08-15 19:47:45.562 +03:00 [INF] Executed DbCommand (48ms) [Parameters=[@normalizedName='?' (Size = 256)], CommandType='"Text"', CommandTimeout='30']
SELECT TOP(1) [a].[Id], [a].[ConcurrencyStamp], [a].[Name], [a].[NormalizedName]
FROM [AspNetRoles] AS [a]
WHERE [a].[NormalizedName] = @normalizedName
2026-08-15 19:47:45.657 +03:00 [INF] Executed DbCommand (2ms) [Parameters=[@normalizedName='?' (Size = 256)], CommandType='"Text"', CommandTimeout='30']
SELECT TOP(1) [a].[Id], [a].[ConcurrencyStamp], [a].[Name], [a].[NormalizedName]
FROM [AspNetRoles] AS [a]
WHERE [a].[NormalizedName] = @normalizedName
2026-08-15 19:47:45.662 +03:00 [INF] Executed DbCommand (1ms) [Parameters=[@normalizedName='?' (Size = 256)], CommandType='"Text"', CommandTimeout='30']
SELECT TOP(1) [a].[Id], [a].[ConcurrencyStamp], [a].[Name], [a].[NormalizedName]
FROM [AspNetRoles] AS [a]
WHERE [a].[NormalizedName] = @normalizedName
2026-08-15 19:47:45.683 +03:00 [INF] Executed DbCommand (3ms) [Parameters=[@normalizedEmail='?' (Size = 256)], CommandType='"Text"', CommandTimeout='30']
SELECT TOP(2) [a].[Id], [a].[AccessFailedCount], [a].[ConcurrencyStamp], [a].[Email], [a].[EmailConfirmed], [a].[FullName], [a].[LockoutEnabled], [a].[LockoutEnd], [a].[NormalizedEmail], [a].[NormalizedUserName], [a].[PasswordHash], [a].[PhoneNumber], [a].[PhoneNumberConfirmed], [a].[SecurityStamp], [a].[TwoFactorEnabled], [a].[UserName]
FROM [AspNetUsers] AS [a]
WHERE [a].[NormalizedEmail] = @normalizedEmail
2026-08-15 19:47:45.720 +03:00 [INF] CourseHub application started successfully.
2026-08-15 19:47:45.940 +03:00 [INF] Now listening on: https://localhost:7242
2026-08-15 19:47:45.940 +03:00 [INF] Now listening on: http://localhost:5164
2026-08-15 19:47:45.979 +03:00 [INF] Application started. Press Ctrl+C to shut down.
2026-08-15 19:47:45.979 +03:00 [INF] Hosting environment: Development
2026-08-15 19:47:45.980 +03:00 [INF] Content root path: D:\Real Projects\Mvc Projects\CourseHub\CourseHub
2026-08-15 19:47:46.702 +03:00 [INF] Request starting HTTP/2 GET https://localhost:7242/ - null null
2026-08-15 19:47:46.935 +03:00 [INF] Executed DbCommand (3ms) [Parameters=[@p='?' (Size = 450)], CommandType='"Text"', CommandTimeout='30']
SELECT TOP(1) [a].[Id], [a].[AccessFailedCount], [a].[ConcurrencyStamp], [a].[Email], [a].[EmailConfirmed], [a].[FullName], [a].[LockoutEnabled], [a].[LockoutEnd], [a].[NormalizedEmail], [a].[NormalizedUserName], [a].[PasswordHash], [a].[PhoneNumber], [a].[PhoneNumberConfirmed], [a].[SecurityStamp], [a].[TwoFactorEnabled], [a].[UserName]
FROM [AspNetUsers] AS [a]
WHERE [a].[Id] = @p
2026-08-15 19:47:46.981 +03:00 [INF] Executed DbCommand (2ms) [Parameters=[@user_Id='?' (Size = 450)], CommandType='"Text"', CommandTimeout='30']
SELECT [a].[Id], [a].[ClaimType], [a].[ClaimValue], [a].[UserId]
FROM [AspNetUserClaims] AS [a]
WHERE [a].[UserId] = @user_Id
2026-08-15 19:47:47.006 +03:00 [INF] Executed DbCommand (3ms) [Parameters=[@userId='?' (Size = 450)], CommandType='"Text"', CommandTimeout='30']
SELECT [a0].[Name]
FROM [AspNetUserRoles] AS [a]
INNER JOIN [AspNetRoles] AS [a0] ON [a].[RoleId] = [a0].[Id]
WHERE [a].[UserId] = @userId
2026-08-15 19:47:47.012 +03:00 [INF] Executed DbCommand (2ms) [Parameters=[@normalizedName='?' (Size = 256)], CommandType='"Text"', CommandTimeout='30']
SELECT TOP(1) [a].[Id], [a].[ConcurrencyStamp], [a].[Name], [a].[NormalizedName]
FROM [AspNetRoles] AS [a]
WHERE [a].[NormalizedName] = @normalizedName
2026-08-15 19:47:47.022 +03:00 [INF] Executed DbCommand (2ms) [Parameters=[@role_Id='?' (Size = 450)], CommandType='"Text"', CommandTimeout='30']
SELECT [a].[ClaimType], [a].[ClaimValue]
FROM [AspNetRoleClaims] AS [a]
WHERE [a].[RoleId] = @role_Id
2026-08-15 19:47:47.035 +03:00 [INF] Executing endpoint 'CourseHub.Controllers.HomeController.Index (CourseHub)'
2026-08-15 19:47:47.056 +03:00 [INF] Route matched with {action = "Index", controller = "Home"}. Executing controller action with signature System.Threading.Tasks.Task`1[Microsoft.AspNetCore.Mvc.IActionResult] Index() on controller CourseHub.Controllers.HomeController (CourseHub).
2026-08-15 19:47:47.090 +03:00 [INF] Executed DbCommand (3ms) [Parameters=[], CommandType='"Text"', CommandTimeout='30']
SELECT COUNT(*)
FROM [Courses] AS [c]
2026-08-15 19:47:47.099 +03:00 [INF] Executed DbCommand (2ms) [Parameters=[], CommandType='"Text"', CommandTimeout='30']
SELECT COUNT(*)
FROM [Categories] AS [c]
2026-08-15 19:47:47.150 +03:00 [INF] Executing ViewResult, running view Index.
2026-08-15 19:47:47.293 +03:00 [INF] Executed ViewResult - view Index executed in 145.8614ms.
2026-08-15 19:47:47.298 +03:00 [INF] Executed action CourseHub.Controllers.HomeController.Index (CourseHub) in 239.654ms
2026-08-15 19:47:47.299 +03:00 [INF] Executed endpoint 'CourseHub.Controllers.HomeController.Index (CourseHub)'
2026-08-15 19:47:47.308 +03:00 [INF] Request finished HTTP/2 GET https://localhost:7242/ - 200 null text/html; charset=utf-8 614.4855ms
2026-08-15 19:47:47.327 +03:00 [INF] Request starting HTTP/2 GET https://localhost:7242/_vs/browserLink - null null
2026-08-15 19:47:47.327 +03:00 [INF] Request starting HTTP/2 GET https://localhost:7242/_framework/aspnetcore-browser-refresh.js - null null
2026-08-15 19:47:47.336 +03:00 [INF] Request finished HTTP/2 GET https://localhost:7242/_framework/aspnetcore-browser-refresh.js - 200 14923 application/javascript; charset=utf-8 9.2527ms
2026-08-15 19:47:47.357 +03:00 [INF] Request finished HTTP/2 GET https://localhost:7242/_vs/browserLink - 200 null text/javascript; charset=UTF-8 29.7297ms
2026-08-15 19:47:52.643 +03:00 [INF] Request starting HTTP/2 GET https://localhost:7242/ - null null
2026-08-15 19:47:52.676 +03:00 [INF] Executed DbCommand (3ms) [Parameters=[@p='?' (Size = 450)], CommandType='"Text"', CommandTimeout='30']
SELECT TOP(1) [a].[Id], [a].[AccessFailedCount], [a].[ConcurrencyStamp], [a].[Email], [a].[EmailConfirmed], [a].[FullName], [a].[LockoutEnabled], [a].[LockoutEnd], [a].[NormalizedEmail], [a].[NormalizedUserName], [a].[PasswordHash], [a].[PhoneNumber], [a].[PhoneNumberConfirmed], [a].[SecurityStamp], [a].[TwoFactorEnabled], [a].[UserName]
FROM [AspNetUsers] AS [a]
WHERE [a].[Id] = @p
2026-08-15 19:47:52.680 +03:00 [INF] Executed DbCommand (2ms) [Parameters=[@user_Id='?' (Size = 450)], CommandType='"Text"', CommandTimeout='30']
SELECT [a].[Id], [a].[ClaimType], [a].[ClaimValue], [a].[UserId]
FROM [AspNetUserClaims] AS [a]
WHERE [a].[UserId] = @user_Id
2026-08-15 19:47:52.685 +03:00 [INF] Executed DbCommand (2ms) [Parameters=[@userId='?' (Size = 450)], CommandType='"Text"', CommandTimeout='30']
SELECT [a0].[Name]
FROM [AspNetUserRoles] AS [a]
INNER JOIN [AspNetRoles] AS [a0] ON [a].[RoleId] = [a0].[Id]
WHERE [a].[UserId] = @userId
2026-08-15 19:47:52.689 +03:00 [INF] Executed DbCommand (2ms) [Parameters=[@normalizedName='?' (Size = 256)], CommandType='"Text"', CommandTimeout='30']
SELECT TOP(1) [a].[Id], [a].[ConcurrencyStamp], [a].[Name], [a].[NormalizedName]
FROM [AspNetRoles] AS [a]
WHERE [a].[NormalizedName] = @normalizedName
2026-08-15 19:47:52.693 +03:00 [INF] Executed DbCommand (1ms) [Parameters=[@role_Id='?' (Size = 450)], CommandType='"Text"', CommandTimeout='30']
SELECT [a].[ClaimType], [a].[ClaimValue]
FROM [AspNetRoleClaims] AS [a]
WHERE [a].[RoleId] = @role_Id
2026-08-15 19:47:52.694 +03:00 [INF] Executing endpoint 'CourseHub.Controllers.HomeController.Index (CourseHub)'
2026-08-15 19:47:52.695 +03:00 [INF] Route matched with {action = "Index", controller = "Home"}. Executing controller action with signature System.Threading.Tasks.Task`1[Microsoft.AspNetCore.Mvc.IActionResult] Index() on controller CourseHub.Controllers.HomeController (CourseHub).
2026-08-15 19:47:52.697 +03:00 [INF] Executed DbCommand (1ms) [Parameters=[], CommandType='"Text"', CommandTimeout='30']
SELECT COUNT(*)
FROM [Courses] AS [c]
2026-08-15 19:47:52.700 +03:00 [INF] Executed DbCommand (1ms) [Parameters=[], CommandType='"Text"', CommandTimeout='30']
SELECT COUNT(*)
FROM [Categories] AS [c]
2026-08-15 19:47:52.701 +03:00 [INF] Executing ViewResult, running view Index.
2026-08-15 19:47:52.706 +03:00 [INF] Executed ViewResult - view Index executed in 5.1094ms.
2026-08-15 19:47:52.707 +03:00 [INF] Executed action CourseHub.Controllers.HomeController.Index (CourseHub) in 10.8125ms
2026-08-15 19:47:52.708 +03:00 [INF] Executed endpoint 'CourseHub.Controllers.HomeController.Index (CourseHub)'
2026-08-15 19:47:52.709 +03:00 [INF] Request finished HTTP/2 GET https://localhost:7242/ - 200 null text/html; charset=utf-8 65.9828ms
2026-08-15 19:47:52.712 +03:00 [INF] Request starting HTTP/2 GET https://localhost:7242/_vs/browserLink - null null
2026-08-15 19:47:52.712 +03:00 [INF] Request starting HTTP/2 GET https://localhost:7242/_framework/aspnetcore-browser-refresh.js - null null
2026-08-15 19:47:52.716 +03:00 [INF] Request finished HTTP/2 GET https://localhost:7242/_framework/aspnetcore-browser-refresh.js - 200 14923 application/javascript; charset=utf-8 4.167ms
2026-08-15 19:47:52.727 +03:00 [INF] Request finished HTTP/2 GET https://localhost:7242/_vs/browserLink - 200 null text/javascript; charset=UTF-8 14.6432ms
2026-08-15 19:51:38.951 +03:00 [INF] Starting CourseHub application...
2026-08-15 19:51:39.415 +03:00 [INF] User profile is available. Using 'C:\Users\ayman\AppData\Local\ASP.NET\DataProtection-Keys' as key repository and Windows DPAPI to encrypt keys at rest.
2026-08-15 19:51:39.910 +03:00 [WRN] No store type was specified for the decimal property 'Price' on entity type 'Course'. This will cause values to be silently truncated if they do not fit in the default precision and scale. Explicitly specify the SQL server column type that can accommodate all the values in 'OnModelCreating' using 'HasColumnType', specify precision and scale using 'HasPrecision', or configure a value converter using 'HasConversion'.
2026-08-15 19:51:40.505 +03:00 [INF] Executed DbCommand (41ms) [Parameters=[@normalizedName='?' (Size = 256)], CommandType='"Text"', CommandTimeout='30']
SELECT TOP(1) [a].[Id], [a].[ConcurrencyStamp], [a].[Name], [a].[NormalizedName]
FROM [AspNetRoles] AS [a]
WHERE [a].[NormalizedName] = @normalizedName
2026-08-15 19:51:40.574 +03:00 [INF] Executed DbCommand (1ms) [Parameters=[@normalizedName='?' (Size = 256)], CommandType='"Text"', CommandTimeout='30']
SELECT TOP(1) [a].[Id], [a].[ConcurrencyStamp], [a].[Name], [a].[NormalizedName]
FROM [AspNetRoles] AS [a]
WHERE [a].[NormalizedName] = @normalizedName
2026-08-15 19:51:40.576 +03:00 [INF] Executed DbCommand (0ms) [Parameters=[@normalizedName='?' (Size = 256)], CommandType='"Text"', CommandTimeout='30']
SELECT TOP(1) [a].[Id], [a].[ConcurrencyStamp], [a].[Name], [a].[NormalizedName]
FROM [AspNetRoles] AS [a]
WHERE [a].[NormalizedName] = @normalizedName
2026-08-15 19:51:40.588 +03:00 [INF] Executed DbCommand (3ms) [Parameters=[@normalizedEmail='?' (Size = 256)], CommandType='"Text"', CommandTimeout='30']
SELECT TOP(2) [a].[Id], [a].[AccessFailedCount], [a].[ConcurrencyStamp], [a].[Email], [a].[EmailConfirmed], [a].[FullName], [a].[LockoutEnabled], [a].[LockoutEnd], [a].[NormalizedEmail], [a].[NormalizedUserName], [a].[PasswordHash], [a].[PhoneNumber], [a].[PhoneNumberConfirmed], [a].[SecurityStamp], [a].[TwoFactorEnabled], [a].[UserName]
FROM [AspNetUsers] AS [a]
WHERE [a].[NormalizedEmail] = @normalizedEmail
2026-08-15 19:51:40.618 +03:00 [INF] CourseHub application started successfully.
2026-08-15 19:51:40.764 +03:00 [INF] Now listening on: https://localhost:7242
2026-08-15 19:51:40.765 +03:00 [INF] Now listening on: http://localhost:5164
2026-08-15 19:51:40.813 +03:00 [INF] Application started. Press Ctrl+C to shut down.
2026-08-15 19:51:40.815 +03:00 [INF] Hosting environment: Development
2026-08-15 19:51:40.815 +03:00 [INF] Content root path: D:\Real Projects\Mvc Projects\CourseHub\CourseHub
2026-08-15 19:51:41.621 +03:00 [INF] Request starting HTTP/2 GET https://localhost:7242/ - null null
2026-08-15 19:51:41.720 +03:00 [INF] Executing endpoint 'CourseHub.Controllers.HomeController.Index (CourseHub)'
2026-08-15 19:51:41.733 +03:00 [INF] Route matched with {action = "Index", controller = "Home"}. Executing controller action with signature System.Threading.Tasks.Task`1[Microsoft.AspNetCore.Mvc.IActionResult] Index() on controller CourseHub.Controllers.HomeController (CourseHub).
2026-08-15 19:51:41.819 +03:00 [INF] Executed DbCommand (2ms) [Parameters=[], CommandType='"Text"', CommandTimeout='30']
SELECT COUNT(*)
FROM [Courses] AS [c]
2026-08-15 19:51:41.828 +03:00 [INF] Executed DbCommand (2ms) [Parameters=[], CommandType='"Text"', CommandTimeout='30']
SELECT COUNT(*)
FROM [Categories] AS [c]
2026-08-15 19:51:41.871 +03:00 [INF] Executing ViewResult, running view Index.
2026-08-15 19:51:41.994 +03:00 [INF] Executed ViewResult - view Index executed in 123.723ms.
2026-08-15 19:51:41.999 +03:00 [INF] Executed action CourseHub.Controllers.HomeController.Index (CourseHub) in 264.2475ms
2026-08-15 19:51:42.000 +03:00 [INF] Executed endpoint 'CourseHub.Controllers.HomeController.Index (CourseHub)'
2026-08-15 19:51:42.013 +03:00 [INF] Request finished HTTP/2 GET https://localhost:7242/ - 200 null text/html; charset=utf-8 397.6301ms
2026-08-15 19:51:42.023 +03:00 [INF] Request starting HTTP/2 GET https://localhost:7242/css/site.css?v=zepEeDmTHYweFL78ATTDmGQMIY6WL0HDAaxEehQqwE0 - null null
2026-08-15 19:51:42.023 +03:00 [INF] Request starting HTTP/2 GET https://localhost:7242/_framework/aspnetcore-browser-refresh.js - null null
2026-08-15 19:51:42.032 +03:00 [INF] Request finished HTTP/2 GET https://localhost:7242/_framework/aspnetcore-browser-refresh.js - 200 14923 application/javascript; charset=utf-8 9.1775ms
2026-08-15 19:51:42.043 +03:00 [INF] Sending file. Request path: '/css/site.css'. Physical path: 'D:\Real Projects\Mvc Projects\CourseHub\CourseHub\wwwroot\css\site.css'
2026-08-15 19:51:42.044 +03:00 [INF] Request finished HTTP/2 GET https://localhost:7242/css/site.css?v=zepEeDmTHYweFL78ATTDmGQMIY6WL0HDAaxEehQqwE0 - 200 8300 text/css 20.8956ms
2026-08-15 19:51:42.055 +03:00 [INF] Request starting HTTP/2 GET https://localhost:7242/_vs/browserLink - null null
2026-08-15 19:51:42.097 +03:00 [INF] Request finished HTTP/2 GET https://localhost:7242/_vs/browserLink - 200 null text/javascript; charset=UTF-8 42.2375ms
2026-08-15 19:51:49.430 +03:00 [INF] Request starting HTTP/2 GET https://localhost:7242/Admin/Dashboard - null null
2026-08-15 19:51:49.449 +03:00 [INF] Executing endpoint 'CourseHub.Controllers.AdminController.Dashboard (CourseHub)'
2026-08-15 19:51:49.456 +03:00 [INF] Route matched with {action = "Dashboard", controller = "Admin"}. Executing controller action with signature System.Threading.Tasks.Task`1[Microsoft.AspNetCore.Mvc.IActionResult] Dashboard() on controller CourseHub.Controllers.AdminController (CourseHub).
2026-08-15 19:51:49.486 +03:00 [INF] Executed DbCommand (2ms) [Parameters=[@normalizedRoleName='?' (Size = 256)], CommandType='"Text"', CommandTimeout='30']
SELECT TOP(2) [a].[Id], [a].[ConcurrencyStamp], [a].[Name], [a].[NormalizedName]
FROM [AspNetRoles] AS [a]
WHERE [a].[NormalizedName] = @normalizedRoleName
2026-08-15 19:51:49.541 +03:00 [INF] Executed DbCommand (4ms) [Parameters=[@role_Id='?' (Size = 450)], CommandType='"Text"', CommandTimeout='30']
SELECT [a0].[Id], [a0].[AccessFailedCount], [a0].[ConcurrencyStamp], [a0].[Email], [a0].[EmailConfirmed], [a0].[FullName], [a0].[LockoutEnabled], [a0].[LockoutEnd], [a0].[NormalizedEmail], [a0].[NormalizedUserName], [a0].[PasswordHash], [a0].[PhoneNumber], [a0].[PhoneNumberConfirmed], [a0].[SecurityStamp], [a0].[TwoFactorEnabled], [a0].[UserName]
FROM [AspNetUserRoles] AS [a]
INNER JOIN [AspNetUsers] AS [a0] ON [a].[UserId] = [a0].[Id]
WHERE [a].[RoleId] = @role_Id
2026-08-15 19:51:49.547 +03:00 [INF] Executed DbCommand (2ms) [Parameters=[@normalizedRoleName='?' (Size = 256)], CommandType='"Text"', CommandTimeout='30']
SELECT TOP(2) [a].[Id], [a].[ConcurrencyStamp], [a].[Name], [a].[NormalizedName]
FROM [AspNetRoles] AS [a]
WHERE [a].[NormalizedName] = @normalizedRoleName
2026-08-15 19:51:49.553 +03:00 [INF] Executed DbCommand (3ms) [Parameters=[@role_Id='?' (Size = 450)], CommandType='"Text"', CommandTimeout='30']
SELECT [a0].[Id], [a0].[AccessFailedCount], [a0].[ConcurrencyStamp], [a0].[Email], [a0].[EmailConfirmed], [a0].[FullName], [a0].[LockoutEnabled], [a0].[LockoutEnd], [a0].[NormalizedEmail], [a0].[NormalizedUserName], [a0].[PasswordHash], [a0].[PhoneNumber], [a0].[PhoneNumberConfirmed], [a0].[SecurityStamp], [a0].[TwoFactorEnabled], [a0].[UserName]
FROM [AspNetUserRoles] AS [a]
INNER JOIN [AspNetUsers] AS [a0] ON [a].[UserId] = [a0].[Id]
WHERE [a].[RoleId] = @role_Id
2026-08-15 19:51:49.561 +03:00 [INF] Executed DbCommand (3ms) [Parameters=[], CommandType='"Text"', CommandTimeout='30']
SELECT COUNT(*)
FROM [AspNetUsers] AS [a]
2026-08-15 19:51:49.565 +03:00 [INF] Executed DbCommand (2ms) [Parameters=[], CommandType='"Text"', CommandTimeout='30']
SELECT COUNT(*)
FROM [Courses] AS [c]
2026-08-15 19:51:49.573 +03:00 [INF] Executed DbCommand (3ms) [Parameters=[], CommandType='"Text"', CommandTimeout='30']
SELECT COUNT(*)
FROM [Enrollments] AS [e]
2026-08-15 19:51:49.577 +03:00 [INF] Executing ViewResult, running view Dashboard.
2026-08-15 19:51:49.592 +03:00 [INF] Executed ViewResult - view Dashboard executed in 16.2297ms.
2026-08-15 19:51:49.593 +03:00 [INF] Executed action CourseHub.Controllers.AdminController.Dashboard (CourseHub) in 135.9464ms
2026-08-15 19:51:49.594 +03:00 [INF] Executed endpoint 'CourseHub.Controllers.AdminController.Dashboard (CourseHub)'
2026-08-15 19:51:49.595 +03:00 [INF] Request finished HTTP/2 GET https://localhost:7242/Admin/Dashboard - 200 null text/html; charset=utf-8 165.4267ms
2026-08-15 19:51:49.631 +03:00 [INF] Request starting HTTP/2 GET https://localhost:7242/css/site.css?v=zepEeDmTHYweFL78ATTDmGQMIY6WL0HDAaxEehQqwE0 - null null
2026-08-15 19:51:49.631 +03:00 [INF] Request starting HTTP/2 GET https://localhost:7242/_vs/browserLink - null null
2026-08-15 19:51:49.631 +03:00 [INF] Request starting HTTP/2 GET https://localhost:7242/_framework/aspnetcore-browser-refresh.js - null null
2026-08-15 19:51:49.636 +03:00 [INF] The file /css/site.css was not modified
2026-08-15 19:51:49.638 +03:00 [INF] Request finished HTTP/2 GET https://localhost:7242/_framework/aspnetcore-browser-refresh.js - 200 14923 application/javascript; charset=utf-8 6.6864ms
2026-08-15 19:51:49.639 +03:00 [INF] Request finished HTTP/2 GET https://localhost:7242/css/site.css?v=zepEeDmTHYweFL78ATTDmGQMIY6WL0HDAaxEehQqwE0 - 304 null text/css 7.3754ms
2026-08-15 19:51:49.651 +03:00 [INF] Request finished HTTP/2 GET https://localhost:7242/_vs/browserLink - 200 null text/javascript; charset=UTF-8 19.1654ms
2026-08-15 19:52:10.971 +03:00 [INF] Request starting HTTP/2 GET https://localhost:7242/Admin/Students - null null
2026-08-15 19:52:10.996 +03:00 [INF] Executing endpoint 'CourseHub.Controllers.AdminController.Students (CourseHub)'
2026-08-15 19:52:11.003 +03:00 [INF] Route matched with {action = "Students", controller = "Admin"}. Executing controller action with signature System.Threading.Tasks.Task`1[Microsoft.AspNetCore.Mvc.IActionResult] Students() on controller CourseHub.Controllers.AdminController (CourseHub).
2026-08-15 19:52:11.009 +03:00 [INF] Executed DbCommand (3ms) [Parameters=[@normalizedRoleName='?' (Size = 256)], CommandType='"Text"', CommandTimeout='30']
SELECT TOP(2) [a].[Id], [a].[ConcurrencyStamp], [a].[Name], [a].[NormalizedName]
FROM [AspNetRoles] AS [a]
WHERE [a].[NormalizedName] = @normalizedRoleName
2026-08-15 19:52:11.013 +03:00 [INF] Executed DbCommand (2ms) [Parameters=[@role_Id='?' (Size = 450)], CommandType='"Text"', CommandTimeout='30']
SELECT [a0].[Id], [a0].[AccessFailedCount], [a0].[ConcurrencyStamp], [a0].[Email], [a0].[EmailConfirmed], [a0].[FullName], [a0].[LockoutEnabled], [a0].[LockoutEnd], [a0].[NormalizedEmail], [a0].[NormalizedUserName], [a0].[PasswordHash], [a0].[PhoneNumber], [a0].[PhoneNumberConfirmed], [a0].[SecurityStamp], [a0].[TwoFactorEnabled], [a0].[UserName]
FROM [AspNetUserRoles] AS [a]
INNER JOIN [AspNetUsers] AS [a0] ON [a].[UserId] = [a0].[Id]
WHERE [a].[RoleId] = @role_Id
2026-08-15 19:52:11.017 +03:00 [INF] Executing ViewResult, running view Students.
2026-08-15 19:52:11.037 +03:00 [INF] Executed ViewResult - view Students executed in 20.9193ms.
2026-08-15 19:52:11.038 +03:00 [INF] Executed action CourseHub.Controllers.AdminController.Students (CourseHub) in 34.7418ms
2026-08-15 19:52:11.039 +03:00 [INF] Executed endpoint 'CourseHub.Controllers.AdminController.Students (CourseHub)'
2026-08-15 19:52:11.040 +03:00 [INF] Request finished HTTP/2 GET https://localhost:7242/Admin/Students - 200 null text/html; charset=utf-8 69.2415ms
2026-08-15 19:52:11.078 +03:00 [INF] Request starting HTTP/2 GET https://localhost:7242/_vs/browserLink - null null
2026-08-15 19:52:11.078 +03:00 [INF] Request starting HTTP/2 GET https://localhost:7242/_framework/aspnetcore-browser-refresh.js - null null
2026-08-15 19:52:11.078 +03:00 [INF] Request starting HTTP/2 GET https://localhost:7242/css/site.css?v=zepEeDmTHYweFL78ATTDmGQMIY6WL0HDAaxEehQqwE0 - null null
2026-08-15 19:52:11.082 +03:00 [INF] Request finished HTTP/2 GET https://localhost:7242/_framework/aspnetcore-browser-refresh.js - 200 14923 application/javascript; charset=utf-8 3.5048ms
2026-08-15 19:52:11.083 +03:00 [INF] The file /css/site.css was not modified
2026-08-15 19:52:11.084 +03:00 [INF] Request finished HTTP/2 GET https://localhost:7242/_vs/browserLink - 200 null text/javascript; charset=UTF-8 5.8768ms
2026-08-15 19:52:11.086 +03:00 [INF] Request finished HTTP/2 GET https://localhost:7242/css/site.css?v=zepEeDmTHYweFL78ATTDmGQMIY6WL0HDAaxEehQqwE0 - 304 null text/css 7.2465ms
2026-08-15 19:52:16.552 +03:00 [INF] Request starting HTTP/2 GET https://localhost:7242/Admin/Dashboard - null null
2026-08-15 19:52:16.557 +03:00 [INF] Executing endpoint 'CourseHub.Controllers.AdminController.Dashboard (CourseHub)'
2026-08-15 19:52:16.557 +03:00 [INF] Route matched with {action = "Dashboard", controller = "Admin"}. Executing controller action with signature System.Threading.Tasks.Task`1[Microsoft.AspNetCore.Mvc.IActionResult] Dashboard() on controller CourseHub.Controllers.AdminController (CourseHub).
2026-08-15 19:52:16.576 +03:00 [INF] Executed DbCommand (17ms) [Parameters=[@normalizedRoleName='?' (Size = 256)], CommandType='"Text"', CommandTimeout='30']
SELECT TOP(2) [a].[Id], [a].[ConcurrencyStamp], [a].[Name], [a].[NormalizedName]
FROM [AspNetRoles] AS [a]
WHERE [a].[NormalizedName] = @normalizedRoleName
2026-08-15 19:52:16.581 +03:00 [INF] Executed DbCommand (3ms) [Parameters=[@role_Id='?' (Size = 450)], CommandType='"Text"', CommandTimeout='30']
SELECT [a0].[Id], [a0].[AccessFailedCount], [a0].[ConcurrencyStamp], [a0].[Email], [a0].[EmailConfirmed], [a0].[FullName], [a0].[LockoutEnabled], [a0].[LockoutEnd], [a0].[NormalizedEmail], [a0].[NormalizedUserName], [a0].[PasswordHash], [a0].[PhoneNumber], [a0].[PhoneNumberConfirmed], [a0].[SecurityStamp], [a0].[TwoFactorEnabled], [a0].[UserName]
FROM [AspNetUserRoles] AS [a]
INNER JOIN [AspNetUsers] AS [a0] ON [a].[UserId] = [a0].[Id]
WHERE [a].[RoleId] = @role_Id
2026-08-15 19:52:16.584 +03:00 [INF] Executed DbCommand (0ms) [Parameters=[@normalizedRoleName='?' (Size = 256)], CommandType='"Text"', CommandTimeout='30']
SELECT TOP(2) [a].[Id], [a].[ConcurrencyStamp], [a].[Name], [a].[NormalizedName]
FROM [AspNetRoles] AS [a]
WHERE [a].[NormalizedName] = @normalizedRoleName
2026-08-15 19:52:16.585 +03:00 [INF] Executed DbCommand (0ms) [Parameters=[@role_Id='?' (Size = 450)], CommandType='"Text"', CommandTimeout='30']
SELECT [a0].[Id], [a0].[AccessFailedCount], [a0].[ConcurrencyStamp], [a0].[Email], [a0].[EmailConfirmed], [a0].[FullName], [a0].[LockoutEnabled], [a0].[LockoutEnd], [a0].[NormalizedEmail], [a0].[NormalizedUserName], [a0].[PasswordHash], [a0].[PhoneNumber], [a0].[PhoneNumberConfirmed], [a0].[SecurityStamp], [a0].[TwoFactorEnabled], [a0].[UserName]
FROM [AspNetUserRoles] AS [a]
INNER JOIN [AspNetUsers] AS [a0] ON [a].[UserId] = [a0].[Id]
WHERE [a].[RoleId] = @role_Id
2026-08-15 19:52:16.587 +03:00 [INF] Executed DbCommand (1ms) [Parameters=[], CommandType='"Text"', CommandTimeout='30']
SELECT COUNT(*)
FROM [AspNetUsers] AS [a]
2026-08-15 19:52:16.590 +03:00 [INF] Executed DbCommand (1ms) [Parameters=[], CommandType='"Text"', CommandTimeout='30']
SELECT COUNT(*)
FROM [Courses] AS [c]
2026-08-15 19:52:16.592 +03:00 [INF] Executed DbCommand (1ms) [Parameters=[], CommandType='"Text"', CommandTimeout='30']
SELECT COUNT(*)
FROM [Enrollments] AS [e]
2026-08-15 19:52:16.593 +03:00 [INF] Executing ViewResult, running view Dashboard.
2026-08-15 19:52:16.595 +03:00 [INF] Executed ViewResult - view Dashboard executed in 2.2929ms.
2026-08-15 19:52:16.596 +03:00 [INF] Executed action CourseHub.Controllers.AdminController.Dashboard (CourseHub) in 37.9486ms
2026-08-15 19:52:16.597 +03:00 [INF] Executed endpoint 'CourseHub.Controllers.AdminController.Dashboard (CourseHub)'
2026-08-15 19:52:16.598 +03:00 [INF] Request finished HTTP/2 GET https://localhost:7242/Admin/Dashboard - 200 null text/html; charset=utf-8 46.5148ms
2026-08-15 19:52:16.651 +03:00 [INF] Request starting HTTP/2 GET https://localhost:7242/_framework/aspnetcore-browser-refresh.js - null null
2026-08-15 19:52:16.654 +03:00 [INF] Request finished HTTP/2 GET https://localhost:7242/_framework/aspnetcore-browser-refresh.js - 200 14923 application/javascript; charset=utf-8 2.5727ms
2026-08-15 19:52:17.993 +03:00 [INF] Request starting HTTP/2 GET https://localhost:7242/Admin/Instructors - null null
2026-08-15 19:52:17.998 +03:00 [INF] Executing endpoint 'CourseHub.Controllers.AdminController.Instructors (CourseHub)'
2026-08-15 19:52:18.004 +03:00 [INF] Route matched with {action = "Instructors", controller = "Admin"}. Executing controller action with signature System.Threading.Tasks.Task`1[Microsoft.AspNetCore.Mvc.IActionResult] Instructors() on controller CourseHub.Controllers.AdminController (CourseHub).
2026-08-15 19:52:18.009 +03:00 [INF] Executed DbCommand (3ms) [Parameters=[@normalizedRoleName='?' (Size = 256)], CommandType='"Text"', CommandTimeout='30']
SELECT TOP(2) [a].[Id], [a].[ConcurrencyStamp], [a].[Name], [a].[NormalizedName]
FROM [AspNetRoles] AS [a]
WHERE [a].[NormalizedName] = @normalizedRoleName
2026-08-15 19:52:18.015 +03:00 [INF] Executed DbCommand (4ms) [Parameters=[@role_Id='?' (Size = 450)], CommandType='"Text"', CommandTimeout='30']
SELECT [a0].[Id], [a0].[AccessFailedCount], [a0].[ConcurrencyStamp], [a0].[Email], [a0].[EmailConfirmed], [a0].[FullName], [a0].[LockoutEnabled], [a0].[LockoutEnd], [a0].[NormalizedEmail], [a0].[NormalizedUserName], [a0].[PasswordHash], [a0].[PhoneNumber], [a0].[PhoneNumberConfirmed], [a0].[SecurityStamp], [a0].[TwoFactorEnabled], [a0].[UserName]
FROM [AspNetUserRoles] AS [a]
INNER JOIN [AspNetUsers] AS [a0] ON [a].[UserId] = [a0].[Id]
WHERE [a].[RoleId] = @role_Id
2026-08-15 19:52:18.017 +03:00 [INF] Executing ViewResult, running view Instructors.
2026-08-15 19:52:18.028 +03:00 [INF] Executed ViewResult - view Instructors executed in 11.4223ms.
2026-08-15 19:52:18.029 +03:00 [INF] Executed action CourseHub.Controllers.AdminController.Instructors (CourseHub) in 23.6631ms
2026-08-15 19:52:18.030 +03:00 [INF] Executed endpoint 'CourseHub.Controllers.AdminController.Instructors (CourseHub)'
2026-08-15 19:52:18.030 +03:00 [INF] Request finished HTTP/2 GET https://localhost:7242/Admin/Instructors - 200 null text/html; charset=utf-8 37.1063ms
2026-08-15 19:52:18.069 +03:00 [INF] Request starting HTTP/2 GET https://localhost:7242/_vs/browserLink - null null
2026-08-15 19:52:18.069 +03:00 [INF] Request starting HTTP/2 GET https://localhost:7242/css/site.css?v=zepEeDmTHYweFL78ATTDmGQMIY6WL0HDAaxEehQqwE0 - null null
2026-08-15 19:52:18.069 +03:00 [INF] Request starting HTTP/2 GET https://localhost:7242/_framework/aspnetcore-browser-refresh.js - null null
2026-08-15 19:52:18.073 +03:00 [INF] The file /css/site.css was not modified
2026-08-15 19:52:18.075 +03:00 [INF] Request finished HTTP/2 GET https://localhost:7242/_framework/aspnetcore-browser-refresh.js - 200 14923 application/javascript; charset=utf-8 6.1858ms
2026-08-15 19:52:18.075 +03:00 [INF] Request finished HTTP/2 GET https://localhost:7242/_vs/browserLink - 200 null text/javascript; charset=UTF-8 6.3693ms
2026-08-15 19:52:18.076 +03:00 [INF] Request finished HTTP/2 GET https://localhost:7242/css/site.css?v=zepEeDmTHYweFL78ATTDmGQMIY6WL0HDAaxEehQqwE0 - 304 null text/css 6.7513ms
2026-08-15 19:52:20.422 +03:00 [INF] Request starting HTTP/2 GET https://localhost:7242/Admin/Dashboard - null null
2026-08-15 19:52:20.425 +03:00 [INF] Executing endpoint 'CourseHub.Controllers.AdminController.Dashboard (CourseHub)'
2026-08-15 19:52:20.426 +03:00 [INF] Route matched with {action = "Dashboard", controller = "Admin"}. Executing controller action with signature System.Threading.Tasks.Task`1[Microsoft.AspNetCore.Mvc.IActionResult] Dashboard() on controller CourseHub.Controllers.AdminController (CourseHub).
2026-08-15 19:52:20.430 +03:00 [INF] Executed DbCommand (3ms) [Parameters=[@normalizedRoleName='?' (Size = 256)], CommandType='"Text"', CommandTimeout='30']
SELECT TOP(2) [a].[Id], [a].[ConcurrencyStamp], [a].[Name], [a].[NormalizedName]
FROM [AspNetRoles] AS [a]
WHERE [a].[NormalizedName] = @normalizedRoleName
2026-08-15 19:52:20.436 +03:00 [INF] Executed DbCommand (3ms) [Parameters=[@role_Id='?' (Size = 450)], CommandType='"Text"', CommandTimeout='30']
SELECT [a0].[Id], [a0].[AccessFailedCount], [a0].[ConcurrencyStamp], [a0].[Email], [a0].[EmailConfirmed], [a0].[FullName], [a0].[LockoutEnabled], [a0].[LockoutEnd], [a0].[NormalizedEmail], [a0].[NormalizedUserName], [a0].[PasswordHash], [a0].[PhoneNumber], [a0].[PhoneNumberConfirmed], [a0].[SecurityStamp], [a0].[TwoFactorEnabled], [a0].[UserName]
FROM [AspNetUserRoles] AS [a]
INNER JOIN [AspNetUsers] AS [a0] ON [a].[UserId] = [a0].[Id]
WHERE [a].[RoleId] = @role_Id
2026-08-15 19:52:20.440 +03:00 [INF] Executed DbCommand (2ms) [Parameters=[@normalizedRoleName='?' (Size = 256)], CommandType='"Text"', CommandTimeout='30']
SELECT TOP(2) [a].[Id], [a].[ConcurrencyStamp], [a].[Name], [a].[NormalizedName]
FROM [AspNetRoles] AS [a]
WHERE [a].[NormalizedName] = @normalizedRoleName
2026-08-15 19:52:20.442 +03:00 [INF] Executed DbCommand (0ms) [Parameters=[@role_Id='?' (Size = 450)], CommandType='"Text"', CommandTimeout='30']
SELECT [a0].[Id], [a0].[AccessFailedCount], [a0].[ConcurrencyStamp], [a0].[Email], [a0].[EmailConfirmed], [a0].[FullName], [a0].[LockoutEnabled], [a0].[LockoutEnd], [a0].[NormalizedEmail], [a0].[NormalizedUserName], [a0].[PasswordHash], [a0].[PhoneNumber], [a0].[PhoneNumberConfirmed], [a0].[SecurityStamp], [a0].[TwoFactorEnabled], [a0].[UserName]
FROM [AspNetUserRoles] AS [a]
INNER JOIN [AspNetUsers] AS [a0] ON [a].[UserId] = [a0].[Id]
WHERE [a].[RoleId] = @role_Id
2026-08-15 19:52:20.444 +03:00 [INF] Executed DbCommand (1ms) [Parameters=[], CommandType='"Text"', CommandTimeout='30']
SELECT COUNT(*)
FROM [AspNetUsers] AS [a]
2026-08-15 19:52:20.446 +03:00 [INF] Executed DbCommand (1ms) [Parameters=[], CommandType='"Text"', CommandTimeout='30']
SELECT COUNT(*)
FROM [Courses] AS [c]
2026-08-15 19:52:20.449 +03:00 [INF] Executed DbCommand (1ms) [Parameters=[], CommandType='"Text"', CommandTimeout='30']
SELECT COUNT(*)
FROM [Enrollments] AS [e]
2026-08-15 19:52:20.450 +03:00 [INF] Executing ViewResult, running view Dashboard.
2026-08-15 19:52:20.452 +03:00 [INF] Executed ViewResult - view Dashboard executed in 2.3079ms.
2026-08-15 19:52:20.453 +03:00 [INF] Executed action CourseHub.Controllers.AdminController.Dashboard (CourseHub) in 26.1395ms
2026-08-15 19:52:20.454 +03:00 [INF] Executed endpoint 'CourseHub.Controllers.AdminController.Dashboard (CourseHub)'
2026-08-15 19:52:20.454 +03:00 [INF] Request finished HTTP/2 GET https://localhost:7242/Admin/Dashboard - 200 null text/html; charset=utf-8 32.6025ms
2026-08-15 19:52:20.491 +03:00 [INF] Request starting HTTP/2 GET https://localhost:7242/_framework/aspnetcore-browser-refresh.js - null null
2026-08-15 19:52:20.493 +03:00 [INF] Request finished HTTP/2 GET https://localhost:7242/_framework/aspnetcore-browser-refresh.js - 200 14923 application/javascript; charset=utf-8 2.0535ms
2026-08-15 19:52:21.481 +03:00 [INF] Request starting HTTP/2 GET https://localhost:7242/Admin/Enrollments - null null
2026-08-15 19:52:21.485 +03:00 [INF] Executing endpoint 'CourseHub.Controllers.AdminController.Enrollments (CourseHub)'
2026-08-15 19:52:21.492 +03:00 [INF] Route matched with {action = "Enrollments", controller = "Admin"}. Executing controller action with signature System.Threading.Tasks.Task`1[Microsoft.AspNetCore.Mvc.IActionResult] Enrollments() on controller CourseHub.Controllers.AdminController (CourseHub).
2026-08-15 19:52:21.547 +03:00 [INF] Executed DbCommand (7ms) [Parameters=[], CommandType='"Text"', CommandTimeout='30']
SELECT [e].[Id], [e].[CourseId], [e].[EnrolledAt], [e].[StudentId], [a].[Id], [a].[AccessFailedCount], [a].[ConcurrencyStamp], [a].[Email], [a].[EmailConfirmed], [a].[FullName], [a].[LockoutEnabled], [a].[LockoutEnd], [a].[NormalizedEmail], [a].[NormalizedUserName], [a].[PasswordHash], [a].[PhoneNumber], [a].[PhoneNumberConfirmed], [a].[SecurityStamp], [a].[TwoFactorEnabled], [a].[UserName], [c].[Id], [c].[CategoryId], [c].[CreatedAt], [c].[Description], [c].[EnrollmentDeadline], [c].[ImageUrl], [c].[InstructorId], [c].[Price], [c].[Title]
FROM [Enrollments] AS [e]
INNER JOIN [AspNetUsers] AS [a] ON [e].[StudentId] = [a].[Id]
INNER JOIN [Courses] AS [c] ON [e].[CourseId] = [c].[Id]
ORDER BY [e].[EnrolledAt] DESC
2026-08-15 19:52:21.556 +03:00 [INF] Executing ViewResult, running view Enrollments.
2026-08-15 19:52:21.579 +03:00 [INF] Executed ViewResult - view Enrollments executed in 23.5601ms.
2026-08-15 19:52:21.580 +03:00 [INF] Executed action CourseHub.Controllers.AdminController.Enrollments (CourseHub) in 87.0228ms
2026-08-15 19:52:21.581 +03:00 [INF] Executed endpoint 'CourseHub.Controllers.AdminController.Enrollments (CourseHub)'
2026-08-15 19:52:21.582 +03:00 [INF] Request finished HTTP/2 GET https://localhost:7242/Admin/Enrollments - 200 null text/html; charset=utf-8 101.2716ms
2026-08-15 19:52:21.618 +03:00 [INF] Request starting HTTP/2 GET https://localhost:7242/css/site.css?v=zepEeDmTHYweFL78ATTDmGQMIY6WL0HDAaxEehQqwE0 - null null
2026-08-15 19:52:21.618 +03:00 [INF] Request starting HTTP/2 GET https://localhost:7242/_vs/browserLink - null null
2026-08-15 19:52:21.618 +03:00 [INF] Request starting HTTP/2 GET https://localhost:7242/_framework/aspnetcore-browser-refresh.js - null null
2026-08-15 19:52:21.620 +03:00 [INF] The file /css/site.css was not modified
2026-08-15 19:52:21.623 +03:00 [INF] Request finished HTTP/2 GET https://localhost:7242/_framework/aspnetcore-browser-refresh.js - 200 14923 application/javascript; charset=utf-8 4.2947ms
2026-08-15 19:52:21.623 +03:00 [INF] Request finished HTTP/2 GET https://localhost:7242/css/site.css?v=zepEeDmTHYweFL78ATTDmGQMIY6WL0HDAaxEehQqwE0 - 304 null text/css 5.2499ms
2026-08-15 19:52:21.624 +03:00 [INF] Request finished HTTP/2 GET https://localhost:7242/_vs/browserLink - 200 null text/javascript; charset=UTF-8 6.0233ms
2026-08-15 19:52:23.333 +03:00 [INF] Request starting HTTP/2 GET https://localhost:7242/Admin/Dashboard - null null
2026-08-15 19:52:23.336 +03:00 [INF] Executing endpoint 'CourseHub.Controllers.AdminController.Dashboard (CourseHub)'
2026-08-15 19:52:23.337 +03:00 [INF] Route matched with {action = "Dashboard", controller = "Admin"}. Executing controller action with signature System.Threading.Tasks.Task`1[Microsoft.AspNetCore.Mvc.IActionResult] Dashboard() on controller CourseHub.Controllers.AdminController (CourseHub).
2026-08-15 19:52:23.341 +03:00 [INF] Executed DbCommand (3ms) [Parameters=[@normalizedRoleName='?' (Size = 256)], CommandType='"Text"', CommandTimeout='30']
SELECT TOP(2) [a].[Id], [a].[ConcurrencyStamp], [a].[Name], [a].[NormalizedName]
FROM [AspNetRoles] AS [a]
WHERE [a].[NormalizedName] = @normalizedRoleName
2026-08-15 19:52:23.346 +03:00 [INF] Executed DbCommand (3ms) [Parameters=[@role_Id='?' (Size = 450)], CommandType='"Text"', CommandTimeout='30']
SELECT [a0].[Id], [a0].[AccessFailedCount], [a0].[ConcurrencyStamp], [a0].[Email], [a0].[EmailConfirmed], [a0].[FullName], [a0].[LockoutEnabled], [a0].[LockoutEnd], [a0].[NormalizedEmail], [a0].[NormalizedUserName], [a0].[PasswordHash], [a0].[PhoneNumber], [a0].[PhoneNumberConfirmed], [a0].[SecurityStamp], [a0].[TwoFactorEnabled], [a0].[UserName]
FROM [AspNetUserRoles] AS [a]
INNER JOIN [AspNetUsers] AS [a0] ON [a].[UserId] = [a0].[Id]
WHERE [a].[RoleId] = @role_Id
2026-08-15 19:52:23.348 +03:00 [INF] Executed DbCommand (0ms) [Parameters=[@normalizedRoleName='?' (Size = 256)], CommandType='"Text"', CommandTimeout='30']
SELECT TOP(2) [a].[Id], [a].[ConcurrencyStamp], [a].[Name], [a].[NormalizedName]
FROM [AspNetRoles] AS [a]
WHERE [a].[NormalizedName] = @normalizedRoleName
2026-08-15 19:52:23.350 +03:00 [INF] Executed DbCommand (0ms) [Parameters=[@role_Id='?' (Size = 450)], CommandType='"Text"', CommandTimeout='30']
SELECT [a0].[Id], [a0].[AccessFailedCount], [a0].[ConcurrencyStamp], [a0].[Email], [a0].[EmailConfirmed], [a0].[FullName], [a0].[LockoutEnabled], [a0].[LockoutEnd], [a0].[NormalizedEmail], [a0].[NormalizedUserName], [a0].[PasswordHash], [a0].[PhoneNumber], [a0].[PhoneNumberConfirmed], [a0].[SecurityStamp], [a0].[TwoFactorEnabled], [a0].[UserName]
FROM [AspNetUserRoles] AS [a]
INNER JOIN [AspNetUsers] AS [a0] ON [a].[UserId] = [a0].[Id]
WHERE [a].[RoleId] = @role_Id
2026-08-15 19:52:23.353 +03:00 [INF] Executed DbCommand (1ms) [Parameters=[], CommandType='"Text"', CommandTimeout='30']
SELECT COUNT(*)
FROM [AspNetUsers] AS [a]
2026-08-15 19:52:23.355 +03:00 [INF] Executed DbCommand (1ms) [Parameters=[], CommandType='"Text"', CommandTimeout='30']
SELECT COUNT(*)
FROM [Courses] AS [c]
2026-08-15 19:52:23.357 +03:00 [INF] Executed DbCommand (1ms) [Parameters=[], CommandType='"Text"', CommandTimeout='30']
SELECT COUNT(*)
FROM [Enrollments] AS [e]
2026-08-15 19:52:23.358 +03:00 [INF] Executing ViewResult, running view Dashboard.
2026-08-15 19:52:23.360 +03:00 [INF] Executed ViewResult - view Dashboard executed in 1.5189ms.
2026-08-15 19:52:23.361 +03:00 [INF] Executed action CourseHub.Controllers.AdminController.Dashboard (CourseHub) in 23.0921ms
2026-08-15 19:52:23.361 +03:00 [INF] Executed endpoint 'CourseHub.Controllers.AdminController.Dashboard (CourseHub)'
2026-08-15 19:52:23.362 +03:00 [INF] Request finished HTTP/2 GET https://localhost:7242/Admin/Dashboard - 200 null text/html; charset=utf-8 29.3192ms
2026-08-15 19:52:23.396 +03:00 [INF] Request starting HTTP/2 GET https://localhost:7242/_framework/aspnetcore-browser-refresh.js - null null
2026-08-15 19:52:23.398 +03:00 [INF] Request finished HTTP/2 GET https://localhost:7242/_framework/aspnetcore-browser-refresh.js - 200 14923 application/javascript; charset=utf-8 1.9576ms
2026-08-15 19:57:05.682 +03:00 [INF] Starting CourseHub application...
2026-08-15 19:57:06.135 +03:00 [INF] User profile is available. Using 'C:\Users\ayman\AppData\Local\ASP.NET\DataProtection-Keys' as key repository and Windows DPAPI to encrypt keys at rest.
2026-08-15 19:57:06.689 +03:00 [WRN] No store type was specified for the decimal property 'Price' on entity type 'Course'. This will cause values to be silently truncated if they do not fit in the default precision and scale. Explicitly specify the SQL server column type that can accommodate all the values in 'OnModelCreating' using 'HasColumnType', specify precision and scale using 'HasPrecision', or configure a value converter using 'HasConversion'.
2026-08-15 19:57:07.285 +03:00 [INF] Executed DbCommand (46ms) [Parameters=[@normalizedName='?' (Size = 256)], CommandType='"Text"', CommandTimeout='30']
SELECT TOP(1) [a].[Id], [a].[ConcurrencyStamp], [a].[Name], [a].[NormalizedName]
FROM [AspNetRoles] AS [a]
WHERE [a].[NormalizedName] = @normalizedName
2026-08-15 19:57:07.360 +03:00 [INF] Executed DbCommand (1ms) [Parameters=[@normalizedName='?' (Size = 256)], CommandType='"Text"', CommandTimeout='30']
SELECT TOP(1) [a].[Id], [a].[ConcurrencyStamp], [a].[Name], [a].[NormalizedName]
FROM [AspNetRoles] AS [a]
WHERE [a].[NormalizedName] = @normalizedName
2026-08-15 19:57:07.362 +03:00 [INF] Executed DbCommand (0ms) [Parameters=[@normalizedName='?' (Size = 256)], CommandType='"Text"', CommandTimeout='30']
SELECT TOP(1) [a].[Id], [a].[ConcurrencyStamp], [a].[Name], [a].[NormalizedName]
FROM [AspNetRoles] AS [a]
WHERE [a].[NormalizedName] = @normalizedName
2026-08-15 19:57:07.375 +03:00 [INF] Executed DbCommand (3ms) [Parameters=[@normalizedEmail='?' (Size = 256)], CommandType='"Text"', CommandTimeout='30']
SELECT TOP(2) [a].[Id], [a].[AccessFailedCount], [a].[ConcurrencyStamp], [a].[Email], [a].[EmailConfirmed], [a].[FullName], [a].[LockoutEnabled], [a].[LockoutEnd], [a].[NormalizedEmail], [a].[NormalizedUserName], [a].[PasswordHash], [a].[PhoneNumber], [a].[PhoneNumberConfirmed], [a].[SecurityStamp], [a].[TwoFactorEnabled], [a].[UserName]
FROM [AspNetUsers] AS [a]
WHERE [a].[NormalizedEmail] = @normalizedEmail
2026-08-15 19:57:07.406 +03:00 [INF] CourseHub application started successfully.
2026-08-15 19:57:07.539 +03:00 [INF] Now listening on: https://localhost:7242
2026-08-15 19:57:07.540 +03:00 [INF] Now listening on: http://localhost:5164
2026-08-15 19:57:07.574 +03:00 [INF] Application started. Press Ctrl+C to shut down.
2026-08-15 19:57:07.575 +03:00 [INF] Hosting environment: Development
2026-08-15 19:57:07.576 +03:00 [INF] Content root path: D:\Real Projects\Mvc Projects\CourseHub\CourseHub
2026-08-15 19:57:08.339 +03:00 [INF] Request starting HTTP/2 GET https://localhost:7242/ - null null
2026-08-15 19:57:08.442 +03:00 [INF] Executing endpoint 'CourseHub.Controllers.HomeController.Index (CourseHub)'
2026-08-15 19:57:08.455 +03:00 [INF] Route matched with {action = "Index", controller = "Home"}. Executing controller action with signature System.Threading.Tasks.Task`1[Microsoft.AspNetCore.Mvc.IActionResult] Index() on controller CourseHub.Controllers.HomeController (CourseHub).
2026-08-15 19:57:08.544 +03:00 [INF] Executed DbCommand (9ms) [Parameters=[], CommandType='"Text"', CommandTimeout='30']
SELECT COUNT(*)
FROM [Courses] AS [c]
2026-08-15 19:57:08.551 +03:00 [INF] Executed DbCommand (1ms) [Parameters=[], CommandType='"Text"', CommandTimeout='30']
SELECT COUNT(*)
FROM [Categories] AS [c]
2026-08-15 19:57:08.587 +03:00 [INF] Executing ViewResult, running view Index.
2026-08-15 19:57:08.693 +03:00 [INF] Executed ViewResult - view Index executed in 105.8905ms.
2026-08-15 19:57:08.697 +03:00 [INF] Executed action CourseHub.Controllers.HomeController.Index (CourseHub) in 240.0376ms
2026-08-15 19:57:08.698 +03:00 [INF] Executed endpoint 'CourseHub.Controllers.HomeController.Index (CourseHub)'
2026-08-15 19:57:08.709 +03:00 [INF] Request finished HTTP/2 GET https://localhost:7242/ - 200 null text/html; charset=utf-8 375.2788ms
2026-08-15 19:57:08.712 +03:00 [INF] Request starting HTTP/2 GET https://localhost:7242/css/site.css?v=o7h2qK1XXLZpSeK0I4kOh41-26tvRkYihedmTN8SWDY - null null
2026-08-15 19:57:08.719 +03:00 [INF] Request starting HTTP/2 GET https://localhost:7242/_framework/aspnetcore-browser-refresh.js - null null
2026-08-15 19:57:08.722 +03:00 [INF] Request starting HTTP/2 GET https://localhost:7242/_vs/browserLink - null null
2026-08-15 19:57:08.760 +03:00 [INF] Request finished HTTP/2 GET https://localhost:7242/_framework/aspnetcore-browser-refresh.js - 200 14923 application/javascript; charset=utf-8 41.4067ms
2026-08-15 19:57:08.763 +03:00 [INF] Sending file. Request path: '/css/site.css'. Physical path: 'D:\Real Projects\Mvc Projects\CourseHub\CourseHub\wwwroot\css\site.css'
2026-08-15 19:57:08.764 +03:00 [INF] Request finished HTTP/2 GET https://localhost:7242/css/site.css?v=o7h2qK1XXLZpSeK0I4kOh41-26tvRkYihedmTN8SWDY - 200 14120 text/css 51.8049ms
2026-08-15 19:57:08.789 +03:00 [INF] Request finished HTTP/2 GET https://localhost:7242/_vs/browserLink - 200 null text/javascript; charset=UTF-8 67.4937ms
2026-08-15 19:59:31.907 +03:00 [INF] Request starting HTTP/2 GET https://localhost:7242/Courses - null null
2026-08-15 19:59:31.922 +03:00 [INF] Executing endpoint 'CourseHub.Controllers.CoursesController.Index (CourseHub)'
2026-08-15 19:59:31.938 +03:00 [INF] Route matched with {action = "Index", controller = "Courses"}. Executing controller action with signature System.Threading.Tasks.Task`1[Microsoft.AspNetCore.Mvc.IActionResult] Index(System.String, System.Nullable`1[System.Int32], Int32) on controller CourseHub.Controllers.CoursesController (CourseHub).
2026-08-15 19:59:32.031 +03:00 [WRN] You do not have a valid license key for the Lucky Penny software AutoMapper. This is allowed for development and testing scenarios. If you are running in production you are required to have a licensed version. Please visit https://luckypennysoftware.com to obtain a valid license.
2026-08-15 19:59:32.055 +03:00 [INF] Executed DbCommand (2ms) [Parameters=[], CommandType='"Text"', CommandTimeout='30']
SELECT COUNT(*)
FROM [Courses] AS [c]
2026-08-15 19:59:32.118 +03:00 [INF] Executed DbCommand (6ms) [Parameters=[@p='?' (DbType = Int32), @p1='?' (DbType = Int32)], CommandType='"Text"', CommandTimeout='30']
SELECT [c1].[Id], [c1].[CategoryId], [c1].[CreatedAt], [c1].[Description], [c1].[EnrollmentDeadline], [c1].[ImageUrl], [c1].[InstructorId], [c1].[Price], [c1].[Title], [c0].[Id], [c0].[Name], [a].[Id], [a].[AccessFailedCount], [a].[ConcurrencyStamp], [a].[Email], [a].[EmailConfirmed], [a].[FullName], [a].[LockoutEnabled], [a].[LockoutEnd], [a].[NormalizedEmail], [a].[NormalizedUserName], [a].[PasswordHash], [a].[PhoneNumber], [a].[PhoneNumberConfirmed], [a].[SecurityStamp], [a].[TwoFactorEnabled], [a].[UserName]
FROM (
    SELECT [c].[Id], [c].[CategoryId], [c].[CreatedAt], [c].[Description], [c].[EnrollmentDeadline], [c].[ImageUrl], [c].[InstructorId], [c].[Price], [c].[Title]
    FROM [Courses] AS [c]
    ORDER BY [c].[CreatedAt] DESC
    OFFSET @p ROWS FETCH NEXT @p1 ROWS ONLY
) AS [c1]
INNER JOIN [Categories] AS [c0] ON [c1].[CategoryId] = [c0].[Id]
INNER JOIN [AspNetUsers] AS [a] ON [c1].[InstructorId] = [a].[Id]
ORDER BY [c1].[CreatedAt] DESC
2026-08-15 19:59:32.131 +03:00 [INF] Executed DbCommand (1ms) [Parameters=[], CommandType='"Text"', CommandTimeout='30']
SELECT [c].[Id], [c].[Name]
FROM [Categories] AS [c]
ORDER BY [c].[Name]
2026-08-15 19:59:32.144 +03:00 [INF] Executing ViewResult, running view Index.
2026-08-15 19:59:32.203 +03:00 [INF] Executed ViewResult - view Index executed in 58.9482ms.
2026-08-15 19:59:32.204 +03:00 [INF] Executed action CourseHub.Controllers.CoursesController.Index (CourseHub) in 264.8356ms
2026-08-15 19:59:32.205 +03:00 [INF] Executed endpoint 'CourseHub.Controllers.CoursesController.Index (CourseHub)'
2026-08-15 19:59:32.206 +03:00 [INF] Request finished HTTP/2 GET https://localhost:7242/Courses - 200 null text/html; charset=utf-8 298.4799ms
2026-08-15 19:59:32.234 +03:00 [INF] Request starting HTTP/2 GET https://localhost:7242/images/courses/512f341bb0224f7989a4d8d403a03cea.png - null null
2026-08-15 19:59:32.235 +03:00 [INF] Request starting HTTP/2 GET https://localhost:7242/_framework/aspnetcore-browser-refresh.js - null null
2026-08-15 19:59:32.234 +03:00 [INF] Request starting HTTP/2 GET https://localhost:7242/images/courses/8097a6af1d3f46168d7962df5189d26f.png - null null
2026-08-15 19:59:32.263 +03:00 [INF] Request starting HTTP/2 GET https://localhost:7242/_vs/browserLink - null null
2026-08-15 19:59:32.234 +03:00 [INF] Request starting HTTP/2 GET https://localhost:7242/css/site.css?v=o7h2qK1XXLZpSeK0I4kOh41-26tvRkYihedmTN8SWDY - null null
2026-08-15 19:59:32.263 +03:00 [INF] Request starting HTTP/2 GET https://localhost:7242/images/courses/843b0ba6e5ee4eb7b669f56d5e27fa1f.png - null null
2026-08-15 19:59:32.303 +03:00 [INF] Sending file. Request path: '/images/courses/512f341bb0224f7989a4d8d403a03cea.png'. Physical path: 'D:\Real Projects\Mvc Projects\CourseHub\CourseHub\wwwroot\images\courses\512f341bb0224f7989a4d8d403a03cea.png'
2026-08-15 19:59:32.301 +03:00 [INF] Request finished HTTP/2 GET https://localhost:7242/_framework/aspnetcore-browser-refresh.js - 200 14923 application/javascript; charset=utf-8 32.3654ms
2026-08-15 19:59:32.308 +03:00 [INF] The file /css/site.css was not modified
2026-08-15 19:59:32.308 +03:00 [INF] The file /images/courses/843b0ba6e5ee4eb7b669f56d5e27fa1f.png was not modified
2026-08-15 19:59:32.308 +03:00 [INF] Request finished HTTP/2 GET https://localhost:7242/images/courses/512f341bb0224f7989a4d8d403a03cea.png - 200 31644 image/png 74.2279ms
2026-08-15 19:59:32.308 +03:00 [INF] Sending file. Request path: '/images/courses/8097a6af1d3f46168d7962df5189d26f.png'. Physical path: 'D:\Real Projects\Mvc Projects\CourseHub\CourseHub\wwwroot\images\courses\8097a6af1d3f46168d7962df5189d26f.png'
2026-08-15 19:59:32.312 +03:00 [INF] Request finished HTTP/2 GET https://localhost:7242/css/site.css?v=o7h2qK1XXLZpSeK0I4kOh41-26tvRkYihedmTN8SWDY - 304 null text/css 77.9066ms
2026-08-15 19:59:32.312 +03:00 [INF] Request finished HTTP/2 GET https://localhost:7242/images/courses/843b0ba6e5ee4eb7b669f56d5e27fa1f.png - 304 null image/png 77.1191ms
2026-08-15 19:59:32.315 +03:00 [INF] Request finished HTTP/2 GET https://localhost:7242/images/courses/8097a6af1d3f46168d7962df5189d26f.png - 200 285561 image/png 80.9805ms
2026-08-15 19:59:32.318 +03:00 [INF] Request finished HTTP/2 GET https://localhost:7242/_vs/browserLink - 200 null text/javascript; charset=UTF-8 54.9222ms
2026-08-15 19:59:36.279 +03:00 [INF] Request starting HTTP/2 GET https://localhost:7242/ - null null
2026-08-15 19:59:36.297 +03:00 [INF] Executing endpoint 'CourseHub.Controllers.HomeController.Index (CourseHub)'
2026-08-15 19:59:36.298 +03:00 [INF] Route matched with {action = "Index", controller = "Home"}. Executing controller action with signature System.Threading.Tasks.Task`1[Microsoft.AspNetCore.Mvc.IActionResult] Index() on controller CourseHub.Controllers.HomeController (CourseHub).
2026-08-15 19:59:36.300 +03:00 [INF] Executed DbCommand (0ms) [Parameters=[], CommandType='"Text"', CommandTimeout='30']
SELECT COUNT(*)
FROM [Courses] AS [c]
2026-08-15 19:59:36.302 +03:00 [INF] Executed DbCommand (1ms) [Parameters=[], CommandType='"Text"', CommandTimeout='30']
SELECT COUNT(*)
FROM [Categories] AS [c]
2026-08-15 19:59:36.304 +03:00 [INF] Executing ViewResult, running view Index.
2026-08-15 19:59:36.305 +03:00 [INF] Executed ViewResult - view Index executed in 1.722ms.
2026-08-15 19:59:36.306 +03:00 [INF] Executed action CourseHub.Controllers.HomeController.Index (CourseHub) in 7.5123ms
2026-08-15 19:59:36.307 +03:00 [INF] Executed endpoint 'CourseHub.Controllers.HomeController.Index (CourseHub)'
2026-08-15 19:59:36.307 +03:00 [INF] Request finished HTTP/2 GET https://localhost:7242/ - 200 null text/html; charset=utf-8 28.8377ms
2026-08-15 19:59:36.348 +03:00 [INF] Request starting HTTP/2 GET https://localhost:7242/_vs/browserLink - null null
2026-08-15 19:59:36.354 +03:00 [INF] Request finished HTTP/2 GET https://localhost:7242/_vs/browserLink - 200 null text/javascript; charset=UTF-8 6.0823ms
2026-08-15 19:59:36.356 +03:00 [INF] Request starting HTTP/2 GET https://localhost:7242/_framework/aspnetcore-browser-refresh.js - null null
2026-08-15 19:59:36.357 +03:00 [INF] Request finished HTTP/2 GET https://localhost:7242/_framework/aspnetcore-browser-refresh.js - 200 14923 application/javascript; charset=utf-8 1.6319ms
2026-08-15 20:00:05.733 +03:00 [INF] Request starting HTTP/2 GET https://localhost:7242/Courses - null null
2026-08-15 20:00:05.737 +03:00 [INF] Executing endpoint 'CourseHub.Controllers.CoursesController.Index (CourseHub)'
2026-08-15 20:00:05.738 +03:00 [INF] Route matched with {action = "Index", controller = "Courses"}. Executing controller action with signature System.Threading.Tasks.Task`1[Microsoft.AspNetCore.Mvc.IActionResult] Index(System.String, System.Nullable`1[System.Int32], Int32) on controller CourseHub.Controllers.CoursesController (CourseHub).
2026-08-15 20:00:05.742 +03:00 [INF] Executed DbCommand (2ms) [Parameters=[], CommandType='"Text"', CommandTimeout='30']
SELECT COUNT(*)
FROM [Courses] AS [c]
2026-08-15 20:00:05.748 +03:00 [INF] Executed DbCommand (4ms) [Parameters=[@p='?' (DbType = Int32), @p1='?' (DbType = Int32)], CommandType='"Text"', CommandTimeout='30']
SELECT [c1].[Id], [c1].[CategoryId], [c1].[CreatedAt], [c1].[Description], [c1].[EnrollmentDeadline], [c1].[ImageUrl], [c1].[InstructorId], [c1].[Price], [c1].[Title], [c0].[Id], [c0].[Name], [a].[Id], [a].[AccessFailedCount], [a].[ConcurrencyStamp], [a].[Email], [a].[EmailConfirmed], [a].[FullName], [a].[LockoutEnabled], [a].[LockoutEnd], [a].[NormalizedEmail], [a].[NormalizedUserName], [a].[PasswordHash], [a].[PhoneNumber], [a].[PhoneNumberConfirmed], [a].[SecurityStamp], [a].[TwoFactorEnabled], [a].[UserName]
FROM (
    SELECT [c].[Id], [c].[CategoryId], [c].[CreatedAt], [c].[Description], [c].[EnrollmentDeadline], [c].[ImageUrl], [c].[InstructorId], [c].[Price], [c].[Title]
    FROM [Courses] AS [c]
    ORDER BY [c].[CreatedAt] DESC
    OFFSET @p ROWS FETCH NEXT @p1 ROWS ONLY
) AS [c1]
INNER JOIN [Categories] AS [c0] ON [c1].[CategoryId] = [c0].[Id]
INNER JOIN [AspNetUsers] AS [a] ON [c1].[InstructorId] = [a].[Id]
ORDER BY [c1].[CreatedAt] DESC
2026-08-15 20:00:05.751 +03:00 [INF] Executed DbCommand (1ms) [Parameters=[], CommandType='"Text"', CommandTimeout='30']
SELECT [c].[Id], [c].[Name]
FROM [Categories] AS [c]
ORDER BY [c].[Name]
2026-08-15 20:00:05.753 +03:00 [INF] Executing ViewResult, running view Index.
2026-08-15 20:00:05.755 +03:00 [INF] Executed ViewResult - view Index executed in 2.0902ms.
2026-08-15 20:00:05.755 +03:00 [INF] Executed action CourseHub.Controllers.CoursesController.Index (CourseHub) in 16.844ms
2026-08-15 20:00:05.756 +03:00 [INF] Executed endpoint 'CourseHub.Controllers.CoursesController.Index (CourseHub)'
2026-08-15 20:00:05.757 +03:00 [INF] Request finished HTTP/2 GET https://localhost:7242/Courses - 200 null text/html; charset=utf-8 24.1582ms
2026-08-15 20:00:05.790 +03:00 [INF] Request starting HTTP/2 GET https://localhost:7242/css/site.css?v=o7h2qK1XXLZpSeK0I4kOh41-26tvRkYihedmTN8SWDY - null null
2026-08-15 20:00:05.791 +03:00 [INF] Request starting HTTP/2 GET https://localhost:7242/_framework/aspnetcore-browser-refresh.js - null null
2026-08-15 20:00:05.791 +03:00 [INF] Request starting HTTP/2 GET https://localhost:7242/_vs/browserLink - null null
2026-08-15 20:00:05.794 +03:00 [INF] Request finished HTTP/2 GET https://localhost:7242/_framework/aspnetcore-browser-refresh.js - 200 14923 application/javascript; charset=utf-8 3.6022ms
2026-08-15 20:00:05.792 +03:00 [INF] The file /css/site.css was not modified
2026-08-15 20:00:05.799 +03:00 [INF] Request finished HTTP/2 GET https://localhost:7242/css/site.css?v=o7h2qK1XXLZpSeK0I4kOh41-26tvRkYihedmTN8SWDY - 304 null text/css 8.5956ms
2026-08-15 20:00:05.801 +03:00 [INF] Request finished HTTP/2 GET https://localhost:7242/_vs/browserLink - 200 null text/javascript; charset=UTF-8 9.642ms
2026-08-15 20:00:21.372 +03:00 [INF] Request starting HTTP/2 GET https://localhost:7242/ - null null
2026-08-15 20:00:21.375 +03:00 [INF] Executing endpoint 'CourseHub.Controllers.HomeController.Index (CourseHub)'
2026-08-15 20:00:21.376 +03:00 [INF] Route matched with {action = "Index", controller = "Home"}. Executing controller action with signature System.Threading.Tasks.Task`1[Microsoft.AspNetCore.Mvc.IActionResult] Index() on controller CourseHub.Controllers.HomeController (CourseHub).
2026-08-15 20:00:21.378 +03:00 [INF] Executed DbCommand (0ms) [Parameters=[], CommandType='"Text"', CommandTimeout='30']
SELECT COUNT(*)
FROM [Courses] AS [c]
2026-08-15 20:00:21.381 +03:00 [INF] Executed DbCommand (1ms) [Parameters=[], CommandType='"Text"', CommandTimeout='30']
SELECT COUNT(*)
FROM [Categories] AS [c]
2026-08-15 20:00:21.382 +03:00 [INF] Executing ViewResult, running view Index.
2026-08-15 20:00:21.384 +03:00 [INF] Executed ViewResult - view Index executed in 1.8483ms.
2026-08-15 20:00:21.385 +03:00 [INF] Executed action CourseHub.Controllers.HomeController.Index (CourseHub) in 8.06ms
2026-08-15 20:00:21.386 +03:00 [INF] Executed endpoint 'CourseHub.Controllers.HomeController.Index (CourseHub)'
2026-08-15 20:00:21.387 +03:00 [INF] Request finished HTTP/2 GET https://localhost:7242/ - 200 null text/html; charset=utf-8 15.3747ms
2026-08-15 20:00:21.422 +03:00 [INF] Request starting HTTP/2 GET https://localhost:7242/_vs/browserLink - null null
2026-08-15 20:00:21.422 +03:00 [INF] Request starting HTTP/2 GET https://localhost:7242/_framework/aspnetcore-browser-refresh.js - null null
2026-08-15 20:00:21.425 +03:00 [INF] Request finished HTTP/2 GET https://localhost:7242/_framework/aspnetcore-browser-refresh.js - 200 14923 application/javascript; charset=utf-8 3.6689ms
2026-08-15 20:00:21.427 +03:00 [INF] Request finished HTTP/2 GET https://localhost:7242/_vs/browserLink - 200 null text/javascript; charset=UTF-8 5.1181ms
2026-08-15 20:00:55.809 +03:00 [INF] Starting CourseHub application...
2026-08-15 20:00:56.252 +03:00 [INF] User profile is available. Using 'C:\Users\ayman\AppData\Local\ASP.NET\DataProtection-Keys' as key repository and Windows DPAPI to encrypt keys at rest.
2026-08-15 20:00:56.727 +03:00 [WRN] No store type was specified for the decimal property 'Price' on entity type 'Course'. This will cause values to be silently truncated if they do not fit in the default precision and scale. Explicitly specify the SQL server column type that can accommodate all the values in 'OnModelCreating' using 'HasColumnType', specify precision and scale using 'HasPrecision', or configure a value converter using 'HasConversion'.
2026-08-15 20:00:57.299 +03:00 [INF] Executed DbCommand (44ms) [Parameters=[@normalizedName='?' (Size = 256)], CommandType='"Text"', CommandTimeout='30']
SELECT TOP(1) [a].[Id], [a].[ConcurrencyStamp], [a].[Name], [a].[NormalizedName]
FROM [AspNetRoles] AS [a]
WHERE [a].[NormalizedName] = @normalizedName
2026-08-15 20:00:57.374 +03:00 [INF] Executed DbCommand (1ms) [Parameters=[@normalizedName='?' (Size = 256)], CommandType='"Text"', CommandTimeout='30']
SELECT TOP(1) [a].[Id], [a].[ConcurrencyStamp], [a].[Name], [a].[NormalizedName]
FROM [AspNetRoles] AS [a]
WHERE [a].[NormalizedName] = @normalizedName
2026-08-15 20:00:57.376 +03:00 [INF] Executed DbCommand (0ms) [Parameters=[@normalizedName='?' (Size = 256)], CommandType='"Text"', CommandTimeout='30']
SELECT TOP(1) [a].[Id], [a].[ConcurrencyStamp], [a].[Name], [a].[NormalizedName]
FROM [AspNetRoles] AS [a]
WHERE [a].[NormalizedName] = @normalizedName
2026-08-15 20:00:57.388 +03:00 [INF] Executed DbCommand (3ms) [Parameters=[@normalizedEmail='?' (Size = 256)], CommandType='"Text"', CommandTimeout='30']
SELECT TOP(2) [a].[Id], [a].[AccessFailedCount], [a].[ConcurrencyStamp], [a].[Email], [a].[EmailConfirmed], [a].[FullName], [a].[LockoutEnabled], [a].[LockoutEnd], [a].[NormalizedEmail], [a].[NormalizedUserName], [a].[PasswordHash], [a].[PhoneNumber], [a].[PhoneNumberConfirmed], [a].[SecurityStamp], [a].[TwoFactorEnabled], [a].[UserName]
FROM [AspNetUsers] AS [a]
WHERE [a].[NormalizedEmail] = @normalizedEmail
2026-08-15 20:00:57.422 +03:00 [INF] CourseHub application started successfully.
2026-08-15 20:00:57.610 +03:00 [INF] Now listening on: https://localhost:7242
2026-08-15 20:00:57.611 +03:00 [INF] Now listening on: http://localhost:5164
2026-08-15 20:00:57.654 +03:00 [INF] Application started. Press Ctrl+C to shut down.
2026-08-15 20:00:57.655 +03:00 [INF] Hosting environment: Development
2026-08-15 20:00:57.656 +03:00 [INF] Content root path: D:\Real Projects\Mvc Projects\CourseHub\CourseHub
2026-08-15 20:01:00.486 +03:00 [INF] Request starting HTTP/2 GET https://localhost:7242/ - null null
2026-08-15 20:01:00.598 +03:00 [INF] Executing endpoint 'CourseHub.Controllers.HomeController.Index (CourseHub)'
2026-08-15 20:01:00.611 +03:00 [INF] Route matched with {action = "Index", controller = "Home"}. Executing controller action with signature System.Threading.Tasks.Task`1[Microsoft.AspNetCore.Mvc.IActionResult] Index() on controller CourseHub.Controllers.HomeController (CourseHub).
2026-08-15 20:01:00.703 +03:00 [INF] Executed DbCommand (8ms) [Parameters=[], CommandType='"Text"', CommandTimeout='30']
SELECT COUNT(*)
FROM [Courses] AS [c]
2026-08-15 20:01:00.711 +03:00 [INF] Executed DbCommand (1ms) [Parameters=[], CommandType='"Text"', CommandTimeout='30']
SELECT COUNT(*)
FROM [Categories] AS [c]
2026-08-15 20:01:00.746 +03:00 [INF] Executing ViewResult, running view Index.
2026-08-15 20:01:00.843 +03:00 [INF] Executed ViewResult - view Index executed in 96.8428ms.
2026-08-15 20:01:00.847 +03:00 [INF] Executed action CourseHub.Controllers.HomeController.Index (CourseHub) in 234.0536ms
2026-08-15 20:01:00.849 +03:00 [INF] Executed endpoint 'CourseHub.Controllers.HomeController.Index (CourseHub)'
2026-08-15 20:01:00.861 +03:00 [INF] Request finished HTTP/2 GET https://localhost:7242/ - 200 null text/html; charset=utf-8 379.5357ms
2026-08-15 20:01:00.865 +03:00 [INF] Request starting HTTP/2 GET https://localhost:7242/css/site.css?v=o7h2qK1XXLZpSeK0I4kOh41-26tvRkYihedmTN8SWDY - null null
2026-08-15 20:01:00.872 +03:00 [INF] The file /css/site.css was not modified
2026-08-15 20:01:00.872 +03:00 [INF] Request starting HTTP/2 GET https://localhost:7242/_framework/aspnetcore-browser-refresh.js - null null
2026-08-15 20:01:00.874 +03:00 [INF] Request finished HTTP/2 GET https://localhost:7242/css/site.css?v=o7h2qK1XXLZpSeK0I4kOh41-26tvRkYihedmTN8SWDY - 304 null text/css 8.769ms
2026-08-15 20:01:00.876 +03:00 [INF] Request starting HTTP/2 GET https://localhost:7242/_vs/browserLink - null null
2026-08-15 20:01:00.880 +03:00 [INF] Request finished HTTP/2 GET https://localhost:7242/_framework/aspnetcore-browser-refresh.js - 200 14923 application/javascript; charset=utf-8 7.0777ms
2026-08-15 20:01:00.913 +03:00 [INF] Request finished HTTP/2 GET https://localhost:7242/_vs/browserLink - 200 null text/javascript; charset=UTF-8 37.3106ms
